aut_principal,pseudo,viaf,titulo,Lengua fuente,Lengua,ISBN,Ciudad de publicación,Ente editor,Año de publicación,Traductor/a,Observaciones
No hay datos,No hay datos,http://viaf.org/viaf/17286022,La canción de Rolando / estudio y análisis por Edmundo Faral,fre,Francés,No hay datos,Montevideo,No hay datos,1934,No hay datos,"Es manual de estudio./ Sin fecha ni ente editor./ Se añadió datación estimada: 1934. El año estimado refiere a la fecha de publicación posible más temprana, ya que 1934 es la fecha de publicación del texto fuente. "
"Dostoevskii, Feder","Dostoyevsky, Fyodor",http://viaf.org/viaf/104023256,En la aldea de Stopantichikovo : comedia en 3 actos basada en la novela de Feodor M. Dostoyevsky / adaptación teatral de Washington Lockart,rus,Ruso,No hay datos,No hay datos,No hay datos,1952,No hay datos,"Sin fecha ni ente editor./ Se añadió datación estimada: 1952. El año estimado refiere a la fecha de publicación posible más temprana, ya que esta obra de teatro fue estrenada en el Glücksman Palace, Mercedes, el 27 de junio de 1952. (Fuente: Anáforas).
"
"Hamsun, Knut",No hay datos,http://viaf.org/viaf/59083692,Hambre : novela / traducción de Alberto de Flos,nor,Noruego,No hay datos,Montevideo,Editorial Artigas,1920,"De Flos, Alberto","Se añadió datación estimada: 1920. El año estimado refiere a la fecha de publicación posible más temprana, ya que en la portada de la obra se señala el Premio Nobel del autor, 1920. "
"Hamsun, Knut",No hay datos,http://viaf.org/viaf/59083692,La reina de Saba,nor,Noruego,No hay datos,Montevideo,Editorial Artigas,1920,No hay datos,"Se añadió datación estimada: 1920. El año estimado refiere a la fecha de publicación posible más temprana, ya que esta editorial al parecer publica varias obras de Hamsun comenzando en ese año. (Fuente: Martínez Børresen, Z. (2012). Knut Hamsun en Hispanoamérica: hacia una revaloración Literatura  mexicana, 23 (2)."
"Ibsen, Henrik",No hay datos,http://viaf.org/viaf/71378383,Brand (Fuego),nor,Noruego,No hay datos,Montevideo,La Casa del Estudiante,1950,No hay datos,"Es manual de estudio./ Se añadió datación estimada: 1950. El año estimado refiere a la fecha de publicación posible más temprana, ya que 1950 es la fecha en la que aparece en este relevamiento un primer texto en traducción publicado por esta editorial, Casa del Estudiante "
"Jouhanneaud, Pablo",No hay datos,http://viaf.org/viaf/244870177,Angela y su hijo ó El poder de la cruz / por el abate Pablo Jouhanneaud canónigo,fre,Francés,No hay datos,Montevideo,Imprenta Liberal,1871,No hay datos,No hay datos
"Bresciani, Antonio",No hay datos,http://viaf.org/viaf/9837565,"El hebreo de Verona : novela histórica que comprende la revolución de Italia desde 1846 hasta 1849, en que se descubren los misterios de las sociedades secretas, su organización y su influencia en los sacudimientos y revoluciones de las naciones de Europa / escrita en italiano por el P. Antonio Bresciani : traducida y continuada por D. Pedro Reinés y Solá",ita,Italiano,No hay datos,Montevideo,Imprenta de El Mensajero del Pueblo,1872,"Reinés y Solá, D. Pedro",Se añadió dato traductor. Fuente: BN campo Título. 
"Bray, Mrs. Mary (Matthews)","Bray, Mary Matthews",http://viaf.org/viaf/8641164479573526210009,La estrella del mar / traducida.por las señoritas J. y P.,eng,Inglés,No hay datos,Montevideo,Imprenta de El Mensajero del Pueblo,1873,Señoritas J. y P,"Publicada por entregas en El Mensajero del Pueblo a partir del núm. 215, 17.7.1873. Fuente: Anáforas./ Se añadió dato traductor. Fuente: BN campo Título.
"
"Schmid, Christoph von",No hay datos,http://viaf.org/viaf/7524803,El rosal / por Cristóbal Schmid : traducido del francés por Joaquín Marti,ger,Alemán,No hay datos,Montevideo,Imprenta de El Mensajero del Pueblo,1873,"Martí, Joaquín",Se rectificó lengua fuente de francés a alemán. Es una traducción indirecta a través del francés./ Se añadió dato traductor. Fuente: BN campo Título.
"Wiseman, Nicholas Patrick-Stephen",No hay datos,http://viaf.org/viaf/71399207,La lámpara del santuario / por el Cardenal Wiseman : traducido para la Estrella de Chile por Máximo R. Lira,eng,Inglés,No hay datos,Montevideo,Imprenta de El Mensajero del Pueblo,1873,"Lira, Máximo R.",Se añadió dato traductor. Fuente: BN campo Título.
"Bourdon, Mme. Mathilde (Lippens)","Bourdon, Mathilde",http://viaf.org/viaf/24633634,La granja de los cedros...,fre,Francés,No hay datos,Montevideo,Imprenta de El Mensajero del Pueblo,1875,No hay datos,No hay datos
"Lemercier, Adrien",No hay datos,http://viaf.org/viaf/44112760,Iona... / traducida de la décima ed. francesa por J.R.,fre,Francés,No hay datos,Montevideo,Imprenta de El Mensajero del Pueblo,1874,J.R.,Se añadió dato traductor. Fuente: BN campo Título.
"Marquigny, Eugenio",No hay datos,http://viaf.org/viaf/28145911001127061348,La Condesa de Adelstan...,fre,Francés,No hay datos,Montevideo,Imprenta de El Mensajero del Pueblo,1874,No hay datos,No hay datos
"Bourdon, Mme. Mathilde (Lippens)","Bourdon, Mathilde",http://viaf.org/viaf/27102015,La granja de los cedros...,fre,Francés,No hay datos,Montevideo,Imprenta de El Mensajero del Pueblo,1875,No hay datos,Publicado como folletín en El Mensajero del Pueblo. Fuente: Anáforas. 
"Dupanloup, Félix Antoine Philibert, Obispo de Orleans",No hay datos,http://viaf.org/viaf/27102015,Mujeres sabias y mujeres estudiosas / por Monseñor Dupanloup ; tr. del francés para El Mensajero del Pueblo.,fre,Francés,No hay datos,Montevideo,Imprenta de El Mensajero del Pueblo,1875,No hay datos,No hay datos
"Barrili, Anton Giulio",No hay datos,http://viaf.org/viaf/46754144,La hiedra y el olmo : traducción del francés para El mensajero del pueblo,ita ,Italiano ,No hay datos,Montevideo,Imprenta de El Mensajero del Pueblo,1875,No hay datos,Se rectificó lengua fuente de francés a italiano. Es una traducción indirecta a través del francés.
"Bourdon, Mme. Mathilde (Lippens)","Bourdon, Mathilde",http://viaf.org/viaf/24633634,"Valeria o los primeros cristianos: novela histórica / por Matilde Fromont; tr. Del frances para El Mensajero del Pueblo,fre, 1875, Montevideo : Tip. de El Mensajero, 1875",fre,Francés,No hay datos,Montevideo,Imprenta de El Mensajero del Pueblo,1875,No hay datos,No hay datos
No hay datos,No hay datos,No hay datos,La herencia de Francisca / traducida para El Mensajero del Pueblo por S. y D.,No hay datos,No hay datos,No hay datos,Montevideo,Imprenta de El Mensajero del Pueblo,1875,S y D,Se añadió dato traductor. Fuente: BN campo Título.
"Bourdon, Mme. Mathilde (Lippens)","Bourdon, Mathilde",http://viaf.org/viaf/24633634,Las apariencias y la realidad.folletín...,fre,Francés,No hay datos,Montevideo,Imprenta de El Mensajero del Pueblo,1876,No hay datos,No hay datos
"Bourdon, Mme. Mathilde (Lippens)","Bourdon, Mathilde",http://viaf.org/viaf/24633634,La mujer de un oficial / por Madama Matilde Bourdon; tr. expresamente por el Mensajero del Pueblo,fre,Francés,No hay datos,Montevideo,Imprenta de El Mensajero del Pueblo,1876,No hay datos,Se añadió ente editor. Fuente: BN campo Título.
"Bourdon, Mme. Mathilde (Lippens)","Bourdon, Mathilde",http://viaf.org/viaf/24633634,"Las tres hermanas, escenas de familia... / traducido por la señorita. A. V.",fre,Francés,No hay datos,Montevideo,Imprenta de El Mensajero del Pueblo,1876,Señorita. A. V.,Se añadió dato traductor. Fuente: BN campo Título.
"Ghislanzoni, Antonio",No hay datos,http://viaf.org/viaf/68948123,Salvador Rosa : drama lírico en 4 actos,ita,Italiano,No hay datos,Montevideo,La Idea,1876,No hay datos,No hay datos
"Bourdon, Mme. Mathilde (Lippens)","Bourdon, Mathilde",http://viaf.org/viaf/24633634,Dionisia,fre,Francés,No hay datos,Montevideo,Imprenta de El Mensajero del Pueblo,1877,No hay datos,No hay datos
Paulina de la Ferronays,No hay datos,http://viaf.org/viaf/41831266,Relato de una hermana: recuerdos de familia / recolectados por Mme. Augustus Craven (Paulina de la Ferronays),fre,Francés,No hay datos,Montevideo,Tipografía de El Bien Público,1880,No hay datos,Se añadió dato autor. Fuente: BN campo Título.
"Shakespeare, William",No hay datos,http://viaf.org/viaf/96994048,Ofelia : escenas líricas extractadas del Hamlet de Shakespeare / música de Carmelo Calvo,eng,Inglés,No hay datos,Montevideo,Tipografía de El Bien Público,1880,No hay datos,No hay datos
"Montépin, Xavier de",No hay datos,http://viaf.org/viaf/87953024,El coche número trece,fre,Francés,No hay datos,Montevideo,Imprenta a vapor de La Colonia española,1881,No hay datos,No hay datos
"Sandeau, Léonard Sylvain Julien (Jules)",No hay datos,http://viaf.org/viaf/56616138,Valentía,fre,Francés,No hay datos,Montevideo,Tipografía de El Bien Público,1882,No hay datos,No hay datos
"Conscience, Hendrik",No hay datos,http://viaf.org/viaf/46807576,El hidalgo pobre. traducido por J. F. Saenz de Urraca,dut,Neerlandés,No hay datos,Montevideo,Imprenta a vapor de La España,1886,"Sáenz de Urraca, J. F.",Se rectificó lengua fuente de francés a neerlandés. Sería una traducción indirecta a través del francés./ Se añadió dato traductor. Fuente: BN campo Título.
"Erckmann-Chatrian, seud.","Erckmann, Émile|Chatrian, Alexandre",http://viaf.org/viaf/14939099,Los dos hermanos / por /H/Erckmann-Chatrian : traducción de Luis Calvo,fre,Francés,No hay datos,Montevideo,Imprenta a vapor de La España,1886,"Calvo, Luis",Se añadió dato traductor. Fuente: BN campo Título.
"Fargus, Frederick John",No hay datos,http://viaf.org/viaf/59148116,Misterio.traducida por José Marti,eng,Inglés,No hay datos,Montevideo,Imprenta a vapor de La España,1886,"Martí, José",Se añadió dato traductor. Fuente: BN campo Título.
"Gautier, Théophile",No hay datos,http://viaf.org/viaf/96428598,Fortunio / novelas de Teófilo Gautier,fre,Francés,No hay datos,Montevideo,Imprenta a vapor de La España,1886,No hay datos,No hay datos
"Gréville, Henry, seud. de Alice (Fleury) Durand","Durand, Alice Marie Céleste Fleury",http://viaf.org/viaf/49258322,Dosia / novela escrita en francés por Henry Gréville : tr. de J.F. Saenz de Urraca,fre,Francés,No hay datos,Montevideo,Imprenta a vapor de La España,1886,"Sáenz de Urraca, J. F.",Se añadió dato traductor. Fuente: BN campo Título.
"Montépin, Xavier de",No hay datos,http://viaf.org/viaf/87953024,La sirena / Xavier de Montépin; tr. De Teodoro de la P. y Belmonte,fre,Francés,No hay datos,Montevideo,Imprenta a vapor de La España,1886,"De la P. y Belmonte, Teodoro",Se añadió dato traductor. Fuente: BN campo Título.
"Moret, Eugene",No hay datos,http://viaf.org/viaf/76558078,El purgatorio de las mujeres,fre,Francés,No hay datos,Montevideo,Imprenta a vapor de La España,1886,No hay datos,No hay datos
"Ohnet, Georges",No hay datos,http://viaf.org/viaf/66497284,Lise Fleuron... / traducida por José de Olave,fre,Francés,No hay datos,Montevideo,Imprenta a vapor de La España,1886,"De Olave, José",Se añadió dato traductor. Fuente: BN campo Título.
"Voltaire, Francois Marie Arouet de","Arouet, François-Marie",http://viaf.org/viaf/36925746,El Emperador de la China y Fray Rigolet,fre,Francés,No hay datos,Montevideo,Lito-Tipografía Pro-Patria,1886,No hay datos,No hay datos
"Arnould, Arthur",No hay datos, http://viaf.org/viaf/39372992,El gabinete color de rosa; traducción de Enrique Pastor y Bedoya,fre,Francés,No hay datos,Montevideo,Imprenta a vapor de La España,1887,"Pastor y Bedoya, Enrique",Se añadió dato traductor. Fuente: BN campo Título.
"Arnould, Arthur",No hay datos, http://viaf.org/viaf/39372992,Quién es ella? : Cherchez la femme / Arthur Arnould i.e Arthur A. Matthey ; traducción de Enrique Pastor y Bedoya,fre,Francés,No hay datos,Montevideo,Imprenta a vapor de La España,1887,"Pastor y Bedoya, Enrique",Se añadió dato traductor. Fuente: BN campo Título.
"Dumas, Alexandre",No hay datos,http://viaf.org/viaf/51688902,La hija del rejente / traducida por J. Alegrer de Meso,fre,Francés,No hay datos,Montevideo,Imprenta a vapor de La España,1887,"Alegrer de Meso, J.",Se añadió dato traductor. Fuente: BN campo Título.
"Gaboriau, Emile",No hay datos,http://viaf.org/viaf/100177491,El dinero de los otros; versión castellana de C. Vidal,fre,Francés,No hay datos,Montevideo,Imprenta a vapor de La España,1887,"Vidal, C.",Se añadió dato traductor. Fuente: BN campo Título.
"Gaboriau, Emile",No hay datos,http://viaf.org/viaf/100177491,Los hombres de paja; versión española de Ángel Luque,fre,Francés,No hay datos,Montevideo,Imprenta a vapor de La España,1887,"Luque, Ángel",Se añadió dato traductor. Fuente: BN campo Título.
"Ohnet, Georges",No hay datos,http://viaf.org/viaf/66497284,Negro y rosado...traducción de J. Federico Sáenz de Urraca,fre,Francés,No hay datos,Montevideo,Imprenta a vapor de La España,1887,"Sáenz de Urraca, J. F.",Se añadió dato traductor. Fuente: BN campo “Título”.
"Conscience, Hendrik",No hay datos,http://viaf.org/viaf/46807576,La plaga de la aldea... / traducción de J.F. Saenz de Urraca,dut,Neerlandés,No hay datos,Montevideo,Imprenta a vapor de La España,1888,"Sáenz de Urraca, J. F.",Se rectificó lengua fuente de francés a neerlandés. Sería una traducción indirecta a través del francés./ Se añadió dato traductor. Fuente: BN campo Título.
"Feuillet, Octave",No hay datos,http://viaf.org/viaf/68928998,La muerta,fre,Francés,No hay datos,Montevideo,Imprenta a vapor de La España,1888,No hay datos,No hay datos
"Houssaye, Arsene, seud.","Housset, Arsène",http://viaf.org/viaf/51690988,"La comedianta, historia de una estrella",fre,Francés,No hay datos,Montevideo,Imprenta a vapor de La España,1888,No hay datos,No hay datos
"Montépin, Xavier de",No hay datos,http://viaf.org/viaf/87953024,Una nueva bailarina / Javier de Montepin : tr. del francés de D. Enrique Pastor y Bedoya,fre,Francés,No hay datos,Montevideo,Imprenta a vapor de La España,1888,"Pastor y Bedoya, Enrique",Se añadió dato traductor. Fuente: BN campo Título.
"Ponson du Terrail, Pierre Alexis, cvicomte de",No hay datos,http://viaf.org/viaf/17228199,Las noches del barrio de Breda / Ponson du Terrail : tr. de G. Oduaga Zolarde : / introducción por Julieta /,fre,Francés,No hay datos,Montevideo,Imprenta a vapor de La España,1888,"Oduaga Zolarde, G.",Se añadió dato traductor. Fuente: BN campo Título.
"Wiseman, Nicholas Patrick Stephen, cardenal",No hay datos,http://viaf.org/viaf/71399207,"La venganza de un judío: novela recomendada por el inminetismo cardenal Wiseman autor de la Fabiola, original de C. Guenot; vertida del francés al español por Rafael Palet y Terra",eng,Inglés,No hay datos,Montevideo,Tipografía Uruguaya,1888,"Palet y Terra, Rafael",Se añadió dato traductor. Fuente: BN campo Título.
"Flaubert, Gustave",No hay datos,http://viaf.org/viaf/9846192,Salammbó: versión castellana de Antonio Mora,fre,Francés,No hay datos,Montevideo,Imprenta a vapor de La España,1889,"Mora, Antonio",Se añadió dato traductor. Fuente: BN campo Título.
"Gautier, Théophile",No hay datos,http://viaf.org/viaf/96428598,Novelas cortas; traducción de Un aprendiz de estilista,fre,Francés,No hay datos,Montevideo,Imprenta de La correspondencia,1889,No hay datos,No hay datos
"Hugo, Víctor",No hay datos,http://viaf.org/viaf/9847974,"Noventa y tres, novela histórica original / traducida por D.N. Fernández Cuesta",fre,Francés,No hay datos,Montevideo,Establecimiento tipográfico a vapor de El Liberal,1889,"Fernández Cuesta, D. N.",Se añadió dato traductor. Fuente: BN campo Título.
"O'rell, Max",No hay datos,http://viaf.org/viaf/44673742,John Bull y su isla : costumbres inglesas contemporáneas,fre,Francés,No hay datos,Montevideo,Imprenta a vapor de El Siglo,1889,No hay datos,No hay datos
"About, Edmond Francois Valentín",No hay datos,http://viaf.org/viaf/34452092,A orillas del Nilo / Edmundo About,fre,Francés,No hay datos,Montevideo|Buenos Aires,Librerías de Real y Prado,1880,No hay datos,"La datación es estimada. Corresponde a la década./ Se añadió dato traductor. Fuente: Archivo Histórico Municipal (Castellón de la Plana, España).
"
"Hugo, Víctor",No hay datos,http://viaf.org/viaf/9847974,El año terrible / Víctor Hugo; tr. de Mariano Blanch,fre,Francés,No hay datos,Montevideo,Imprenta a vapor de La España,1890,"Blanch, Mariano",Se añadió dato traductor. Fuente: BN campo Título.
"Shakespeare, William",No hay datos,http://viaf.org/viaf/96994048,Romeo y Julieta : drama en cinco actos / por Shakespeare : traducido y arreglado al teatro español por Un Aficionado /i.e. Antonio N. Pereira/,eng,Inglés,No hay datos,Montevideo,Imprenta El Siglo Ilustrado,1891,"Pereira, Antonio N.",Se añadió dato traductor. Fuente: BN campo Título y Valor.
"Gaboriau, Emile",No hay datos,http://viaf.org/viaf/100177491,Los esclavos de Paris (Los delatores) Versión castellana de doña Joaquina García Balmaceda,fre,Francés,No hay datos,Montevideo,Imprenta a vapor de Montevideo Noticioso,1891,"García Balmaceda, Joaquina",Se añadió dato traductor. Fuente: BN campo Título.
"Grousset, Paschal","Laurie, André",http://viaf.org/viaf/44301368,Rey del petróleo / novela escrita en francés por A. Laurie /seud: de Paschal Grousset/ y traducida expresamente al español,fre,Francés,No hay datos,Montevideo,Imprenta a vapor de Montevideo Noticioso,1891,No hay datos,No hay datos
"Mairet, Jeanne","Bigot, Marie Healy",https://viaf.org/viaf/49319678/,Cargo de conciencia / Jeanne Mairet,fre,Francés,No hay datos,Montevideo,Imprenta a vapor de El Siglo,1892,No hay datos,No hay datos
"Bigot, Marie (Healy) Mme. Charles Bigot","Mairet, Jeanne|Bigot, Marie Healy",http://viaf.org/viaf/49319678,Cargo de conciencia,fre,Francés,No hay datos,Montevideo,Imprenta a vapor de El Siglo,1892,No hay datos,No hay datos
"Shakespeare, William",No hay datos,http://viaf.org/viaf/96994048,Hamlet : tragedia en cinco actos / por Shakespeare ; traducida y arreglada al español por Un Aficionado /i.e. Antonio N. Pereira/,eng,Inglés,No hay datos,Montevideo,Imprenta El Siglo Ilustrado,1892,"Pereira, Antonio N.",Se añadió dato traductor. Fuente: BN campo Título y Valor.
"Shakespeare, William",No hay datos,http://viaf.org/viaf/96994048,"Julio César : drama / por Shakespeare ; traducido y arreglado al teatro español por Antonio, N. Pereira",eng,Inglés,No hay datos,Montevideo,Imprenta El Siglo Ilustrado,1892,"Pereira, Antonio N.",Se añadió dato traductor. Fuente: BN campo Título y Valor.
"Cherville, C de",No hay datos,No hay datos,Lafes,fre,Francés,No hay datos,Montevideo,No hay datos,1892,No hay datos,No hay datos
"Delmas, León René","Pont-Jest, René de",http://viaf.org/viaf/64010546,El divorcio : novela / René de Pont Jest [seud.] ; traducida por Julio Cantera,fre,Francés,No hay datos,Montevideo,Imprenta a vapor de La España,1892,"Cantera, Julio ",Se añadió dato traductor. Fuente: BN campo Título.
"Lapauze, Jeanne (Loiseau)",No hay datos,http://viaf.org/viaf/39520913,Pasión eslava / traducida por A. M. G.,fre,Francés,No hay datos,Montevideo,Imprenta a vapor de El Siglo,1892,A. M. G.,Se añadió dato traductor. Fuente: BN campo Título.
"Ohnet, Georges",No hay datos,http://viaf.org/viaf/66497284,Nemrod y Ca.,fre,Francés,No hay datos,Montevideo,No hay datos,1892,No hay datos,Se rectificó dato autor. Fuente: VIAF.
"Ponson du Terrail, Pierre Alexis, vicomte de",No hay datos,http://viaf.org/viaf/17228199,El paje del duque de Orleans : historia del siglo de Luis XIV... / traducción de J.F. Sáenz de Urraca,fre,Francés,No hay datos,Montevideo,Imprenta a vapor de La España,1892,"Sáenz de Urraca, J. F.",Se añadió dato traductor. Fuente: BN campo Título.
Zola Emile,No hay datos,http://viaf.org/viaf/32004502,El desastre (La debacle),fre,Francés,No hay datos,Montevideo,Imprenta a vapor de La España,1892,No hay datos,No hay datos
"Theuriet, André",No hay datos,http://viaf.org/viaf/14777319,Encanto peligroso...,fre,Francés,No hay datos,Montevideo,Imprenta a vapor de El Siglo,1892,No hay datos,No hay datos
"Blandy, seud.","Blandy, Stella",http://viaf.org/viaf/39410255,La Benjamina / Blandy : obra traducida expresamente para El Siglo,fre,Francés,No hay datos,Montevideo,El Siglo,1892,No hay datos,No hay datos
"Belot, Adolphe",No hay datos,http://viaf.org/viaf/59078772,Buen amigo / Adolfo Belot ; versión castellana por Ángel del Palacio,fre,Francés,No hay datos,Montevideo,Imprenta a vapor de La España,1893,"Del Palacio, Ángel",Se añadió dato traductor. Fuente: BN campo Título.
"Coppée, Francois",No hay datos,http://viaf.org/viaf/46759181,Un idilio durante el sitio,fre,Francés,No hay datos,Montevideo,Imprenta a vapor de La España,1893,No hay datos,Se rectificó dato autor. Fuente: VIAF.
"Fargus, Frederick John",No hay datos,http://viaf.org/viaf/59148116,Confusion /Hugh Conway/ i.e. Frederick John Fargus/,eng,Inglés,No hay datos,Montevideo,Imprenta a vapor de El Siglo,1893,No hay datos,No hay datos
"Foley, Charles",No hay datos,http://viaf.org/viaf/14797279,Mis Bell / por Carlos Foley,fre,Francés,No hay datos,Montevideo,Imprenta a vapor de El Siglo,1893,No hay datos,No hay datos
"Reynolds, George William Mac Artur",No hay datos,http://viaf.org/viaf/72764995,Los misterios de la corte de Londres...,eng,Inglés,No hay datos,Montevideo,Imprenta de La Tribuna popular,1893,No hay datos,No hay datos
"Dumas, Alexandre",No hay datos,http://viaf.org/viaf/51688902,Montevideo ó Una nueva Troya / escrita en francés por Alejandro Dumas ; versión española por Andrés Muñoz Anaya,fre,Francés,No hay datos,Montevideo,Imprenta y Librería del Plata,1893,"Muñoz Anaya, Andrés",Se añadió dato traductor. Fuente: BN campo Título.
"Achard, Louis Amédée Eugene",No hay datos,http://viaf.org/viaf/22137477,Miserias de un millonario / Por M. Amadeo Achard,fre,Francés,No hay datos,Montevideo,Imprenta a vapor de La Popular,1894,No hay datos,No hay datos
"Doncroix, G.H","Lordon, Paul",http://viaf.org/viaf/27153706,Amante y asesino : novela original... / traducida del francés por Ángel R. Chaves,fre,Francés,No hay datos,Montevideo,Imprenta a vapor de El Siglo,1894,"Chaves, Ángel R.","Se añadió dato traductor. Fuente: BN campo Título./ Se ha establecido que el nombre Doncroix, G.H. es un seudónimo de Paul Lordon, por lo que se integra la ficha VIAF de este autor."
"Merouvel, Charles",No hay datos,http://viaf.org/viaf/4933665,Los hijos del crimen,fre,Francés,No hay datos,Montevideo,Imprenta a vapor de La España,1894,No hay datos,No hay datos
"Merouvel, Charles",No hay datos,http://viaf.org/viaf/4933665,El honor o la vida,fre,Francés,No hay datos,Montevideo,Imprenta a vapor de La España,1894,No hay datos,No hay datos
"Merouvel, Charles",No hay datos,http://viaf.org/viaf/4933665,Odio y amor,fre,Francés,No hay datos,Montevideo,Imprenta a vapor de La España,1894,No hay datos,No hay datos
"Montépin, Xavier de",No hay datos,http://viaf.org/viaf/87953024,Los dramas de la espada...,fre,Francés,No hay datos,Montevideo,Imprenta de La Tribuna popular,1894,No hay datos,No hay datos
"Ohnet, Georges",No hay datos,http://viaf.org/viaf/66497284,Deuda de odio,fre,Francés,No hay datos,Montevideo,Imprenta a vapor de La España,1894,No hay datos,No hay datos
"Shakespeare, William",No hay datos,http://viaf.org/viaf/96994048,El rey Lear : drama en cinco actos / de Shakespeare ; traducido por Un Aficionado /i.e. Antonio N. Pereira/,eng,Inglés,No hay datos,Montevideo,Imprenta El Siglo Ilustrado,1894,"Pereira, Antonio N.",Se añadió dato traductor. Fuente: BN campo Título. 
"Sales, Pierre",No hay datos,http://viaf.org/viaf/32141297,La venganza de un noble / Pierre Sales ; versión española de Julián Morón,fre,Francés,No hay datos,Montevideo,Imprenta a vapor de La España,1895,"Morón, Julián",Se añadió dato traductor. Fuente: BN campo Título. 
"Arbouville, Sophie (de Bezancourt) Loyré d´",No hay datos,http://viaf.org/viaf/71499212,Una historia holandesa / versión de Alberto Navarro Viola.,fre,Francés,No hay datos,Montevideo,Imprenta a vapor de La España,1895,"Navarro Viola, Alberto",Se añadió dato traductor. Fuente: BN campo Título. 
"Chaperon, Felipe",No hay datos,http://viaf.org/viaf/37041743,Un rendimiento : novela original...,fre,Francés,No hay datos,Montevideo,Imprenta a vapor de La España,1895,No hay datos,No hay datos
"Daudet, Alphonse",No hay datos,http://viaf.org/viaf/4928621,"La capilla del perdón, costumbres conyugales / versión española por Francisco Gutiérrez Brito.",fre,Francés,No hay datos,Montevideo,Imprenta a vapor de La España,1895,"Gutiérrez Brito, Francisco",Se añadió dato traductor. Fuente: BN campo Título.
"Demesse, Henri",No hay datos,http://viaf.org/viaf/45045127,El mesón de la cigèueña o La Huérfana alsaciana...,fre,Francés,No hay datos,Montevideo,Imprenta de La Tribuna popular,1895,No hay datos,No hay datos
"Deslys, Charles Collinet",No hay datos,http://viaf.org/viaf/44336221,Teresa Bidot : novela... / traducción de J.F. Saens de Urraca.,fre,Francés,No hay datos,Montevideo,Imprenta a vapor de La España,1895,"Sáenz de Urraca, J. F.",Se añadió dato traductor. Fuente: BN campo Título.
"Mérouvel, Charles",No hay datos,http://viaf.org/viaf/4933665,El collar del rajah (La filluele de la duchesse) : novela original.,fre,Francés,No hay datos,Montevideo,Imprenta a vapor de La España,1895,No hay datos,No hay datos
"Ohnet, Georges",No hay datos,http://viaf.org/viaf/66497284,La dama vestida de gris / Jorge Ohnet ; versión castellana por Domingo Figarola y Caneda.,fre,Francés,No hay datos,Montevideo,Imprenta a vapor de La España,1895,"Figarola y Caneda, Domingo",Se añadió dato traductor. Fuente: BN campo Título.
"Bouvier, Alexis",No hay datos,http://viaf.org/viaf/22172554,Amores de sangre; versión española por Emilio Soulere y J. García Plaza.,fre,Francés,No hay datos,Montevideo,Imprenta de La Tribuna popular,1896,"Soulere, Emilio|García Plaza, J.",Se añadió dato traductor. Fuente: BN campo Título.
No hay datos,No hay datos,No hay datos,Los brigantes de las calabrias y de las provincias romanas / traducido del italiano por S. Irellor.,ita,Italiano,No hay datos,Montevideo|Buenos Aires,Santiago Rolleri,1896,"Irellor, S.","Se añadió dato traductor. Fuente: BN campo Título./ Sin nombre de autor. Según el libro de Adolfo Prieto, El discurso criollista en la formación de la Argentina moderna (Buenos Aires: Siglo XXI,  2006) el autor sería Santiago Rolleri, quien es también el editor de la obra. Nótese que el traductor señalado, Irellor S., es un anagrama de Santiago Roller. Un ejemplar digitalizado de esta obra en la que parecen coincidir autor, editor y traductor puede consultarse en Colecciones Digitales del Instituto Ibero-Americano de Berlín."
"Deslys, Charles Collinet",No hay datos,http://viaf.org/viaf/44336221,La hija del algebrista... / traducida del francés... por María B. de Curutchet.,fre,Francés,No hay datos,Montevideo,Imprenta a vapor de La España,1896,"De Curutchet, María B.",Se añadió dato traductor. Fuente: BN campo Título.
"Mérouvel, Charles",No hay datos,http://viaf.org/viaf/4933665,El Dr. Mont-Dore.,fre,Francés,No hay datos,Montevideo,Imprenta de La Tribuna popular,1896,No hay datos,No hay datos
"Racot, Adolphe",No hay datos,http://viaf.org/viaf/56690301,El crimen de Darío Fal / traducción de Carlos Ochoa.,fre,Francés,No hay datos,Montevideo,Imprenta de La Tribuna popular,1896,"Ochoa, Carlos",Se añadió dato traductor. Fuente: BN campo Título.
"Stevenson, Robert Louis",No hay datos,http://viaf.org/viaf/95207986,El dinamitero; versión española...,eng,Inglés,No hay datos,Montevideo,Imprenta de La Tribuna popular,1896,No hay datos,No hay datos
"Herbert, Jorge",No hay datos,No hay datos,Jocelina / traducida.por J. F. Sáenz de Urraca,eng,Inglés,No hay datos,Montevideo,Imprenta a vapor de La España,1896,"Sáenz de Urraca, J. F.",Se añadió dato traductor. Fuente: BN campo Título.
"Claretie, Jules",No hay datos,http://viaf.org/viaf/95172612,"Juana Mornas, novela original,..versión castellana de P. San Román.",fre,Francés,No hay datos,Montevideo,Imprenta a vapor de La España,1897,"San Román, P.",Se añadió dato traductor. Fuente: BN campo Título.
"Demesse, Henri",No hay datos,http://viaf.org/viaf/45045127,Fifí (La petite Fifí) / traducción de Enrique Pastor y Bedoya.,fre,Francés,No hay datos,Montevideo,Imprenta a vapor de La España,1897,"Pastor y Bedoya, Enrique",Se añadió dato traductor. Fuente: BN campo Título.
"Du Boisgobey, Fortuné Hippolyte Auguste",No hay datos, http://viaf.org/viaf/19720225,Decapitada...,fre,Francés,No hay datos,Montevideo,Imprenta de La Tribuna popular,1897,No hay datos,No hay datos
"Dumas, Alexandre",No hay datos,http://viaf.org/viaf/51688902,La reina Margarita : novela histórica original / traducida al castellano por don FIM.,fre,Francés,No hay datos,Montevideo,Imprenta de La Tribuna popular,1897,Don FIM,Se añadió dato traductor. Fuente: BN campo Título.
"Sales, Pierre",No hay datos,http://viaf.org/viaf/32141297,El diamante negro.,fre,Francés,No hay datos,Montevideo,Imprenta de La Tribuna popular,1897,No hay datos,No hay datos
"Sales, Pierre",No hay datos,http://viaf.org/viaf/32141297,El sargento Renaud...,fre,Francés,No hay datos,Montevideo,Imprenta de La Tribuna popular,1897,No hay datos,No hay datos
"Malot, Héctor Henri",No hay datos,http://viaf.org/viaf/49228546,Madre.,fre,Francés,No hay datos,Montevideo,Imprenta de La Tribuna popular,1898,No hay datos,No hay datos
"Rod, Eduard",No hay datos,http://viaf.org/viaf/7409687,El silencio.,fre,Francés,No hay datos,Montevideo,Imprenta de El Siglo,1898,No hay datos,No hay datos
"Sales, Pierre",No hay datos,http://viaf.org/viaf/32141297,La americana.,fre,Francés,No hay datos,Montevideo,Imprenta de La Tribuna popular,1898,No hay datos,No hay datos
"Claretie, Jules",No hay datos,http://viaf.org/viaf/32141297 ,La cuerda.,fre,Francés,No hay datos,San José de Mayo,Grandes Talleres de la Minerva de Juan M. Menéndez,1899,No hay datos,No hay datos
"Daudet, Alphonse",No hay datos,http://viaf.org/viaf/4928621,Fromont y Risler.,fre,Francés,No hay datos,Montevideo,Imprenta de El Siglo,1899,No hay datos,No hay datos
"Daudet, Ernest",No hay datos,http://viaf.org/viaf/29563836,Dolores.,fre,Francés,No hay datos,Montevideo,Imprenta de El Siglo,1899,No hay datos,No hay datos
"Doyle, sir Arthur Conan",No hay datos,http://viaf.org/viaf/65283845,La guardia blanca.,eng,Inglés,No hay datos,Montevideo,Imprenta de La Tribuna popular,1899,No hay datos,No hay datos
"Gréville, Henry, seud. de Alice (Fleury) Durand","Durand, Alice Marie Céleste Fleury",http://viaf.org/viaf/49258322,Cleopatra.,fre,Francés,No hay datos,Montevideo,Imprenta de La Tribuna popular,1899,No hay datos,No hay datos
"La Landelle, Guillermo José Gabriel",No hay datos,http://viaf.org/viaf/17224964,Un odio a bordo / M. G. de La Landelle.,fre,Francés,No hay datos,Montevideo,Imprenta de El Siglo,1899,No hay datos,No hay datos
"Letang, Louis",No hay datos,http://viaf.org/viaf/309666003,Los Jacobos de Auvernia.,fre,Francés,No hay datos,Montevideo,Imprenta de La Tribuna popular,1899,No hay datos,No hay datos
"Mérimee, Prosper",No hay datos,http://viaf.org/viaf/44302582,Colomba.,fre,Francés,No hay datos,Montevideo,Imprenta de El Siglo,1899,No hay datos,No hay datos
"Ponson du Terrail, Pierre Alexis, vicomte de",No hay datos, http://viaf.org/viaf/17228199,Los amores de Aurora / traducción de Francisco Cárles.,fre,Francés,No hay datos,Montevideo,Imprenta a vapor de La España,1899,"Cárles, Francisco",Se añadió dato traductor. Fuente: BN campo Título.
"Ponson du Terrail, Pierre Alexis, vicomte de",No hay datos, http://viaf.org/viaf/17228199,Los caballeros del claro de luna / Ponson du Terrail.,fre,Francés,No hay datos,Montevideo,Imprenta de El Siglo,1899,No hay datos,No hay datos
"Ponson du Terrail, Pierre Alexis, vicomte de",No hay datos, http://viaf.org/viaf/17228199,Clara de Azay / versión española de F. Luis Obiol.,fre,Francés,No hay datos,Montevideo,Imprenta a vapor de La España,1899,"Obiol, F. Luis",Se añadió dato traductor. Fuente: BN campo Título.
"Ponson du Terrail, Pierre Alexis, vicomte de",No hay datos, http://viaf.org/viaf/17228199,El herrero del convento / traducción de Francisco Carlos.,fre,Francés,No hay datos,Montevideo,Imprenta a vapor de La España,1899,"Cárles, Francisco",Se añadió dato traductor. Fuente: BN campo Título.
"Ponson du Terrail, Pierre Alexis, vicomte de",No hay datos, http://viaf.org/viaf/17228199,La justicia de los gitanos / traducción de Francisco Cárles.,fre,Francés,No hay datos,Montevideo,Imprenta a vapor de La España,1899,"Cárles, Francisco",Se añadió dato traductor. Fuente: BN campo “Título”.
"Ponson du Terrail, Pierre Alexis, vicomte de",No hay datos, http://viaf.org/viaf/17228199,"Sor Luisa, la hermana de la caridad / versión española de Francisco Carles.",fre,Francés,No hay datos,Montevideo,Imprenta a vapor de La España,1899,"Cárles, Francisco",Se añadió dato traductor. Fuente: BN campo Título.
"Rostand, Edmond",No hay datos,http://viaf.org/viaf/7396516,Cirano de Bergerac; tragicomedia en 5 actos en verso.,fre,Francés,No hay datos,Montevideo,Imprenta de El Siglo,1899,No hay datos,No hay datos
"Sales, Pierre",No hay datos,http://viaf.org/viaf/32141297,El carbonerín.,fre,Francés,No hay datos,Montevideo,Imprenta de La Tribuna popular,1899,No hay datos,No hay datos
"Sales, Pierre",No hay datos,http://viaf.org/viaf/32141297,Milagro de amor.,fre,Francés,No hay datos,Montevideo,Imprenta de La Tribuna popular,1899,No hay datos,No hay datos
"Doyle, sir Arthur Conan",No hay datos,http://viaf.org/viaf/65283845,Mi tio Bernac.,eng,Inglés,No hay datos,Montevideo,Imprenta de El Siglo,1900,No hay datos,No hay datos
"Onhet, Georges",No hay datos,http://viaf.org/viaf/66497284,La gente alegre.,fre,Francés,No hay datos,Montevideo,Imprenta de El Siglo,1900,No hay datos,No hay datos
"Sales, Pierre",No hay datos, http://viaf.org/viaf/32141297,"El marqués de Trevenec, novela / traducida del Francés... por J. F. Sáenz de Urraca.",fre,Francés,No hay datos,Montevideo,Imprenta a vapor de La España,1900,"Sáenz de Urraca, J. F.",Se añadió dato traductor. Fuente: BN campo Título.
"Desehard, Mme. Marie",No hay datos, http://viaf.org/viaf/27055595,Annunziata / M. Mayran.,fre,Francés,No hay datos,Montevideo,Imprenta de El Siglo,1901,No hay datos,"Se publicó como folletín en El Siglo en 1901./ Se añadió ficha VIAF correspondiente a la autora Marie, Rosalie, Virginie Cadiou (seudónimo M. Mayran). Deschard es el apellido del marido."
"Lazzoni, A. Mario",No hay datos,No hay datos,¡Mártir.! drama en cinco cuadros y una apoteosis...,ita,Italiano,No hay datos,Montevideo,Imprenta La Nueva Central,1901,No hay datos,No hay datos
"Mary, Jules",No hay datos,http://viaf.org/viaf/2503579,Royer Laroque. Madre culpable.,fre,Francés,No hay datos,Montevideo,Imprenta a vapor de La España,1901,No hay datos,No hay datos
"Marcel, Charles",No hay datos,No hay datos,Toque de luz / Charles Marcel.,fre,Francés,No hay datos,Montevideo,Imprenta El Siglo Ilustrado,1901,No hay datos,Fuente del dato Ciudad no oficial.
"Du Chateau, Pierre",No hay datos,http://viaf.org/viaf/301320253,Los hermanos de Clarita / Pierre Du Chateau.,fre,Francés,No hay datos,Montevideo,El Amigo del Obrero,1901,No hay datos,No hay datos
"Ohnet, Georges",No hay datos,http://viaf.org/viaf/66497284,La tenebrosa.,fre,Francés,No hay datos,Montevideo,Imprenta de El Siglo,1902,No hay datos,No hay datos
"Bourdon, E.",No hay datos,http://viaf.org/viaf/2738006,Susana Heverley : novela / escrita en francés por E. Bourdon : traducida pare El Amigo del Obrero por Esther Gané Lybye.,fre,Francés,No hay datos,Montevideo,Imprenta Latina,1902,"Gané Lybye, Esther",Se añadió dato traductor. Fuente: BN campo Título.
"Damad, Marianne",No hay datos,http://viaf.org/viaf/120168821,Caridad mundana / por Marianne Damad; traducción de Delfina Mitre de Drago.,fre,Francés,No hay datos,Montevideo,Imprenta y Litografía La Razón,1902,"Mitre de Drago, Delfina",Se añadió dato traductor. Fuente: BN campo Título.
"Coppée, Francois",No hay datos,http://viaf.org/viaf/46759181,El violín mágico = Le luthier de Cremone: comedia en un acto / Francois Coppee; traducción de Samuel Blixen.,fre,Francés,No hay datos,Montevideo,Imprenta y Litografía La Razón,1903,"Blixen, Samuel",Se añadió dato traductor. Fuente: BN campo Título.
No hay datos,No hay datos,No hay datos,Rita (Historia de ayer) : novela / traducida del italiano por la Srta. C.G.,ita,Italiano,No hay datos,Montevideo,Tipografía Uruguaya de Marcos Martínez,1903,Srta. C. G.,Se añadió dato traductor. Fuente: BN campo Título.
No hay datos,No hay datos,No hay datos,O Fana : novela / traducida del italiano por E.G.,ita,Italiano,No hay datos,Montevideo,Tipografía Uruguaya de Marcos Martínez,1903,E. G.,Se añadió dato traductor. Fuente: BN campo Título.
"Urbanoroska, Sofía",No hay datos,No hay datos,La princesa : novela escrita en francés... / traducida por Mariana Usher,fre,Francés,No hay datos,Montevideo,El Telégrafo marítimo,1903,"Usher, Mariana",Se añadió dato traductor. Fuente: BN campo Título.
"Doyle, sir Arthur Conan",No hay datos,http://viaf.org/viaf/65283845,Los milagros de Sherlock Holmes.,eng,Inglés,No hay datos,Montevideo,Imprenta y Litografía La Razón,1904,No hay datos,No hay datos
"David, Mario (De Saffron)","Saffray, Eugénie-Caroline",http://viaf.org/viaf/42200967,Divorciados / Raúl de Navery (seud.). ; traducción de M.G.G.,fre,Francés,No hay datos,Montevideo,Tipografía Uruguaya de Marcos Martínez,1905,M. G. G.,"La ficha VIAF vinculada corresponde a Eugénie-Caroline Saffray, quien usaba los seudónimos Raoul de Navery y Marie David./ Se añadió dato traductor. Fuente: BN campo Título."
"Boothby, Guy Newell",No hay datos, http://viaf.org/viaf/32015580,La venganza del doctor Nikola.,eng,Inglés,No hay datos,Montevideo,Imprenta Rural,1906,No hay datos,No hay datos
"Leblanc, Maurice",No hay datos,http://viaf.org/viaf/22144617,Aventuras de Arsenio Lupín ; La dama rubia.,fre,Francés,No hay datos,Montevideo,Imprenta La Rural,1907,No hay datos,No hay datos
"Malatesta, Errico",No hay datos,http://viaf.org/viaf/41843462,Entre campesinos.,ita,Italiano,No hay datos,Montevideo,Grupo Nuevo ideal,1907,No hay datos,No hay datos
No hay datos,No hay datos,No hay datos,El misterio de un crimen sensacional : novela traducida del francés.,fre,Francés,No hay datos,Montevideo,Imprenta de La Buena Prensa,1908,No hay datos,No hay datos
"Clemenceau, Georges",No hay datos,http://viaf.org/viaf/49223492,"El velo de la felicidad, comedia dramática / versión castellana de Ema Santandreu Morales.",fre,Francés,No hay datos,Montevideo,Editorial Libertad,1901,"Santandreu Morales, Ema","Se añadió dato traductor. Fuente: BN campo Título./ Se añadió datación estimada: 1901. El año estimado refiere a la fecha de publicación posible más temprana, ya que 1901 se estrenó en París. Fuente: Gallica (Francia)."
"Malatesta, Errico",No hay datos,http://viaf.org/viaf/41843462,En tiempo de elecciones.,ita,Italiano,No hay datos,Montevideo,Federación Obrera Regional Uruguaya,1905,No hay datos,"Se añadió datación estimada: 1905. El año estimado refiere a la fecha de publicación posible más temprana, ya que 1905 se crea la Federación Obrera Regional Uruguaya (FORU), ente editor. "
"Lourdoweix, Paul de",No hay datos,http://viaf.org/viaf/79013580,El billete de lotería : comedia en cinco cuadros / original de Pierre et Paul ; traducción del italiano y adaptación por Arturo E. Mossman Gros.,fre,Francés,No hay datos,Montevideo,Talleres de Don Bosco,1908,"Mossman Gros, Arturo E.","Se añadió dato traductor. Fuente: BN campo Título.Es una traducción indirecta a través del italiano./ Se añadió datación estimada: 1908. El año estimado refiere a la fecha de publicación posible más temprana, dado que el traductor nació en 1888 (se pondera como posible una primera publicación a los veinte años)."
"Godio, Guglielmo",No hay datos,No hay datos,Tarass Bulba : drama lírico in 4 atti / música di Arturo Berruti.,ita,Italiano,No hay datos,Montevideo,No hay datos,1895,No hay datos,"Es libreto de ópera bilingüe. Fuente: Revista de la Biblioteca Nacional, año 1, número 1./ Se añadió datación estimada: 1895. El año estimado refiere a la fecha de publicación posible más temprana, ya que 1895 se estrena en Italia./ Fuente del dato Ciudad no oficial."
"Léroux, Gastón",No hay datos, http://viaf.org/viaf/19680417,El hombre que vió el diablo / por Gastón Leroux.,fre,Francés,No hay datos,Montevideo,Orsini Menotti Bertani,1904,No hay datos,"Se añadió datación estimada: 1904. El año estimado refiere a la fecha de publicación posible más temprana, ya que en 1904 empieza a editar Orsini Bertani. "
"Léroux, Gastón",No hay datos, http://viaf.org/viaf/19680417,El misterio del cuarto amarillo.,fre,Francés,No hay datos,Montevideo,Orsini Menotti Bertani,1904,No hay datos,"Se añadió datación estimada: 1904. El año estimado refiere a la fecha de publicación posible más temprana, , ya que en 1904 empieza a editar Orsini Bertani. "
"Illica, Luigi",No hay datos, http://viaf.org/viaf/294023124,Libreto de Andrés Chénier / música de Umberto Giordano.,ita,Italiano,No hay datos,Montevideo,Imprenta La Nueva Central,1901,No hay datos,"Se añadió datación estimada: 1901. El año estimado refiere a la fecha de publicación posible más temprana, ya que 1901 es el año en que aparece en este relevamiento otra publicación de la misma editorial, Imprenta La Nueva Central. "
"Maeterlinck, Maurice",No hay datos,http://viaf.org/viaf/2473791,El tesoro de los humildes / Mauricio Maeterlinck.,fre,Francés,No hay datos,Montevideo,Imprenta Nacional,1904,No hay datos,"Se añadió datación estimada: 1904. El año estimado refiere a la fecha de publicación posible más temprana, ya que en 1904 aparece una primera traducción de esta obra al español. Fuente: Diccionario Histórico de la Traducción en España.  "
"Doyle, sir Arthur Conan",No hay datos,http://viaf.org/viaf/65283845,Casos secretos de Sherlock Holmes.,eng,Inglés,No hay datos,Montevideo,Talleres Gráficos de La Razón,1910,No hay datos,No hay datos
"Léroux, Gaston",No hay datos, http://viaf.org/viaf/19680417,Balaoo,fre,Francés,No hay datos,Montevideo,Talleres Gráficos El arte,1912,No hay datos,No hay datos
"Poe, Edgar Allan",No hay datos,http://viaf.org/viaf/60351476,Las campanas / Edgard Poe; traducción de Carlos Arturo Torres.,eng,Inglés,No hay datos,Montevideo,Librería Mercurio : Imprenta y Casa Editorial Renacimiento de Luis y Manuel Pérez,1914,"Torres, Carlos Arturo",Se añadió dato traductor. Fuente: BN campo Título.
"Poe, Edgar Allan",No hay datos,http://viaf.org/viaf/60351476,El cuervo; trad. de A. Perez-Bonaldo.,eng,Inglés,No hay datos,Montevideo,Librería Mercurio : Imprenta y Casa Editorial Renacimiento de Luis y Manuel Pérez,1914,"Pérez-Bonaldo, A.",Se añadió dato traductor. Fuente: BN campo Título.
"Becker, Nicolás",No hay datos,http://viaf.org/viaf/76248512,"El Rhin alemán / poesías de Nicolás Becker, Alfredo de Musset.",ger,Alemán,No hay datos,Montevideo,Librería Mercurio : Imprenta y Casa Editorial Renacimiento de Luis y Manuel Pérez,1915,No hay datos,No hay datos
"Decourcelle, Pierre",No hay datos,http://viaf.org/viaf/59114027,Los misterios de Nueva York.,fre,Francés,No hay datos,Montevideo,Biblioteca de La Razón,1916,No hay datos,No hay datos
"Aguirre, Arturo E.",No hay datos,No hay datos,Sonetos brasileños (traducciones).,por,Portugués,No hay datos,Montevideo,Librería Mercurio : Imprenta y Casa Editorial Renacimiento de Luis y Manuel Pérez,1917,No hay datos,Es antología.
"Zévaco, Michel",No hay datos,http://viaf.org/viaf/27073109,Don Juan; novela histórica...,fre,Francés,No hay datos,Montevideo,No hay datos,1917,No hay datos,No hay datos
"Hubbard, Elbert",No hay datos,http://viaf.org/viaf/45505603,Un mensaje a García; traducido del inglés del magazine The Philistine.,eng,Inglés,No hay datos,Montevideo,Federación sud americana de Asociaciones cristianas de jóvenes,1918,No hay datos,No hay datos
"Maeterlinck, Maurice",No hay datos,http://viaf.org/viaf/2473791,El alcalde do Stilmonde (drama en tres actos) / versión castellana de E. Gómez Carillo.,fre,Francés,No hay datos,Montevideo,Claudio García,1918,"Gómez Carillo, E.",Se añadió dato traductor. Fuente: BN campo Título.
"Carbonell Debali, Arturo",No hay datos,http://viaf.org/viaf/68614242,"Lecciones de Literatura italiana, inglesa, portuguesa, alemana, rusa y noruega / traducción y adaptación de diversos textos de acuerdo con los programas universitarios en vigencia por Arturo Carbonell Debali.",ita|ing|port|ger|rus|nor,Italiano|ing|Portuguést|Alemán|Ruso|Noruego,No hay datos,Montevideo,Flores Chans,1918,"Carbonell Debali, Arturo","Es manual de estudio./ Se rectificó lengua fuente de español a italiano inglés, portugués, alemán, ruso,y noruego. / Se añadió dato traductor. Fuente: BN campo Título."
"Croiset, Alfred",No hay datos,http://viaf.org/viaf/795535,"Lecciones de literatura griega, latina y francesa : traducción y adaptación de los textos de Croiset, Lallier-Lantoine y Pellisier de acuerdo con los programas universitarios en vigencia por Arturo Carbonell Debali.",fre,Francés,No hay datos,Montevideo,Flores Chans,1918,No hay datos,Es manual de estudio.
"Merimée, Ernest",No hay datos,http://viaf.org/viaf/74216620 ,Resumen de historia de la literatura española / Ernest Merimée ; traducción de Williams.,fre,Francés,No hay datos,Montevideo,Librería Oriental Flores Chans & CIA.,1919,Williams,Es manual de estudio./ Se añadió dato traductor. Fuente: BN campo Título.
"Poe, Edgar Allan",No hay datos,http://viaf.org/viaf/60351476,Poemas / con un prólogo de Rubén Darío.,eng,Inglés,No hay datos,Montevideo,Claudio García,1919,No hay datos,No hay datos
"Maeterlinck, Mauricio",No hay datos,http://viaf.org/viaf/2473791,La muerte,fre,Francés,No hay datos,Montevideo,Claudio García,1919,"Potrie, Enrique E.","Se añadió dato traductor. Fuente: catálogo de la Biblioteca del Poder Legislativo.

"
"Barbusse, Henri",No hay datos,http://viaf.org/viaf/68925116,El resplandor en el abismo.,fre,Francés,No hay datos,Montevideo,Claudio García,1920,"Bertrán, Luis","Se añadió dato traductor. Fuente: catálogo de la Biblioteca del Poder Legislativo.

"
"Dumas, Alexandre",No hay datos,http://viaf.org/viaf/68925116,El conde de Montecristo.,fre,Francés,No hay datos,Montevideo|Buenos Aires,Santiago Rolleri,1920,No hay datos,No hay datos
"Wilde, Oscar",No hay datos,http://viaf.org/viaf/68925116,El niño estrella : cuento / Oscar Wilde ; prólogo de Fernando de Araújo.,eng,Inglés,No hay datos,Montevideo,Claudio García,1920,No hay datos,No hay datos
"Clemens, Samuel Langhorne","Twain, Mark",http://viaf.org/viaf/53367783,Cuentos escogidos ; trad. por Augusto Barrado ; prólogo de Angel Guerra.,eng,Inglés,No hay datos,Montevideo,Claudio García,1921,"Barrado, Augusto",Es antología./ Se añadió dato traductor. Fuente: BN campo Título.
"Fort, Paul",No hay datos,http://viaf.org/viaf/25396500,Algunos poemas / Paul Fort ; versiones inéditas de B.C. (h.).,fre,Francés,No hay datos,Montevideo,Librería Mercurio : Imprenta y Casa Editorial Renacimiento de Luis y Manuel Pérez,1921,B. C. (h.),Se añadió dato traductor. Fuente: BN campo Título.
"Maeterlinck, Maurice",No hay datos,http://viaf.org/viaf/2473791,Los dioses de la Guerra.,fre,Francés,No hay datos,Montevideo,Claudio García,1921,No hay datos,Fuente del dato Ciudad no oficial.
"Tagore, Rabindranath",No hay datos,http://viaf.org/viaf/25396500,"Gitanjali (oraciones líricas) Traducción del original bengalí al inglés por el autor, versión del inglés al castellano por Abel Alarcón.",ben,BInglésali,No hay datos,Montevideo,Claudio García,1921,"Alarcón, Abel",Es una traducción indirecta a través del inglés./ Se añadió dato traductor. Fuente: BN campo Título.
"Tagore, Rabindranath",No hay datos,http://viaf.org/viaf/25396500,El jardinero / Rabindranath Tagore.,ben,BInglésali,No hay datos,Montevideo,Claudio García,1921,No hay datos,No hay datos
"Maeterlinck, Mauricio",No hay datos,http://viaf.org/viaf/2473791,Los senderos en la montaña,fre,Francés,No hay datos,Montevideo,Imprenta Artigas,1922,"Bertrán, Luis",Se añadió dato traductor. Fuente: catálogo de la Biblioteca del Poder Legislativo.
"Morador Otero, Federico",No hay datos,http://viaf.org/viaf/247582671,Goethe; selección.,ger,Alemán,No hay datos,Montevideo,Talleres Gráficos Antonio Barreiro y Ramos,1922,No hay datos,Es manual de estudio y antología. 
"Maeterlinck, Maurice",No hay datos,http://viaf.org/viaf/2473791,El tesoro de los humildes.,fre,Francés,No hay datos,Montevideo,Claudio García,1922,No hay datos,No hay datos
"Maeterlinck, Maurice",No hay datos,http://viaf.org/viaf/2473791,La tragedia cotidiana / Mauricio Maeterlinck.,fre,Francés,No hay datos,Montevideo,Claudio García,1922,No hay datos,No hay datos
"Maupassant, Guy de",No hay datos,http://viaf.org/viaf/29537765,De la guerra.,fre,Francés,No hay datos,Montevideo,Claudio García,1922,No hay datos,Es antología. 
"Pereda Valdés, Ildefonso",No hay datos,http://viaf.org/viaf/358159233945003370315,Esquilo : selección.,gre,Griego,No hay datos,Montevideo,No hay datos,1922,No hay datos,Es manual de estudio./ Se añadió dato de ente editorial Barreiro y Ramos. Fuente: Anáforas. 
"Pereda Valdés, Ildefonso",No hay datos,http://viaf.org/viaf/358159233945003370315,Schiller : noticia crítica y selección de lecturas de acuerdo con el programa para los cursos de la Universidad de Montevideo.,ger,Alemán,No hay datos,Montevideo,No hay datos,1922,No hay datos,Es manual de estudio./ Se añadió dato de ente editorial Barreiro y Ramos. Fuente: Anáforas.
"Tagore, Rabindranath",No hay datos,http://viaf.org/viaf/24608356,Pájaros perdidos (sentimientos),ben,BInglésali,No hay datos,Montevideo,Claudio García,1922,No hay datos,Se rectificó lengua fuente de inglés a bengalí. Es una traducción indirecta a través del inglés. 
"Tagore, Rabindranath",No hay datos,http://viaf.org/viaf/24608356,Tránsito (poemas).,ben,BInglésali,No hay datos,Montevideo,Claudio García,1922,No hay datos,Se rectificó lengua fuente de inglés a bengalí. Es una traducción indirecta a través del inglés. 
"Reis, Antonio Muller dos",Reis Netto,http://viaf.org/viaf/311452185,"Lascas de granito : homenaje de sus amigos a Reis Netto / prólogo, notas marginales y versión castellana de José Luis Panizza",por,Portugués,No hay datos,Montevideo,No hay datos,1922,"Panizza, José Luis",Se añadió dato traductor. Fuente: BN campo Título.
"Margueritte, Victor",No hay datos,http://viaf.org/viaf/7393838,Vengada : continuación de El vicio en París.,fre,Francés,No hay datos,Montevideo,Claudio García,1923,No hay datos,No hay datos
"Dantas, Julio",No hay datos,http://viaf.org/viaf/3577187,Los árboles.,por,Portugués,No hay datos,Montevideo,Talleres Gráficos Imparcial,1925,No hay datos,No hay datos
"Carbonell Debali, Arturo",No hay datos,http://viaf.org/viaf/68614242,"Lecciones de literatura moderna / traducción y adaptación de los textos de Filón, Pellisier y de Bossert.",fre,Francés,No hay datos,Montevideo,Papelería Comini,1926,No hay datos,Es manual de estudio.
"Pagnol, Marcel",No hay datos,http://viaf.org/viaf/9851452,Jazz : pieza en cuatro actos / Marcel Pagnol ; traducción de Eugenio Alsina.,fre,Francés,No hay datos,Montevideo,No hay datos,1928,"Alsina, Eugenio",Se añadió dato traductor. Fuente: BN campo Título.
"Hudson, William Henry",No hay datos,http://viaf.org/viaf/7391698,"El Ombú y otros cuentos rioplatenses, versión española por Eduardo Hillman / Henry William Hudson.",eng,Inglés,No hay datos,Montevideo,Agencia general de librería y publicaciones,1928,"Hillman, Eduardo",Se añadió dato traductor. Fuente: BN campo Título.
"Hamsun, Knut",No hay datos,http://viaf.org/viaf/59083692,Pan : novela / traducción de A. Hernández Catá.,nor,Noruego,No hay datos,Montevideo,Editorial Artigas,1920,"Hernández Catá, A.","Se rectificó lengua fuente de alemán a noruego./ Se añadió dato traductor. Fuente: BN campo Título. / Se añadió datación estimada: 1920. El año refiere a la fecha de publicación posible más temprana, ya que esta editorial al parecer publica varias obras de Hamsun comenzando ese año. Fuente: Martínez Børresen, Z. (2012). Knut Hamsun en Hispanoamérica: hacia una revaloración Literatura  mexicana, 23 (2). 
"
"Hamsun, Knut",No hay datos,http://viaf.org/viaf/59083692,Victoria (Historia de un amor) / traducción de José Liebermann.,nor,Noruego,No hay datos,Montevideo,Editorial Artigas,1920,"Liebermann, José","Se rectificó lengua fuente de alemán a noruego./ Se añadió dato traductor. Fuente: BN campo Título./ Se añadió datación estimada: 1920. El año estimado refiere a la fecha de publicación posible más temprana, ya que esta editorial al parecer publica varias obras de Hamsun comenzando ese año. Fuente: Martínez Børresen, Z. (2012). Knut Hamsun en Hispanoamérica: hacia una revaloración Literatura  mexicana, 23 (2).
"
"Dereme, Tristán",No hay datos,http://viaf.org/viaf/66478189,El verdor dorado : poemas,fre,Francés,No hay datos,Montevideo,Imprenta El Siglo Ilustrado,1930,"Collazo, Euclides","Se añadió dato traductor. Fuente: catálogo de la Biblioteca del Poder Legislativo.
"
"Jonson, Ben",No hay datos,http://viaf.org/viaf/292789691,Volpone / Ben Jonson ; versión de José Pedro Blixen Ramírez.,eng,Inglés,No hay datos,Montevideo,Héctor Gandós,1930,"Blixen Ramírez, José Pedro",Fuente del dato Año no oficial./ Se añadió dato traductor. Fuente: BN campo Título.
"Costa du Rels, Adolfo",No hay datos,http://viaf.org/viaf/95174595,La quimera del oro : la novela para todos / Costa du Rels ; versión y adaptación de E. E. Potrie,fre,Francés,No hay datos,Montevideo,Talleres Gráficos Antonio Barreiro y Ramos,1930,"Potrie, Enrique E.",Se añadió dato traductor. Fuente: BN campo Título.
"Carbonell Debali, Arturo",No hay datos,http://viaf.org/viaf/68614242,Lecciones de literatura griega y latina,fre,Francés,No hay datos,Montevideo,Impresora Uruguaya,1930,"Carbonell Debali, Arturo","Es manual de estudio. / Se rectificó lengua fuente de griego a francés. / Se añadió dato traductor. Fuente: catálogo de la Biblioteca del Poder Legislativo (allí se aporta la información: Traducción y adaptación de los textos de Croiset y Lallier-Lantoine). / 
"
"Zweig, Stefan",No hay datos,http://viaf.org/viaf/19685936,Amok : (relato),ger,Alemán,No hay datos,Montevideo,Ariel,1931,"González Aerosa, Héctor","Se añadió dato traductor. Fuente: catálogo de la Biblioteca del Poder Legislativo.
"
"Niccodemi, Darío",No hay datos,http://viaf.org/viaf/88066855,El refugio : comedia dramática en 3 actos.,ita,Italiano,No hay datos,Montevideo,Peña Hermanos,1931,No hay datos,No hay datos
"Dostoievski, Fedor Mijailovich","Dostoyevsky, Fyodor",http://viaf.org/viaf/104023256,La confesión de Stavrogin,rus,Ruso,No hay datos,Montevideo,Biblioteca Cultura,1933,"Paladino, José|Mercadal, G.","Se recuperó lengua fuente (ruso)./ Se añadió dato traductor. Fuente: catálogo de la Biblioteca del Poder Legislativo.
"
"Istrati, Panait",No hay datos,http://viaf.org/viaf/73855014,Tsatsa minnka / Panait Istrati.,fre,Francés,No hay datos,Montevideo,Ediciones selectas,1935,No hay datos,No hay datos
"Malraux, André",No hay datos,http://viaf.org/viaf/51692748,El tiempo del desprecio,fre,Francés,No hay datos,Montevideo,Centro de Estudios Ariel,1935,"Laureiro, Alejandro",Se añadió dato traductor. Fuente: catálogo de la Biblioteca del Poder Legislativo.
"Poe, Edgar Allan",No hay datos,http://viaf.org/viaf/60351476,Poemas,eng,Inglés,No hay datos,Montevideo,Claudio García,1938,No hay datos,No hay datos
"Whitman, Walt",No hay datos,http://viaf.org/viaf/2478331,Poemas.,eng,Inglés,No hay datos,Montevideo,Claudio García,1939,"Vasseur, Álvaro Armando","Se añadió datación estimada: 1939. Fuente: Alegría. F. (1954). Walt Whitman en Hispanoamérica. México D.F., Librería Studium./ Se añadió dato traductor. Fuente: ídem.  "
"Junaqueiro, Abilio Guerra",No hay datos,http://viaf.org/viaf/74145857814523020426,Los simples / E. Marquina Elogio de Los simples traducción por Nicolás Fusco Sansone.,por,Portugués,No hay datos,Montevideo,Claudio García,1920,"Fusco Sansone, Nicolás","Se añadió datación estimada: 1920. El año estimado refiere a la fecha de publicación posible más temprana, ya que existe una traducción al español publicada en España en esa fecha. Fuente: BNE./ Se añadió dato traductor. Fuente: BN campo Título. "
"Dumas, Alexandre",No hay datos,http://viaf.org/viaf/51688902,Montevideo ó Una nueva Troya / Alejandro Dumas ; traducción de Edmundo Bianchi ; prólogo por Ariosto D. González.,fre,Francés,No hay datos,Montevideo,Claudio García,1941,"Bianchi, Edmundo",Se añadió dato traductor. Fuente: BN campo Título.
Lord Byron,"Byron, George Gordon",http://viaf.org/viaf/95230688,Don Juan : poema,eng,Inglés,No hay datos,Montevideo,Claudio García,1942,"Villalva, F. ",Se añadió dato traductor. Fuente: catálogo de la Biblioteca del Poder Legislativo
No hay datos,No hay datos,No hay datos,Esto es Rusia,rus,Ruso,No hay datos,Montevideo,Ediciones Pueblos Unidos,1943,No hay datos,Es antología./ Se recuperó lengua fuente (ruso).
"Zweig, Stefan",No hay datos,http://viaf.org/viaf/19685936,Una conciencia contra la tiranía,ger,Alemán,No hay datos,Montevideo,Elite,1944,No hay datos,No hay datos
"Shakespeare, William",No hay datos,http://viaf.org/viaf/96994048,21 Sonetos,eng,Inglés,No hay datos,Montevideo,Independencia,1944,"Dieste, Eduardo","Se añadió dato traductor. Fuente: catálogo de la Biblioteca del Poder Legislativo.
"
Molière,"Poquelin, Jean-Baptiste",http://viaf.org/viaf/2474502,El avaro,fre,Francés,No hay datos,Montevideo,Claudio García,1944,No hay datos,No hay datos
"Erenburg, Ilia","Ehrenbourg, Ilya",http://viaf.org/viaf/40169930,La caída de París,rus,Ruso,No hay datos,Montevideo,Ediciones Pueblos Unidos,1944,No hay datos,"Se recuperó lengua fuente (ruso).
"
"Cowling, Ralph A.",No hay datos,No hay datos,La tempestad,eng,Inglés,No hay datos,Montevideo,Cultura,1945,No hay datos,Es manual  de estudio. 
"Ibsen, Henrik",No hay datos,http://viaf.org/viaf/71378383,"Espectros / Henrik Ibsen ; traducción Pedro Pellicena ; juicio crítico Sigurd Höst, Salvador Albert.",nor,Noruego,No hay datos,Montevideo,Claudio García,1945,"Pellicena, Pedro",Se rectificó lengua fuente de alemán a noruego./ Se añadió dato traductor. Fuente: BN campo Título.
"London, Jack","Chaney, John Griffith",http://viaf.org/viaf/46764200,El gran silencio blanco,eng,Inglés,No hay datos,Montevideo,Acción,1946,No hay datos,No hay datos
"D'annunzio, Gabriele",No hay datos,http://viaf.org/viaf/49220129,La gata.,ita,Italiano,No hay datos,Montevideo,Acción,1946,No hay datos,No hay datos
"Gorki, Máximo","Gorky, Maksim",http://viaf.org/viaf/96998392,Makar Chudra,rus ,Ruso ,No hay datos,Montevideo,Acción,1946,No hay datos,Se recuperó lengua fuente (ruso).
"Claudel, Paul",No hay datos,http://viaf.org/viaf/100163516,Jeanne d'Arc au Bûcher = Juana de Arco en la hoguera : temporada oficial 1946 /SODRE Estudio Auditorio.,fre,Francés,No hay datos,No hay datos,No hay datos,No hay datos,No hay datos,Se añadió dato autor. Fuente: Wikipedia.
"Petrarca, Francesco",No hay datos,http://viaf.org/viaf/39382430,El cancionero de Petrarca / selección y traducción de Laura Escalante.,ita,Italiano,No hay datos,Montevideo,Biblioteca del Liceo José Enrique Rodó,1946,"Escalante, Laura",Es manual de estudio./ Se añadió dato traductor. Fuente: BN campo Título.
"Bromfield, Louis",No hay datos,http://viaf.org/viaf/14766865,El páramo de los árboles verdes,eng,Inglés,No hay datos,Montevideo,Elite,1947,No hay datos,No hay datos
"Harris, Frank",No hay datos, http://viaf.org/viaf/120702927,La bomba : la confesión de un anarquista,eng,Inglés,No hay datos,Montevideo,Manuel Esteban,1947,No hay datos,No hay datos
"López, Cid Correa",No hay datos,No hay datos,Caminos del infinito : poemas.,por,Portugués,No hay datos,Montevideo,Gaceta comercial,1949,No hay datos,No hay datos
"Pichon, René",No hay datos,http://viaf.org/viaf/88050219,Historia de la literatura latina / por René Pichón ; traducción por Emilio J. Fouriné.,fre,Francés,No hay datos,Montevideo,No hay datos,1949,"Fouriné, Emilio J.",Es manual de estudio./ Se añadió dato traductor. Fuente: BN campo Título.
"Vieth von Golssenau, Arnold Friedrich",No hay datos,http://viaf.org/viaf/114129978,Antes del alba : novela / Ludwig Renn.,ger,Alemán,No hay datos,Montevideo,Biblioteca Social Internacional,1940,No hay datos,"Se añadió datación estimada: 1940. El año estimado refiere a la fecha de publicación posible más temprana. Fuente: Biblioteca de la Universidad San Martín, que señala como fecha de publicación 194-."
"Musset, Alfred de",No hay datos,http://viaf.org/viaf/54151927,Selección de poesías.,fre,Francés,No hay datos,Montevideo,La Casa del Estudiante,1950,No hay datos,Es manual de estudio y antología. 
"Relgis, Eugen",No hay datos,http://viaf.org/viaf/85178342,Romain Rolland,fre,Francés,No hay datos,Montevideo,Humanidad,1951,"Castrillejo de Miralles, Olga",Se añadió dato traductor. Fuente: catálogo de la Biblioteca del Poder Legislativo.
"Catulo, Cayo Valerio",No hay datos,http://viaf.org/viaf/100218993,Catulo / traducción Olaf Blixen Lerena.,lat,Latín,No hay datos,Montevideo,No hay datos,1952,"Blixen Lerena, Olaf ",Se añadió dato traductor. Fuente: BN campo Título.
"Vitureira, Cipriano S.",No hay datos, http://viaf.org/viaf/49171180,"Manuel Bandeira, Cecilia Merieles, Carlos Drummond de Andrade, tres edades en la poesía brasileña actual. Estudio y antología...1.",por,Portugués,No hay datos,Montevideo,Asociación Cultural Estudiantil Brasil-Uruguay,1952,No hay datos,Es antología.
"Pereda Valdés, Ildefonso",No hay datos,http://viaf.org/viaf/111357638,Antología de la poesía negra americana,eng|fre|por,Inglés|Francés|Portugués,No hay datos,Montevideo,Organización Medina,1953,No hay datos,"Es antología./ Se recuperaron lenguas fuente (inglés, portugués, francés)./ Fuente del dato Ciudad no oficial."
"Bloch, Pedro",No hay datos,http://viaf.org/viaf/84991036,"Leonora, comedia en tres actos; traducción española de Alejandro Casona.",por,Portugués,No hay datos,Montevideo,Mensaje,1953,"Casona, Alejandro","Se añadió dato traductor. Fuente: BN campo Título y catálogo de la Biblioteca del Poder Legislativo
"
"Gulia, Georgii Dmitriivich","Gulia, Georgij Dmitrievič",http://viaf.org/viaf/93914016,Primavera en Saken (novela).,rus,Ruso,No hay datos,Montevideo,Ediciones Pueblos Unidos,1953,No hay datos,No hay datos
"Chénier, André",No hay datos,http://viaf.org/viaf/39404970,Traducciones de poesías / Andrés Chenier ; tr. de Roger D. Bassagoda.,fre,Francés,No hay datos,Montevideo,Impresora La Industria Gráfica Uruguaya,1953,"Bassagoda, Roger D.",Se añadió dato traductor. Fuente: BN campo Título.
"Croiset, Alfredo",No hay datos,http://viaf.org/viaf/795535,La Iliada.,gre,Griego,No hay datos,Montevideo,A.E.P. Oficina del Libro,1954,No hay datos,Es manual de estudio.
Eurípides,No hay datos,http://viaf.org/viaf/265326651,Hipólito.,gre,Griego,No hay datos,Montevideo,La Casa del Estudiante,1955,No hay datos,No hay datos
"Lichtenberger, Henri",No hay datos,http://viaf.org/viaf/59085582,Prólogo al Fausto.,ger,Alemán,No hay datos,Montevideo,No hay datos,1955,No hay datos,Es manual de estudio./ Fuente del dato Ciudad no oficial.
"Trifonov, I Urii Valentinovich","Trifonov, Jurij Valentinovič",http://viaf.org/viaf/640125588,Estudiantes.,rus,Ruso,No hay datos,Montevideo,Ediciones Pueblos Unidos,1955,No hay datos,Fuente del dato Año no oficial.
"Shakespeare, William",No hay datos,http://viaf.org/viaf/96994048,William Shakespeare / W. Shakespeare ; versión y notas Tabaré J. Freire.,eng,Inglés,No hay datos,Montevideo,Síntesis,1955,"Freire, Tabaré J.",Es manual de estudio./ Fuente del dato Año no oficial./ Se añadió dato traductor. Fuente: BN campo Título. 
"Medina Vidal, Jorge",No hay datos,http://viaf.org/viaf/118737075,"La poesía yámbica griega. Arquiloco e Hiponax : texto griego con traducción, introducción y notas.",gre,Griego,No hay datos,Montevideo,Universidad de la República. Facultad de Humanidades y Ciencias,1956,"Medina Vidal, Jorge",Es manual de estudio./ Se añadió dato traductor. Fuente: BN campo Título.
"Priestley, John Boynton",No hay datos,http://viaf.org/viaf/71396497,Deleite,eng,Inglés,No hay datos,Montevideo,Librería Hachette,1957,No hay datos,No hay datos
"Fedin, Konstantin Aleksandrovich","Fadeev, Aleksandr Aleksandrovič",http://viaf.org/viaf/66466946,Primeras alegrías.,rus,Ruso,No hay datos,Montevideo,Ediciones Pueblos Unidos,1957,No hay datos,Fuente del dato Año no oficial.
"Machado, Octavio L. Werneck",No hay datos,No hay datos,La propina y otros cuentos.,por,Portugués,No hay datos,Montevideo,Talleres Gráficos Gaceta Comercial,1957,"Mari, Lida|De Werneck Machado, Alicia M.|Diez, Blancha","Es antología./ Se añadió dato traductor. Fuente: catálogo de otras bibliotecas (Library of Congress).
"
"Catulo, Cayo Valerio",No hay datos,http://viaf.org/viaf/1002189933,El poema LXVI de Catulo : la Trenza de Berenica / traducción y comentarios Olaf Blixen.,lat,Latín,No hay datos,Montevideo,Universidad de la República. Facultad de Humanidades y Ciencias,1958,"Blixen Lerena, Olaf","Es manual de estudio./ Se añadió dato traductor. Fuente: BN campo Título y Valor. 
"
"Chao, Shu-li",No hay datos,http://viaf.org/viaf/27075350,Coplas de Li-Yu-Tsai y otros relatos.,chi,Chino,No hay datos,Montevideo,Ediciones Pueblos Unidos,1958,No hay datos,"Se recuperó lengua fuente (chino)./ Fuente del dato Año no oficial.
"
"Pichon, René",No hay datos,http://viaf.org/viaf/88050219,Información general de la literatura latina.,fre,Francés,No hay datos,Montevideo,La Casa del Estudiante,1958,No hay datos,Es manual de estudio./ Se rectificó lengua fuente de latín a francés./ Fuente del dato Año no oficial.
"Medina Vidal, Jorge",No hay datos,http://viaf.org/viaf/118737075,Dos epitalamios bizantinos.,gre,Griego,No hay datos,Montevideo,Universidad de la República. Facultad de Humanidades y Ciencias,1959,"Medina Vidal, Jorge",Es manual de estudio./ Se añadió dato traductor. Fuente: catálogo de la Biblioteca del Poder Legislativo.
"Moore, Pamela",No hay datos,http://viaf.org/viaf/32124585,Chocolate al desayuno.,eng,Inglés,No hay datos,Montevideo,Géminis,1956,No hay datos,"Se añadió datación estimada: 1956, principio del período en que presumiblemente se publicó (1956-1959)./ Fuente del dato Año no oficial."
"Figueira, Gastón",No hay datos,http://viaf.org/viaf/26033045,Poesía estadounidense contemporánea (Estudio y antología).,eng,Inglés,No hay datos,Montevideo,Continente,1960,"Figueira, Gastón",Es antología./ Fuente del dato Año no oficial./ Se añadió dato traductor. Fuente: catálogo de Biblioteca Pedagógica Central (Uruguay).
"Makarenko, Anton Semenovich",No hay datos,http://viaf.org/viaf/44302134,"Acerca de la literatura ; artículos, discursos, cartas.",rus,Ruso,No hay datos,Montevideo,Ediciones Pueblos Unidos,1960,No hay datos,Fuente del dato Año no oficial.
"Ferreira, João Francisco",No hay datos,http://viaf.org/viaf/70418967,La novela brasileña y la obra de Otávio de Faria,por,Portugués,No hay datos,Montevideo,Instituto de Estudios Superiores de Montevideo,1960,"Rela, Walter",Se añadió dato traductor. Fuente: catálogo de la Biblioteca del Poder Legislativo.
"Munier, Roger",No hay datos,http://viaf.org/viaf/111802534,Contra la imagen : ensayo,fre,Francés,No hay datos,Montevideo,Alfa,1961,"Aguirre, Raúl Gustavo",Se añadió dato traductor. Fuente: catálogo de la Biblioteca del Poder Legislativo.
Sófocles,No hay datos,http://viaf.org/viaf/101760867,Edipo - Tirano ; Antigona,gre,Griego,No hay datos,Montevideo,Síntesis,1961,No hay datos,No hay datos
"Valéry, Paul",No hay datos,http://viaf.org/viaf/61553403,El cementerio marino,fre,Francés,No hay datos,Montevideo,Estuario,1962,"Vidal, Américo",Se añadió dato traductor. Fuente: catálogo de la Biblioteca del Poder Legislativo.
"Bonada Amigó, Roberto",No hay datos,No hay datos,"Goethe. Fausto, estudio y análisis. Lírica, estudio y antología.",ger,Alemán,No hay datos,Montevideo,Librería Técnica,1963,No hay datos,Es manual de estudio y antología.
"Lilli, Furio",No hay datos,http://viaf.org/viaf/89157398,Poetas y poesías del crepúsculo,ita,Italiano,No hay datos,Montevideo,Instituto Italiano Di Cultura,1963,No hay datos,No hay datos
"Croiset, Maurice",No hay datos,http://viaf.org/viaf/41856962,"Esquilo : estudios sobre la invención dramática en su teatro : (Agamenón, Coéforas, Euménides)",fre,Francés,No hay datos,Florida,Estudios,1963,"Varela, Servando",Se rectificó lengua fuente de griego a francés. Sería una traducción indirecta./Se añadió dato traductor. Fuente: catálogo de la Biblioteca del Poder Legislativo.
Esquilo,No hay datos,http://viaf.org/viaf/268526195,Prometeo encadenado : Agamenón,gre,Griego,No hay datos,Montevideo,Síntesis,1963,"Freire, Tabaré J.",Se añadió dato traductor. Fuente: catálogo de la Biblioteca del Poder Legislativo.
Esquilo,No hay datos,http://viaf.org/viaf/268526195,Prometeo encadenado,gre,Griego,No hay datos,Montevideo,Elite,1963,"Brieva Salvatierra, Fernando Segundo",Se añadió dato traductor. Fuente: catálogo Biblioteca Prof. Dr. Antonio M. Grompone (Uruguay).
"Vitureira, Cipriano Santiago",No hay datos,http://viaf.org/viaf/49171180,La poesía de Jorge de Lima : estudio y antología,por,Portugués,No hay datos,Montevideo,Amizade,1963,"Vitureira, Cipriano Santiago",Es antología./ Se añadió dato traductor. Fuente: consulta de ejemplar digitalizado en Google Books.
Seneca,No hay datos,http://viaf.org/viaf/90637919,Los siete libros.,lat,Latín,No hay datos,Montevideo,Ministerio de Instrucción Pública y Previsión Social,1964,"Fernández Navarrete, Pedro",Se añadió dato traductor. Fuente: catálogo de la Biblioteca del Poder Legislativo.
"Castillo, Guido",No hay datos,http://viaf.org/viaf/87882575,Fausto.,ger,Alemán,No hay datos,Montevideo,La Casa del Estudiante,1965,No hay datos,Es manual de estudio.
"Hudson, William Henry",No hay datos,http://viaf.org/viaf/7391698,La tierra purpúrea.,eng,Inglés,No hay datos,Montevideo,Ministerio de Instrucción Pública y Previsión Social,1965,"Hillman, Eduardo",Se añadió dato traductor: Fuente: catálogo de la Biblioteca del Poder Legislativo.
"Vitureira, Cipriano Santiago",No hay datos,http://viaf.org/viaf/49171180,La poesía de Cecilia Meireles : estudio y antología,por,Portugués,No hay datos,Montevideo,Instituto de Cultura Uruguayo-Brasileño,1965,"Vitureira, Cipriano Santiago",Es antología./ Se añadió dato traductor. Fuente: catálogo de la Biblioteca del Poder Legislativo.
"Jones, Leroy",No hay datos,http://viaf.org/viaf/6031,El sistema del Infierno de Dante,eng,Inglés,No hay datos,Montevideo,Alfa,1965,"Lutzheim, Esteban",Se añadió dato traductor. Fuente: catálogo de la Biblioteca del Poder Legislativo.
"Tahan, Malba","Souza, Júlio César de Mello e",http://viaf.org/viaf/117448127,"El hombre que calculaba : romance : aventuras de un singular calculista persa / Malba Tahan [i.e. Julio César de Mello e Souza] : traducción, notas y apéndice sobre curiosidades matemáticas de Mario Coppetti.",por,Portugués,No hay datos,Montevideo,No hay datos,1960,"Coppetti, Mario","Publicación no datada, seguramente entre 1960-1969./ Fuente del dato Ciudad no oficial./ Se añadió dato traductor. Fuente: BN campo Título."
"Apitz, Bruno",No hay datos,http://viaf.org/viaf/129620,"Desnudo entre lobos, novela / traducción directa del alemán Ernesto Kroch ; revisión literaria Jesualdo.",ger,Alemán,No hay datos,Montevideo,Tecniciencia,1966,"Kroch, Ernesto",Fuente del dato Ciudad no oficial./ Se añadió dato traductor. Fuente: BN campo “Título”.
"Rodríguez, Romero Jorge",No hay datos,http://viaf.org/viaf/54484331,"La Ilíada : cantos I, VI, IX, XXII y XXIV.",gre,Griego,No hay datos,Florida,Ediciones de la Revista Letras,1966,No hay datos,Fuente del dato Año no oficial.
"Dias, Antonio Goncalves ",No hay datos,http://viaf.org/viaf/73988798,Antología Poética,por,Portugués,No hay datos,Montevideo,Instituto de Cultura Uruguaio-Brasileiro,1967,No hay datos,No hay datos
"Bonetti, Umberto",No hay datos,No hay datos,Alberta tú y yo : Poesía,ita,Italiano,No hay datos,Montevideo,Alfa,1968,No hay datos,Se añadió dato traductor: Fuente: catálogo de la Biblioteca del Colegio Seminario (Uruguay)
"Alves, Antonio De Castro",No hay datos,http://viaf.org/viaf/32032359,Antología Poética,por,Portugués,No hay datos,Montevideo,Instituto de Cultura Uruguaio-Brasileiro,1968,No hay datos,Es antología.
"Baudelaire, Charles",No hay datos,http://viaf.org/viaf/17218730,Poesía y prosa,fre,Francés,No hay datos,Montevideo,Letras,1968,No hay datos,Fuente del dato Ciudad no oficial.
"Mao, Tse-Tung","Mao, Zedong",http://viaf.org/viaf/51699962,Mao Tse-Tung sobre la literatura y el arte,chi,Chino,No hay datos,Montevideo,Nativa,1968,No hay datos,Se recuperó lengua fuente (chino).
"Hudson, William Henry",No hay datos,http://viaf.org/viaf/7391698,El ombú y otros cuentos.,eng,Inglés,No hay datos,Montevideo,Arca,1969,"Boero, Raúl",Fuente del dato Año no oficial./ Se añadió dato traductor. Fuente: catálogo de la Biblioteca del Poder Legislativo.
"Lombardi, Germano",No hay datos,http://viaf.org/viaf/27084965,Barcelona : novela.,ita,Italiano,No hay datos,Montevideo,Alfa,1969,No hay datos,No hay datos
"Poe, Edgar Allan",No hay datos,http://viaf.org/viaf/60351476,Poesía y prosa.,eng,Inglés,No hay datos,Montevideo,Letras,1969,No hay datos,Fuente del dato Año no oficial./ Fuente del dato Ciudad no oficial.
"Figueira, Gastón",No hay datos,http://viaf.org/viaf/26033045,Poesía brasileña contemporánea (1920-68) : crítica y antología,por,Portugués,No hay datos,Montevideo,Instituto de Cultura Uruguayo-Brasileño,1969,"Figueira, Gastón",Se añadió dato traductor. Fuente: catálogo de la Biblioteca del Poder Legislativo.
"Shakespeare, William",No hay datos,http://viaf.org/viaf/96994048,Hamlet,eng,Inglés,No hay datos,Montevideo,Centro Editor de América Latina,1969,"Astrana Marín, Luis",Se añadió dato traductor. Fuente: catálogo de la Biblioteca del Poder Legislativo.
"Lautréamont, comte de",No hay datos,http://viaf.org/viaf/6065,Los cantos de Maldoror / Lautréamont ; selección y traducción de Gabriel Saad,fre,Francés,No hay datos,Montevideo,Centro Editor de América Latina,1969,"Saad, Gabriel",Se añadió dato traductor. Fuente: BN campo Título.
"Depestre, Rene",No hay datos,http://viaf.org/viaf/94345085,"Por la revolución, por la poesía",fre,Francés,No hay datos,Montevideo,Biblioteca de Marcha,1970,No hay datos,No hay datos
"Lowry, Malcolm",No hay datos,http://viaf.org/viaf/68932216,Lunar caustic : novela,eng,Inglés,No hay datos,Montevideo,Alfa,1970,"Lorente, R. E.","Se añadió dato traductor. Fuente: catálogo de la Biblioteca del Poder Legislativo.
"
"Miller, Henry",No hay datos,http://viaf.org/viaf/59086729,Días tranquilos en Clichy.,eng,Inglés,No hay datos,Montevideo,Alfa,1971,"Laborde, Fred",Fuente del dato Año no oficial./ Se añadió dato traductor. Fuente: catálogo de la Biblioteca del Poder Legislativo.
"Shakespeare, William",No hay datos,http://viaf.org/viaf/96994048,La tragedia de Macbeth / versión y notas de Tabaré J. Freire.,eng,Inglés,No hay datos,Montevideo,Síntesis,1971,"Freire, Tabaré J.",Fuente del dato Año no oficial./ Se añadió dato traductor. Fuente: BN campo Título.
"Bonnes, Carlos",No hay datos,No hay datos,El dolce stil novo : ensayo crítico / trad. Roberto de Espada Vicente.,ita,Italiano,No hay datos,Montevideo,Fundación de Cultura Universitaria,1971,"De Espada Vicente, Roberto",Se añadió dato traductor. Fuente: BN campo Título.
"Balzac, Honoré de",No hay datos,http://viaf.org/viaf/29529595,La búsqueda de lo absoluto / trad. de Alfredo Adler ; prólogo por Jorge Ruffinelli.,fre,Francés,No hay datos,Montevideo,Doe,1971,"Adler, Alfredo",Fuente del dato Año no oficial./ Fuente del dato Ciudad no oficial./ Se añadió dato traductor. Fuente: BN campo Título.
"Troyat, Henri",No hay datos,http://viaf.org/viaf/14777553,León Tostoi : vida y obra,fre,Francés,No hay datos,Montevideo,La Casa del Estudiante,1971,No hay datos,Se recuperó lengua fuente (francés).
Sófocles,No hay datos,http://viaf.org/viaf/101760867,Edipo-tirano ; Antígona,gre,Griego,No hay datos,Montevideo,Síntesis,1971,"Freire, Tabaré J.",Se añadió dato traductor. Fuente: catálogo de la Biblioteca del Poder Legislativo.
"Navarre, Octave",No hay datos,http://viaf.org/viaf/56676286,Las representaciones dramáticas en Grecia.,fre,Francés,No hay datos,Montevideo,La Casa del Estudiante,1971,No hay datos,Es manual de estudio. Se revisó manualmente para verificar que contuviera traducción.
"Goethe, Johann Wolfgang",No hay datos,http://viaf.org/viaf/24602065,"Fausto, 1a parte.",ger,Alemán,No hay datos,Montevideo,Ediciones de Banda Oriental,1972,"Galmés, Héctor",Fuente del dato Año no oficial./ Se añadió dato traductor. Fuente: catálogo de la Biblioteca del Poder Legislativo.
"Bens, Heriberto","Méndez Ferrín, Xosé Luis",http://viaf.org/viaf/76335840,Antoloxia popular,glg,Gallego,No hay datos,Montevideo,Patronato Da Cultura Galega,1972,No hay datos,Es antología./ Se rectificó lengua fuente de portugués a gallego.
"Balzac, Honoré de",No hay datos,http://viaf.org/viaf/29529595,Prólogo de la Comedia humana.,fre,Francés,No hay datos,Montevideo,No hay datos,1973,No hay datos,Fuente del dato Año no oficial./ Fuente del dato Ciudad no oficial.
Molière,"Poquelin, Jean-Baptiste",http://viaf.org/viaf/2474502,El misántropo,fre,Francés,No hay datos,Montevideo,Instituto Uruguayo de Estudios Preuniversitarios,1973,"Plaza Noblía, Héctor",Se añadió dato traductor. Fuente: catálogo de la Biblioteca del Poder Legislativo.
"Croiset, Alfred",No hay datos,http://viaf.org/viaf/795535,Lecciones de literatura griega : la epopeya heroica,fre,Francés,No hay datos,Montevideo,Ayuí,1973,"Liberati, Jorge",Se rectificó lengua fuente de griego a francés./ Se añadió dato traductor. Fuente: catálogo de la Biblioteca del Poder Legislativo.
"Petrarca, Francesco",No hay datos,http://viaf.org/viaf/39382430,El cancionero de Petrarca / pról. selección y traducción de Laura Escalante.,ita,Italiano,No hay datos,Montevideo,La Casa del Estudiante,1974,"Escalante, Laura",Es antología./ Se añadió dato traductor. Fuente: BN campo Título.
"Shakespeare, William",No hay datos,http://viaf.org/viaf/96994048,"Hamlet : Príncipe de Dinamarca / William Shakespeare traducción, pról. y notas Idea Vilariño.",eng,Inglés,No hay datos,Montevideo,Ediciones de Banda Oriental,1974,"Vilariño, Idea",Se añadió dato traductor. Fuente: BN campo Título.
"Shakespeare, William",No hay datos,http://viaf.org/viaf/96994048,Sueño de una noche de verano.,eng,Inglés,No hay datos,Montevideo,Talleres Gráficos Minerva,1974,No hay datos,Fuente del dato Año no oficial.
Virgilio,No hay datos,http://viaf.org/viaf/8194433,Eglogas.,lat,Latín,No hay datos,No hay datos,No hay datos,1974,No hay datos,Fuente del dato Año no oficial.
"Voltaire, Francois Marie Arouet de","Arouet, François-Marie",http://viaf.org/viaf/36925746,Cándido / prólogo y comentarios de Hyalmar Blixen.,fre,Francés,No hay datos,Montevideo,Ediciones del Partenón,1974,No hay datos,Fuente del dato Año no oficial./ Fuente del dato Ciudad no oficial.
"Beauvoir, Simone de",No hay datos,http://viaf.org/viaf/2466221,Para una moral de la ambigüedad : reproducción parcial / selección de R. Vega Acevedo.,fre,Francés,No hay datos,Montevideo,La Casa del Estudiante,1974,No hay datos,No hay datos
"Alighieri, Dante",No hay datos,http://viaf.org/viaf/97105654,Vida nueva.,ita,Italiano,No hay datos,Montevideo,No hay datos,1974,No hay datos,Fuente del dato Año no oficial./ Fuente del dato Ciudad no oficial.
Aristófanes,No hay datos,http://viaf.org/viaf/20962036,Pluto,gre,Griego,No hay datos,Montevideo,Fundación de Cultura Universitaria,1974,"Yáñez, Ruben",Se añadió dato traductor. Fuente: catálogo de la Biblioteca del Poder Legislativo.
"Croiset, Maurice",No hay datos,http://viaf.org/viaf/41856962 ,Información general de la literatura griega,fre,Francés,No hay datos,Montevideo,La Casa del Estudiante,1974,No hay datos,Es manual de estudio./ Se rectificó lengua fuente de griego a francés.
"Petofi, Sándor",No hay datos,http://viaf.org/viaf/59087691,Poemas,hun,Húngaro,No hay datos,Montevideo,Aquí Poesía,1974,"Bidert, Lil|Yakovsky, Ruben|Ibargoyen, Saúl",Se recuperó lengua fuente (húngaro)./ Se añadió dato traductor. Fuente: catálogo de la Biblioteca del Poder Legislativo.
"Díaz, José Pedro",No hay datos,http://viaf.org/viaf/109512041,Balzac : novela y sociedad,fre,Francés,No hay datos,Montevideo,Arca,1974,"Díaz, José Pedro",Es manual de estudio./ Se rectificó lengua fuente de español a francés.
"Poe, Edgar Allan",No hay datos,http://viaf.org/viaf/60351476,"La máscara de la muerte roja y otros cuentos / trad., selec. y comentarios de Roberto Apprato.",eng,Inglés,No hay datos,Montevideo,Ediciones de Banda Oriental,1975,"Appratto, Roberto",Es antología. / Fuente del dato Año no oficial./ Se añadió dato traductor. Fuente: BN campo Título y catálogo de la Biblioteca del Poder Legislativo.
"Hitchcock, Alfred Joseph",No hay datos,http://viaf.org/viaf/49226917,Humo y muerte,eng,Inglés,No hay datos,Montevideo,Selmar,1975,No hay datos,Fuente del dato Año no oficial.
"Hitchcock, Alfred Joseph",No hay datos,http://viaf.org/viaf/49226917,Jaque y... mate.,eng,Inglés,No hay datos,Montevideo,Selmar,1975,No hay datos,Fuente del dato Año no oficial.
"Hitchcock, Alfred Joseph",No hay datos,http://viaf.org/viaf/49226917,Una mancha de sangre.,eng,Inglés,No hay datos,Montevideo,Selmar,1975,No hay datos,Fuente del dato Año no oficial.
"Kafka, Franz",No hay datos,http://viaf.org/viaf/56611857,La metamorfosis / trad. y pról. de Héctor Galmés.,ger,Alemán,No hay datos,Montevideo,Ediciones de Banda Oriental,1975,"Galmés, Héctor",Fuente del dato Año no oficial./ Fuente del dato Ciudad no oficial./ Se añadió dato traductor. Fuente: BN campo Título.
"Mondragón, Juan Carlos",No hay datos,http://viaf.org/viaf/119446757,"Homero : La Ilíada, canto XXII.",gre,Griego,No hay datos,Montevideo,Búsqueda,1975,No hay datos,Es manual de estudio./ Fuente del dato Año no oficial./ Fuente del dato Ciudad no oficial.
Virgilio,No hay datos,http://viaf.org/viaf/8194433,"Las bucólicas / Virgilio ; versión, introd. y notas de H. Plaza Noblia.",lat,Latín,No hay datos,Montevideo,Ediciones del Partenón,1975,"Plaza Noblía, Héctor",Se añadió dato traductor. Fuente: BN campo Título.
"Baudelaire, Charles",No hay datos,http://viaf.org/viaf/17218730,"Las flores del mal /$cCharles Baudelaire ; traducción, selección y comentarios de Edmundo Gómez Mango.",fre,Francés,No hay datos,Montevideo,Ediciones de Banda Oriental,1975,"Gómez Mango, Edmundo",Se añadió dato traductor. Fuente: BN campo Título.
"Lichtenberger, Henri",No hay datos,http://viaf.org/viaf/59085582,Introducción al primer Fausto,fre,Francés,No hay datos,Montevideo,La Casa del Estudiante,1975,"Campodónico, Laura",Es manual de estudio./ Se rectificó lengua fuente de alemán a francés. Sería una traducción indirecta a través del francés./ Se añadió dato traductor. Fuente: catálogo de la Biblioteca del Poder Legislativo.
"Mondragón, Juan Carlos",No hay datos,http://viaf.org/viaf/119446757,Voltaire : Cándido Caps. 1 al 5,fre,Francés,No hay datos,Montevideo,Búsqueda,1975,No hay datos,No hay datos
No hay datos,No hay datos,No hay datos,Cuentos israelíes contemporáneos,heb,Hebreo,No hay datos,Montevideo,Lapid,1975,"Elkin de Hoter, Ety",Se recuperó lengua fuente (hebreo)./ Se anadió dato traductor. Fuente: catálogo de la Biblioteca del Poder Legislativo.
"Dostoievski, Fedor Mijailovich","Dostoyevsky, Fyodor",http://viaf.org/viaf/104023256,Memorias del subsuelo,rus,Ruso,No hay datos,Montevideo,Editorial Técnica,1975,No hay datos,Se recuperó lengua fuente (ruso)./ Fuente del dato Ciudad no oficial.
"Perret, Jacques",No hay datos,http://viaf.org/viaf/32523,La Eneida de Virgilio,fre,Francés,No hay datos,Montevideo,La Casa del Estudiante,1975,No hay datos,Se recuperó lengua fuente (francés).
Homero,No hay datos,http://viaf.org/viaf/224924963,La Ilíada : canto I,gre,Griego,No hay datos,Montevideo,No hay datos,1975,No hay datos,No hay datos
"Pavese, Cesare",No hay datos,http://viaf.org/viaf/36922880,Poemas del desamor / traducción de Alicia Migdal.,ita,Italiano,No hay datos,Montevideo,Libros del Astillero,1976,"Migdal, Alicia",Se añadió dato traductor. Fuente: BN campo Título y campo Valor. 
Homero,No hay datos,http://viaf.org/viaf/224924963,"Odisea / versión castellana, prólogo y notas de Raúl Blengio Brito.",gre,Griego,No hay datos,Montevideo,Ediciones del Partenón,1976,"Blengio Brito, Raúl",Fuente del dato Ciudad no oficial./ Fuente del dato Año no oficial./ Se añadió dato traductor. Fuente: BN campo Título y campo Valor.
"Voltaire, Francois Marie Arouet de","Arouet, François-Marie",http://viaf.org/viaf/36925746,"Cándido o el optimismo / trad., noticia preliminar y notas de R. Bula Piriz.",fre,Francés,No hay datos,Montevideo,Talleres Gráficos de A. Monteverde y Cía,1976,"Bula Píriz, Roberto",Se añadió dato traductor. Fuente: BN campo Título y campo Valor y catálogo de la Biblioteca del Poder Legislativo.
"Vernes, Henri",,http://viaf.org/viaf/51696951,Los compañeros de Damballah.,fre,Francés,No hay datos,Montevideo,Selmar,1976,No hay datos,Fuente del dato Año no oficial./ Fuente del dato Ciudad no oficial.
"Pasteur, Gil",No hay datos,http://viaf.org/viaf/589170868742222930001,Atalaya de piedra.,fre,Francés,No hay datos,Montevideo,Imprenta Vinaak,1976,"Piaggio, Edda",Fuente del dato Año no oficial./ Fuente del dato Ciudad no oficial.
"Pasteur, Gil",No hay datos,http://viaf.org/viaf/589170868742222930001,Bodas de arena.,fre,Francés,No hay datos,Montevideo,Imprenta Vinaak,1976,"Piaggio, Edda",Fuente del dato Ciudad no oficial./ Se añadió dato traductor: Fuente: catálogo de la Biblioteca del Poder Legislativo.
"Pichon, René",No hay datos,http://viaf.org/viaf/88050219,Información general de la literatura latina.,fre,Francés,No hay datos,Montevideo,La Casa del Estudiante,1976,No hay datos,Es manual de estudio./ Se rectificó lengua fuente de latín a francés./ Fuente del dato Año no oficial./ Fuente del dato Ciudad no oficial.
"Tolstoi, Lev Nikolaevich","Tolstoi, León",http://viaf.org/viaf/96987389,La muerte de Iván Illich.,rus,Ruso,No hay datos,Montevideo,La Casa del Estudiante,1976,No hay datos,Fuente del dato Año no oficial./ Fuente del dato Ciudad no oficial.
"Balzac, Honoré de",No hay datos,http://viaf.org/viaf/29529595,Prólogo de La comedia humana.,fre,Francés,No hay datos,Montevideo,La Casa del Estudiante,1976,"Rela, Walter",Fuente del dato Año no oficial./ Fuente del dato Ciudad no oficial./ Se añadió dato traductor. Fuente: BN campo Título.
"Bradley, Andrew Cecil",No hay datos,http://viaf.org/viaf/51737969,"Macbeth : la atmósfera, las brujas... / trad. Idea Vilariño.",eng,Inglés,No hay datos,Montevideo,Editorial Técnica,1976,"Vilariño, Idea",Se añadió dato traductor. Fuente: BN campo Título y catálogo de la Biblioteca del Poder Legislativo.
"Chekhov, Anton Pavlovich","Chejov, Anton Pavlovich",http://viaf.org/viaf/95216565,La dama del perrito.,rus,Ruso,No hay datos,Montevideo,Editorial Técnica,1976,No hay datos,No hay datos
"Cioiset, Maurice",No hay datos,http://viaf.org/viaf/41856962,"Tragedia de Esquilo : La Orestíada, Agamenón.",fre,Francés,No hay datos,Montevideo,La Casa del Estudiante,1976,"Varela, Servando",Fuente del dato Ciudad no oficial./ Fuente del dato Año no oficial./ Se rectificó lengua fuente de griego a francés. Sería una traducción indirecta a través del francés.
"Fast, Howard Melvin",No hay datos,http://viaf.org/viaf/108416567,El general derribó a un ángel.,eng,Inglés,No hay datos,Montevideo,Selmar,1976,No hay datos,Fuente del dato Año no oficial.
"Freire, Tabaré J.",No hay datos,http://viaf.org/viaf/4601627,Homero.,gre,Griego,No hay datos,Montevideo,Ediciones del Partenón,1976,No hay datos,Es manual de estudio.
No hay datos,No hay datos,No hay datos,Grandes cuentos del mundo II / Sherwood Anderson... /et al./.,eng|fre|ita,Inglés|Francés|Italiano,No hay datos,Montevideo,Miguel Cleffi,1976,No hay datos,"Pertenece a la colección Club del Libro de Radio Sarandí./ Se recuperaron lenguas fuente (italiano, y francés)."
"Vernes, Henri",No hay datos,http://viaf.org/viaf/51696951,Acción en Tumbaga,fre,Francés,No hay datos,Montevideo,Selmar,1976,No hay datos,No hay datos
"Vernes, Henri",No hay datos,http://viaf.org/viaf/51696951,La mascara azul.,fre,Francés,No hay datos,Montevideo,Selmar,1976,No hay datos,Fuente del dato Año no oficial./ Fuente del dato Ciudad no oficial.
"Vernes, Henri",No hay datos,http://viaf.org/viaf/51696951,El aparecido de las tierras rojas.,fre,Francés,No hay datos,Montevideo,Selmar,1976,No hay datos,Fuente del dato Año no oficial./ Fuente del dato Ciudad no oficial.
"Sninrad, Norman",No hay datos,http://viaf.org/viaf/54154517,Agente del caos.,eng,Inglés,No hay datos,Montevideo,Selmar,1976,No hay datos,Fuente del dato Año no oficial.
"Burroughs, Edgar Rico",No hay datos,http://viaf.org/viaf/17220001,Una princesa de Marte.,eng,Inglés,No hay datos,Montevideo,Selmar,1976,No hay datos,Fuente del dato Año no oficial.
"Diok, Philip K.",No hay datos,http://viaf.org/viaf/27063583,Gestarescala.,eng,Inglés,No hay datos,Montevideo,Selmar,1976,No hay datos,Fuente del dato Año no oficial.
"Farmer, Philip José",No hay datos,http://viaf.org/viaf/46760781,El fabuloso barco del río.,eng,Inglés,No hay datos,Montevideo,Selmar,1976,No hay datos,Fuente del dato Año no oficial.
"Waldo, Edward Hamilton","Sturgeon, Theodore",http://viaf.org/viaf/253256323,Las invasiones jubilosas / Theodore Sturgeon/ seud./,eng,Inglés,No hay datos,Montevideo,Selmar,1976,No hay datos,Fuente del dato Año no oficial.
"Kafka, Franz",No hay datos,"http://viaf.org/viaf/56611857
",Carta al padre.,ger,Alemán,No hay datos,Montevideo,Editorial Técnica,1976,No hay datos,No hay datos
No hay datos,No hay datos,No hay datos,Grandes cuentos de humor,eng|jpn|fre|rus,Inglés|Japonés|Francés|Ruso,No hay datos,Montevideo,Miguel Cleffi,1976,No hay datos,"Se rectificó lengua fuente de alemán a inglés, ruso, japonés y francés./ Pertenece a la colección Club del Libro de Radio Sarandí."
"Haecker, T.",No hay datos,http://viaf.org/viaf/59168826,Virgilio : estudio sobre las bucólicas y las georgicas,ger,Alemán,No hay datos,Montevideo,La Casa del Estudiante,1976,No hay datos,Se rectificó lengua fuente de griego a alemán.
"Bradley, A. C.",No hay datos,http://viaf.org/viaf/51737969,Hamlet,eng,Inglés,No hay datos,Montevideo,Editorial Técnica,1976,"Moro, América",Se añadió dato traductor. Fuente: catálogo de la Biblioteca del Poder Legislativo.
"Robert, Fernand",No hay datos,http://viaf.org/viaf/7468066,La literatura griega.,fre,Francés,No hay datos,Montevideo,La Casa del Estudiante,1976,No hay datos,Es manual de estudio./ Fuente del dato Año no oficial./ Fuente del dato Ciudad no oficial.
"Padilha, Telmo",No hay datos,http://viaf.org/viaf/40619339,Teorema : poemas / trad. de Soledad López.,por,Portugués,No hay datos,Montevideo,Ediciones de Banda Oriental,1977,"López, Soledad",Fuente del dato Año no oficial./ Fuente del dato Ciudad no oficial./ Se añadió dato traductor. Fuente: BN campo Título. 
"Assis, Joaquim Maria Machado de",No hay datos,http://viaf.org/viaf/95151633,La casa verde de Itaguai : novela.,por,Portugués,No hay datos,Montevideo,Árbol Impresores,1977,"Silva Vila, María Inés",Pertenece a la colección Club del Libro de Radio Sarandí./ Fuente del dato Año no oficial. / Se añadió dato traductor. Fuente: catálogo de la Biblioteca del Poder Legislativo.
"Balzac, Honoré de",No hay datos,http://viaf.org/viaf/29529595,La búsqueda de lo absoluto,fre,Francés,No hay datos,Montevideo,Árbol Impresores,1977,"Silva Vila, María Inés",Pertenece a la colección Club del Libro de Radio Sarandí./ Fuente del dato Año no oficial. / Se añadió dato traductor. Fuente: catálogo de la Biblioteca del Poder Legislativo.
"Chekhov, Anton Pavlovich","Chejov, Anton Pavlovich",http://viaf.org/viaf/95216565,Cuentos.,rus,Ruso,No hay datos,Montevideo,Árbol Impresores,1977,No hay datos,Pertenece a la colección Club del Libro de Radio Sarandí./ Fuente del dato Año no oficial. 
"Dickens, Charles",No hay datos,http://viaf.org/viaf/88666393,Cuentos.,eng,Inglés,No hay datos,Montevideo,Árbol Impresores,1977,No hay datos,Pertenece a la colección Club del Libro de Radio Sarandí./ Fuente del dato Año no oficial. 
"Doyle, sir Arthur Conan",No hay datos,http://viaf.org/viaf/65283845,Grandes casos de Sherlock Holmes.,eng,Inglés,No hay datos,Montevideo,Árbol Impresores,1977,No hay datos,Pertenece a la colección Club del Libro de Radio Sarandí./ Fuente del dato Año no oficial. 
Eurípides,No hay datos,http://viaf.org/viaf/265326651,Ifigenia en Aulide.,gre,Griego,No hay datos,Montevideo,Editorial Técnica,1977,No hay datos,Fuente del dato Año no oficial./ Fuente del dato Ciudad no oficial.
Eurípides,No hay datos,http://viaf.org/viaf/265326651,Medea / con una biografía del autor y un estudio preliminar de la obra de Winston Nelson Marra.,gre,Griego,No hay datos,Montevideo,La Casa del Estudiante,1977,No hay datos,Es manual de estudio./ Fuente del dato Año no oficial./ Fuente del dato Ciudad no oficial. 
"Hitchcock, Alfred Joseph",No hay datos,http://viaf.org/viaf/49226917,Una cuestión de ética.,eng,Inglés,No hay datos,Montevideo,Selmar,1977,No hay datos,Fuente del dato Año no oficial.
"Hitchcock, Alfred Joseph",No hay datos,http://viaf.org/viaf/49226917,Un motivo de riesgo.,eng,Inglés,No hay datos,Montevideo,Selmar,1977,No hay datos,Fuente del dato Año no oficial.
"Kafka, Franz",No hay datos,http://viaf.org/viaf/56611857,"La metamorfosis, texto y comentario.",ger,Alemán,No hay datos,Montevideo,No hay datos,1977,No hay datos,Es manual de estudio./ Se recuperó lengua fuente (alemán).
"Lucrecio Caro, Tito",No hay datos,http://viaf.org/viaf/100197567,La naturaleza de las cosas / prol. y selec. Tabaré J. Freire.,lat,Latín,No hay datos,Montevideo,La Casa del Estudiante,1977,No hay datos,Fuente del dato Año no oficial.
"Mansfield, Katherine","Beauchamp, Kathleen",http://viaf.org/viaf/41843502,Cuentos.,eng,Inglés,No hay datos,Montevideo,Árbol Impresores,1977,No hay datos,Pertenece a la colección Club del Libro de Radio Sarandí./ Fuente del dato Año no oficial. 
"Merimée, Prosper",No hay datos,http://viaf.org/viaf/44302582,Cuentos.,fre,Francés,No hay datos,Montevideo,Árbol Impresores,1977,No hay datos,Pertenece a la colección Club del Libro de Radio Sarandí./ Fuente del dato Año no oficial. 
Molière,"Poquelin, Jean-Baptiste",http://viaf.org/viaf/2474502,El avaro : comedia en cinco actos.,fre,Francés,No hay datos,Montevideo,La Casa del Estudiante,1977,No hay datos,Fuente del dato Año no oficial./ Fuente del dato Ciudad no oficial.
"Shakespeare, William",No hay datos,http://viaf.org/viaf/96994048,"Macbeth / trad., prol. y notas de Idea Vilariño.",eng,Inglés,No hay datos,Montevideo,Editorial Técnica,1977,"Vilariño, Idea",Fuente del dato Año no oficial./ Fuente del dato Ciudad no oficial./ Se añadió dato traductor. Fuente: BN campo Título.
Sófocles,No hay datos,http://viaf.org/viaf/101760867,Edipo rey. Antígona.,gre,Griego,No hay datos,Montevideo,La Casa del Estudiante,1977,No hay datos,Fuente del dato Año no oficial./ Fuente del dato Ciudad no oficial.
Sófocles,No hay datos,http://viaf.org/viaf/101760867,Edipo rey. Antígona.,gre,Griego,No hay datos,Montevideo,Editorial Técnica,1977,No hay datos,Fuente del dato Año no oficial.
"Tolstoi, Lev Nikolaevich","Tolstoi, León",http://viaf.org/viaf/96987389,La muerte de Iván Illich.,rus,Ruso,No hay datos,Montevideo,La Casa del Estudiante,1977,No hay datos,Fuente del dato Año no oficial./ Fuente del dato Ciudad no oficial.
"Vernes, Henri",No hay datos,http://viaf.org/viaf/51696951,La amenaza de la sombra amarilla.,fre,Francés,No hay datos,Montevideo,Selmar,1977,No hay datos,Fuente del dato Año no oficial./ Fuente del dato Ciudad no oficial.
"Vernes, Henri",No hay datos,http://viaf.org/viaf/51696951,La máscara azul.,fre,Francés,No hay datos,Montevideo,Selmar,1977,No hay datos,Fuente del dato Año no oficial.
"Vernes, Henri",No hay datos,http://viaf.org/viaf/51696951,El templo de les cocodrilos.,fre,Francés,No hay datos,Montevideo,Selmar,1977,No hay datos,Fuente del dato Año no oficial./ Fuente del dato Ciudad no oficial.
"Voltaire, Francois Marie Arouet de","Arouet, François-Marie",http://viaf.org/viaf/36925746,Cándido / Voltaire ; con pról. y comentarios de Hyalmar Blixen.,fre,Francés,No hay datos,Montevideo,La Casa del Estudiante,1977,No hay datos,Es manual de estudio.
"Voltaire, Francois Marie Arouet de","Arouet, François-Marie",http://viaf.org/viaf/36925746,Micromegas. Cándido.,fre,Francés,No hay datos,Montevideo,Editorial Técnica,1977,"Blengio Brito, Raúl",Fuente del dato Año no oficial.
No hay datos,No hay datos,No hay datos,Cuentos norteamericanos,eng,Inglés,No hay datos,Montevideo,Club del Libro de radio Sarandí,1977,No hay datos,Pertenece a la colección Club del Libro de Radio Sarandí.
No hay datos,No hay datos,No hay datos,Grandes cuentos del mundo,ger,Alemán,No hay datos,Montevideo,Miguel Cleffi,1977,No hay datos,Pertenece a la colección Club del Libro de Radio Sarandí.
No hay datos,No hay datos,No hay datos,Cuentos raros y curiosos,ger,Alemán,No hay datos,Montevideo,Miguel Cleffi,1977,No hay datos,Pertenece a la colección Club del Libro de Radio Sarandí.
No hay datos,No hay datos,No hay datos,Grandes cuentos de amor,ger,Alemán,No hay datos,Montevideo,Club del Libro de Radio Sarandí,1977,No hay datos,Pertenece a la colección Club del Libro de Radio Sarandí.
Eurípides,No hay datos,http://viaf.org/viaf/265326651,Euripides,gre,Griego,No hay datos,Montevideo,Editorial Técnica,1977,No hay datos,Es manual de estudio.
"Ibsen, Henrik",No hay datos,http://viaf.org/viaf/71378383,Espectros.,nor,Noruego,No hay datos,Montevideo,La Casa del Estudiante,1977,No hay datos,Es manual de estudio./ Se rectifico lengua fuente de alemán a noruego./ Fuente del dato Ciudad no oficial.
"Mirza, Roger",No hay datos,http://viaf.org/viaf/76472617,Baudelaire. El Romanticismo y la Poesía Moderna,fre,Francés,No hay datos,Montevideo,Editorial Técnica,1977,"Mirza, Roger",Es manual de estudio./ Se rectificó lengua fuente de español a francés./ Se añadió dato traductor. Fuente: catálogo de la Biblioteca del Poder Legislativo.
Molière,"Poquelin, Jean-Baptiste",http://viaf.org/viaf/2474502,Tartufo / Moliere ; versión estudio y notas Alberto Alves Patiño.,fre,Francés,No hay datos,Montevideo,Ediciones de la Plaza,1978,"Alves Patiño, Alberto",Se añadió dato traductor. Fuente: BN campo Título.
"Pirandello, Luigi",No hay datos,http://viaf.org/viaf/64010465,Cuentos / L. Pirandello.,ita,Italiano,No hay datos,Montevideo,Miguel Cleffi,1978,"Silva Vila, María Inés",Pertenece a la colección Club del Libro de Radio Sarandí./ Se añadió dato traductor. Fuente: catálogo de la Biblioteca del Poder Legislativo.
"Proust, Marcel",No hay datos,http://viaf.org/viaf/32001793,Un relato.,fre,Francés,No hay datos,Montevideo,CELE,1978,No hay datos,Pertenece a la colección Club del Libro de Radio Sarandí.
"Shakespeare, William",No hay datos,http://viaf.org/viaf/96994048,Hamlet / Shakespeare : estudios y notas Ivonne Uturbey.,eng,Inglés,No hay datos,Montevideo,Ediciones de la Plaza,1978,No hay datos,Es manual de estudio. 
Stendhal,"Beyle, Marie-Henri",http://viaf.org/viaf/17823,Armancia / Stendhal.,fre,Francés,No hay datos,Montevideo,Panel Editores,1978,No hay datos,No hay datos
Tristán,No hay datos,No hay datos,Tristán e Isolda : novela / versión María Inés Silva Vila.,ger,Alemán,No hay datos,Montevideo,CELE,1978,"Silva Vila, María Inés",Pertenece a la colección Club del Libro de Radio Sarandí./ Se añadió dato traductor. Fuente: BN campo Título.
"Turgenev, Ivan",No hay datos,http://viaf.org/viaf/41847346,Aguas de primavera / Ivan Turgenev ; pról de Alejandro Paternain.,rus,Ruso,No hay datos,Montevideo,Ediciones de Banda Oriental,1978,No hay datos,No hay datos
"Voltaire, Francois Marie Arouet de","Arouet, François-Marie",http://viaf.org/viaf/36925746,Candido o El optimismo / Voltaire ; tr. noticia preliminar y notas de R. Bula Piriz.,fre,Francés,No hay datos,Montevideo,Talleres Gráficos de A. Monteverde y Cía,1978,"Bula Píriz, Roberto",Se añadió dato traductor. Fuente: BN campo Título y catálogo de la Biblioteca del Poder Legislativo.
"Voltaire, Francois Marie Arouet de","Arouet, François-Marie",http://viaf.org/viaf/36925746,Micromegas / Voltaire ; traducción y notas de Raúl Blengio Brito.,fre,Francés,No hay datos,Montevideo,La Casa del Estudiante,1978,"Blengio Brito, Raúl",Se añadió dato traductor. Fuente: BN campo Título y catálogo de la Biblioteca del Poder Legislativo.
"Asimov, Isaac",No hay datos,http://viaf.org/viaf/24597135,Los viudas negras.,eng,Inglés,No hay datos,Montevideo,Intersea Saic,1978,No hay datos,Fuente del dato Ciudad no oficial. 
"Balzac, Honoré de",No hay datos,http://viaf.org/viaf/29529595,"Papá Goriot / Balzac ; prol., traducción y notas de Rogelio Mirza.",fre,Francés,No hay datos,Montevideo,Editorial Técnica,1978,"Mirza, Roger",Es manual de estudio.
"Chekhov, Anton Pavlovich","Chejov, Anton Pavlovich",http://viaf.org/viaf/95216565,En el barranco y otros relatos / Antón Chejov.,rus,Ruso,No hay datos,Montevideo,Panel Editores,1978,No hay datos,Es antología. 
"Fenoglio, Beppe",No hay datos,http://viaf.org/viaf/61545609,La paga del diablo / novela / Fenoglio.,ita,Italiano,No hay datos,Montevideo,CELE,1978,No hay datos,Pertenece a la colección Club del Libro de Radio Sarandí.
"Fitzgerald, Francis Scott Key",No hay datos,http://viaf.org/viaf/100254195,Cuentos / Scott Fitzgerald.,eng,Inglés,No hay datos,Montevideo,CELE,1978,No hay datos,Pertenece a la colección Club del Libro de Radio Sarandí.
"Crane, Stephen",No hay datos,http://viaf.org/viaf/100175928,La roja insignia del coraje.,eng,Inglés,No hay datos,Montevideo,Panel Editores,1978,"Percovich, Alfredo",Se añadió dato traductor. Fuente: catálogo de la Biblioteca del Poder Legislativo.
"Crane, Stephen",No hay datos,http://viaf.org/viaf/100175928,La roja insignia del coraje : un episodio de la guerra civil estadounidense / Stephen Crane : traducción y pról. de Alfredo Percovich.,eng,Inglés,No hay datos,Montevideo,Ediciones de Banda Oriental,1978,"Percovich, Alfredo",Se añadió dato traductor. Fuente: BN campo Título.
"Dostoievski, Fedor","Dostoyevsky, Fyodor",http://viaf.org/viaf/104023256,El jugador : novela / Dostoiewski.,rus,Ruso,No hay datos,Montevideo,CELE,1978,No hay datos,Pertenece a la colección Club del Libro de Radio Sarandí.
"Eca de Queiroz, José María",No hay datos,http://viaf.org/viaf/88719234,El primo Basilio / Eca de Queiroz.,por,Portugués,No hay datos,Montevideo,Panel Editores,1978,No hay datos,No hay datos
No hay datos,No hay datos,No hay datos,Grandes escritoras del siglo XX / Carson Mc Cullers... /et. al./.,eng,Inglés,No hay datos,Montevideo,CELE,1978,No hay datos,Pertenece a la colección Club del Libro de Radio Sarandí.
"Hesse, Hermann",No hay datos,http://viaf.org/viaf/41841418,Siddharta.,ger,Alemán,No hay datos,Montevideo,La Casa del Estudiante,1978,No hay datos,No hay datos
"Kafka, Franz",No hay datos,http://viaf.org/viaf/56611857,Cuentos / Kafka.,ger,Alemán,No hay datos,Montevideo,CELE,1978,No hay datos,Pertenece a la colección Club del Libro de Radio Sarandí.
"Kleist, Heinrich von",No hay datos,http://viaf.org/viaf/7392307,Cuentos / von Kleist.,ger,Alemán,No hay datos,Montevideo,CELE,1978,No hay datos,Pertenece a la colección Club del Libro de Radio Sarandí.
"Korfi, Taso",No hay datos,No hay datos,Poemas / Taso Korfi ; traducidos y editados por Lucila Romero.,gre,Griego,No hay datos,Montevideo,Artecolor Impresora,1978,"Romero, Lucila",Se añadió dato traductor. Fuente: BN campo Título y catálogo de la Biblioteca del Poder Legislativo.
"Lucrecio Caro, Tito",No hay datos,http://viaf.org/viaf/100197567,"Lucrecio & Horacio / selección, estudios y anotaciones Prof. Luis V. Anastasia.",lat,Latín,No hay datos,Montevideo,Ediciones de la Plaza,1978,No hay datos,Es manual de estudio./ Fuente del dato Ciudad no oficial./ Fuente del dato Año no oficial.
Sófocles,No hay datos,http://viaf.org/viaf/101760867,Edipo rey ; Antígona / estudio y notas Ivonne Uturbey.,gre,Griego,No hay datos,Montevideo,Ediciones de la Plaza,1978,No hay datos,Es manual de estudio./ Fuente del dato Año no oficial.
"Tolstoi, León","Tolstoi, Lev Nikolaevich",http://viaf.org/viaf/96987389,La muerte de Ivan Ilich.,rus,Ruso,No hay datos,Montevideo,Ediciones de Banda Oriental,1978,No hay datos,No hay datos
No hay datos,No hay datos,No hay datos,Las mil y una noches,ara,Árabe,No hay datos,Montevideo,Miguel Cleffi,1978,No hay datos,Pertenece a la colección Club del Libro de Radio Sarandí./ Se recuperó lengua fuente (árabe).
"Ionesco, Eugene",No hay datos,http://viaf.org/viaf/17224288,La lección : drama cómico,fre,Francés,No hay datos,Montevideo,La Casa del Estudiante,1978,No hay datos,No hay datos
"Germain, François",No hay datos,No hay datos,Molière : vida y obra,fre,Francés,No hay datos,Montevideo,La Casa del Estudiante,1978,No hay datos,Es manual de estudio.
"Baudelaire, Charles",No hay datos,http://viaf.org/viaf/17218730,Las flores del mal,fre,Francés,No hay datos,Montevideo,Ediciones de Banda Oriental,1978,"Gómez Mango, Edmundo",Fuente del dato Ciudad no oficial./ Se agregó dato traductor. Fuente: catálogo de la Biblioteca del Poder Legislativo.
"Balzac, Honoré de",No hay datos,http://viaf.org/viaf/29529595,Prólogo de La comedia humana / Balzac ; traducción de Walter Rela.,fre,Francés,No hay datos,Montevideo,Librería Editorial Ciencias,1979,"Rela, Walter",Se añadió dato traductor. Fuente: BN campo Título.
"Maupassant, Guy de",No hay datos,http://viaf.org/viaf/29537765,Cuentas / Maupassant.,fre,Francés,No hay datos,Montevideo,CELE,1979,No hay datos,Pertenece a la colección Club del Libro de Radio Sarandí.
"Maupassant, Guy de",No hay datos,http://viaf.org/viaf/29537765,La madre salvaje y otros relatos / Guy de Maupassant ; traducción y notas Alfredo Percovich ; selección y pról. Heber Rabillo.,fre,Francés,No hay datos,Montevideo,Ediciones de Banda Oriental,1979,"Percovich, Alfredo",Se añadió dato traductor. Fuente: BN campo Título.
"Meirelles, Cecilia",No hay datos,http://viaf.org/viaf/7405447,Mapa falso y otros poemas : antología bilingue / Cecilia Meirelles ; selección y estudio de Santiago Kovadloff ; trad. del portugués de Estela dos Santos.,por,Portugués,No hay datos,Montevideo,Calicanto,1979,"Dos Santos, Estela",Es antología./ Se añadió dato traductor. Fuente: BN campo Título y catálogo de la Biblioteca del Poder Legislativo.
Molière,"Poquelin, Jean-Baptiste",http://viaf.org/viaf/2474502,"El avaro / Moliere ; traducción, estudio y notas de Abril Trigo Ehlers.",fre,Francés,No hay datos,Montevideo,La Casa del Estudiante,1979,"Trigo Ehlers, Abril",Es manual de estudio./ Se añadió dato traductor. Fuente: BN campo Título y catálogo de la Biblioteca del Poder Legislativo.
"Pirandello, Luigi",No hay datos,http://viaf.org/viaf/64010465,Seis personajes en busca de un autor.,ita,Italiano,No hay datos,Montevideo,Editorial Técnica,1979,No hay datos,No hay datos
"Poe, Edgar Allan",No hay datos,http://viaf.org/viaf/60351476,Antología poética / Edgar A. Poe ; traducción y pról. Graciela Miguez.,eng,Inglés,No hay datos,Montevideo,La Casa del Estudiante,1979,"Míguez, Graciela",Es manual de estudio y antología./ Se añadió dato traductor. Fuente: BN campo Título y catálogo de la Biblioteca del Poder Legislativo.
"Poe, Edgar Allan",No hay datos,http://viaf.org/viaf/60351476,Poemas.,eng,Inglés,No hay datos,Montevideo,Editorial Técnica,1979,No hay datos,No hay datos
"Proust, Marcel",No hay datos,http://viaf.org/viaf/32001793,Por el camino de Swann / M. Proust ; pról. y selección Mercedes Rein.,fre,Francés,No hay datos,Montevideo,La Casa del Estudiante,1979,No hay datos,Es manual de estudio y antología.
"Quintana, Mario",No hay datos,http://viaf.org/viaf/71409841,"Objetos perdidos y otros poemas / Mario Quintana ; estudio introductorio, notas y selección de Santiago Kovadloff ; traducción de Estelados Santos",por,Portugués,No hay datos,Montevideo,Calicanto,1979,"Dos Santos, Estela",Se añadió dato traductor. Fuente: BN campo Título y catálogo de la Biblioteca del Poder Legislativo.
"Ricardo, Cassiano",No hay datos,http://viaf.org/viaf/76355666,La difícil mañana y otros poemas : antología bilingüe / Cassiano Ricardo ; Selección y estudios de Santiago Kovadloff ; traducción del portugués de Estela dos Santos.,por,Portugués,No hay datos,Montevideo,Calicanto Editorial,1979,"Dos Santos, Estela",Es antología bilingüe./ Se añadió dato traductor. Fuente: BN campo Título y catálogo de la Biblioteca del Poder Legislativo.
"Rosa, João Guimarães",No hay datos,http://viaf.org/viaf/59088739,Con el vaquero Mariano / Joao Guimaraes y Eduardo Milan ; pról. de Washington Benavídes.,por,Portugués,No hay datos,Montevideo,Ediciones de Banda Oriental,1979,"Benavides, Washington|Milán, Eduardo",Se añadió dato traductor. Fuente: catálogo de Biblioteca Colegio Seminario (Uruguay).
"Shakespeare, William",No hay datos,http://viaf.org/viaf/96994048,Macbeth / William Shakespeare ; estudio y notas Ivonne Uturbey.,eng,Inglés,No hay datos,Montevideo,Ediciones de la Plaza,1979,No hay datos,Es manual de estudio.
"Tolstoi, Lev Nikolaevich","Tolstoi, León",http://viaf.org/viaf/96987389,Amo y servidor : relatos / León Tolstoi ; prólogo de Jorge Albistur.,rus,Ruso,No hay datos,Montevideo,Ediciones de Banda Oriental,1979,No hay datos,No hay datos
"Tolstoi, Lev Nikolaevich","Tolstoi, León",http://viaf.org/viaf/96987389,La muerte de Ivan Ilich / León Tolstoi ; estudio y comentarios Susana de Jaureguy.,rus,Ruso,No hay datos,Montevideo,Ediciones de la Plaza,1979,No hay datos,Es manual de estudio.
"Voltaire, Francois Marie Arouet de","Arouet, François-Marie",http://viaf.org/viaf/36925746,Cándido / Voltaire ; traducción de Alfredo Percovich ; prol. y notas de Alejandro Paternain.,fre,Francés,No hay datos,Montevideo,Ediciones de Banda Oriental,1979,"Percovich, Alfredo",Se añadió dato traductor. Fuente: BN campo Título y catálogo de la Biblioteca del Poder Legislativo.
"Wharton, Edith",No hay datos,http://viaf.org/viaf/17230986,Cuentos.,eng,Inglés,No hay datos,Montevideo,CELE,1979,"Silva Vila, María Inés",Pertenece a la colección Club del Libro de Radio Sarandí./ Se añadió dato traductor. Fuente: BN campo Título y catálogo de la Biblioteca del Poder Legislativo.
"Woolf, Virginia",No hay datos,http://viaf.org/viaf/39385478,Flush : novela.,eng,Inglés,No hay datos,Montevideo,CELE,1979,No hay datos,No hay datos
"Andreiev, Leonid Nikolaevich","Andreyev, Leonid",http://viaf.org/viaf/76311189,Cuentos / Andreiev.,rus,Ruso,No hay datos,Montevideo,CELE,1979,No hay datos,Pertenece a la colección Club del Libro de Radio Sarandí.
"Bosco, Teresio",No hay datos,http://viaf.org/viaf/71387743,Miguel Magone y Fernando Caló.,ita,Italiano,No hay datos,Montevideo,Talleres Don Bosco,1979,No hay datos,No hay datos
No hay datos,No hay datos,No hay datos,Brasileños contemporáneos : cuentos / Joao Guimaraes Rosa... /et al./.,por,Portugués,No hay datos,Montevideo,CELE,1979,"Silva Vila, María Inés",Es antología. Pertenece a la colección Club del Libro de Radio Sarandí./ Se añadió dato traductor. Fuente: catálogo de la Biblioteca del Poder Legislativo./ 
"Buzzati, Dino",No hay datos,http://viaf.org/viaf/27061960,Cuentos.,ita,Italiano,No hay datos,Montevideo,CELE,1979,"Silva Vila, María Inés",Pertenece a la colección Club del Libro de Radio Sarandí./ Se añadió dato traductor. Fuente: catálogo de la Biblioteca del Poder Legislativo.
"Chekhov, Anton Pavlovich","Chejov, Anton Pavlovich",http://viaf.org/viaf/95216565,El jardín de los cerezos / Antón Chejov.,rus,Ruso,No hay datos,Montevideo,Editorial Técnica,1979,No hay datos,Es manual de estudio.
"Chekhov, Anton Pavlovich","Chejov, Anton Pavlovich",http://viaf.org/viaf/95216565,El jardín de los cerezos / Antón J. Chejov : traducción y estudio de Gustavo Martínez.,rus,Ruso,No hay datos,Montevideo,La Casa del Estudiante,1979,"Martínez, Gustavo",Es manual de estudio./ Se añadió dato traductor. Fuente: BN campo Título y catálogo de la Biblioteca del Poder Legislativo.
"Chekhov, Anton Pavlovich","Chejov, Anton Pavlovich",http://viaf.org/viaf/95216565,Las tres hermanas / Antón Chejov.,rus,Ruso,No hay datos,Montevideo,Editorial Técnica,1979,No hay datos,Es manual de estudio.
"Chekhov, Anton Pavlovich","Chejov, Anton Pavlovich",http://viaf.org/viaf/95216565,Tristeza y otros cuentos / Antón Chejov; selección de Heber Raviolo ; prólogo de Jorge Albistur.,rus,Ruso,No hay datos,Montevideo,Ediciones de Banda Oriental,1979,No hay datos,Es antología. 
"Conrad, Joseph",No hay datos,http://viaf.org/viaf/73862853,El duelo / Joseph Conrad ; prol. de Esteban Otero ; traducción de Dinorah Charles.,eng,Inglés,No hay datos,Montevideo,Ediciones de Banda Oriental,1979,"Charles, Dinorah",Se añadió dato traductor. Fuente: BN campo Título y catálogo de la Biblioteca del Poder Legislativo.
"Croiset, Maurice",No hay datos,http://viaf.org/viaf/41856962,"Tragedias de Esquilo : la Orestíada, Agamenón/ Mauricio Croiset.",fre,Francés,No hay datos,Montevideo,La Casa del Estudiante,1979,No hay datos,Es manual de estudio./ Se rectificó lengua fuente de griego a francés. Sería una traducción indirecta a través del griego.
"Doyle, sir Arthur Conan",No hay datos,http://viaf.org/viaf/65283845,Estudio en escarlata / Arthur Conan Doyle ; pról. de Washington Benavídes.,eng,Inglés,No hay datos,Montevideo,Ediciones de Banda Oriental,1979,No hay datos,No hay datos
Esquilo,No hay datos,http://viaf.org/viaf/268526195,Prometeo encadenado.,gre,Griego,No hay datos,Montevideo,Editorial Técnica,1979,No hay datos,Es manual de estudio.
Eurípides,No hay datos,http://viaf.org/viaf/265326651,Hipólito.,gre,Griego,No hay datos,Montevideo,La Casa del Estudiante,1979,"Freire, Tabaré J.",Es manual de estudio./ Se añadió dato traductor. Fuente: catálogo de la Biblioteca del Poder Legislativo.
"Ferreira, José Ribamar","Gullar, Ferreira",http://viaf.org/viaf/117641089,"Hombre común y otros poemas / Ferreira Gullar [i.e. José Ribamar Ferreira] ; selección, traducción del portugués, estudio y notas de Santiago Kovadloff.",por,Portugués,No hay datos,Montevideo,Calicanto,1979,"Kovadloff, Santiago",Es antología./ Se añadió dato traductor. Fuente: BN campo Título.
"Goethe, Johann Wolfgang",No hay datos,http://viaf.org/viaf/24602065,Werther / Goethe.,ger,Alemán,No hay datos,Montevideo,Editorial Técnica,1979,No hay datos,No hay datos
"Greene, Graham",No hay datos,http://viaf.org/viaf/59083415,La fortuna del perdedor: novela,eng,Inglés,No hay datos,Montevideo,CELE,1979,No hay datos,Pertenece a la colección Club del Libro de Radio Sarandí.
"Hemingway, Ernest",No hay datos,http://viaf.org/viaf/97006051,"El viejo y el mar / Ernest Hemingway ; traducción, pról. y notas de Roberto Apprato.",eng,Inglés,No hay datos,Montevideo,Editorial Técnica,1979,"Appratto, Roberto",Es manual de estudio./ Se añadió dato traductor. Fuente: BN campo Título.
Horacio,No hay datos,http://viaf.org/viaf/297484381,Horacio : antología y estudio.,lat,Latín,No hay datos,Montevideo,La Casa del Estudiante,1979,No hay datos,Es manual de estudio y antología.
"Kipling, Rudyard",No hay datos,http://viaf.org/viaf/7524679,Cuentos.,eng,Inglés,No hay datos,Montevideo,CELE,1979,No hay datos,Pertenece a la colección Club del Libro de Radio Sarandí.
"Ibsen, Henrik",No hay datos,http://viaf.org/viaf/71378383,Espectros,nor,Noruego,No hay datos,Montevideo,La Casa del Estudiante,1979,No hay datos,Se recuperó lengua fuente (noruego).
"Stevenson, Robert Louis",No hay datos,http://viaf.org/viaf/95207986,Las nuevas mil y una noches,eng,Inglés,No hay datos,Montevideo,Centro Editor de América Latina,1979,"Bonano, Antonio",Se añadió dato traductor. Fuente: catálogo de la Biblioteca del Poder Legislativo.
"Ciceron, Marco Tulio",No hay datos,http://viaf.org/viaf/78769600,La primera catilinaria,lat,Latín,No hay datos,Montevideo,La Casa del Estudiante,1979,No hay datos,No hay datos
"Pichon, R.",No hay datos,http://viaf.org/viaf/88050219,Información general de la literatura latina,fre,Francés,No hay datos,Montevideo,La Casa del Estudiante,1979,No hay datos,Es manual de estudio./ Se rectificó lengua de latín a francés.
Bhartrihari,No hay datos,http://viaf.org/viaf/265079553,Epigramas,san,Sánscrito,No hay datos,Montevideo,Universidad de la República. Dirección General de Extensión Universitaria,1979,"Altuchov, Nicolás",Se recuperó lengua fuente (sánscrito)./ Se añadió dato traductor. Fuente: catálogo de Biblioteca del Poder Legislativo.
Molière,"Poquelin, Jean-Baptiste",http://viaf.org/viaf/2474502,"Tartufo / Moliere ; versión, estudio y notas Alberto Alves Patiño.",fre,Francés,No hay datos,Montevideo,Ediciones de la Plaza,1980,"Alves Patiño, Alberto",Es manual de estudio./ Se añadió dato traductor. Fuente: BN campo Título.
"Poe, Edgar Allan",No hay datos,http://viaf.org/viaf/60351476,Antología poética / Edgar Allan Poe. Filosofía de la composición / notas y análisis Miriam Figueras.,eng,Inglés,No hay datos,Montevideo,Ciencias,1980,No hay datos,Es manual de estudio y antología.
"Porter, William Sidney","Henry, O.",http://viaf.org/viaf/46770914,La cuadratura del círculo / O'Henry [i.e William Sidney Porter] ; selección de Heber Raviolo ; pról. de Alejandro Paternain.,eng,Inglés,No hay datos,Montevideo,Ediciones de Banda Oriental,1980,No hay datos,No hay datos
"Racine, Jean Baptiste",No hay datos,http://viaf.org/viaf/88809641,"Fedra / Jean Racine ; traducción, pról. y notas por Gustavo Martínez.",fre,Francés,No hay datos,Montevideo,La Casa del Estudiante,1980,"Martínez, Gustavo",Es manual de estudio./ Se añadió dato traductor. Fuente: BN campo Título.
Sófocles,No hay datos,http://viaf.org/viaf/101760867,Edipo rey ; Antígona / Sófocles ; estudio y notas Ivonne Uturbey.,gre,Griego,No hay datos,Montevideo,Ediciones de la Plaza,1980,No hay datos,Es manual de estudio. 
"Steinbeck, John Ernst",No hay datos,http://viaf.org/viaf/96992551,Relatos de Tortilla Flat / John Steinbeck.,eng,Inglés,No hay datos,Montevideo,Club del Libro,1980,No hay datos,Pertenece a la colección Club del Libro de Radio Sarandí./ Fuente del dato Ciudad no oficial.
"Tolstoi, Lev Nikolaevich","Tolstoi, León",http://viaf.org/viaf/96987389,La muerte de Ivan Ilich / León Tolstoi.,rus,Ruso,No hay datos,Montevideo,La Casa del Estudiante,1980,No hay datos,No hay datos
"Wells, Herbert George",No hay datos,http://viaf.org/viaf/97006424,Cuentos / H. G. Wells.,eng,Inglés,No hay datos,Montevideo,CELE,1980,"Silva Vila, María Inés",Pertenece a la colección Club del Libro de Radio Sarandí./ Se añadió dato traductor. Fuente: catálogo de la Biblioteca del Poder Legislativo.
"Anastasía Sosa, Luis V.",No hay datos,http://viaf.org/viaf/310569291,"Lucrecio y Horacio / selección, estudios y anotaciones Luis V. Anastasia.",lat,Latín,No hay datos,Montevideo,Ediciones de la Plaza,1980,No hay datos,Es manual de estudio.
"Calvino, Italo",No hay datos,http://viaf.org/viaf/8520,El vizconde partido al medio : novela.,ita,Italiano,No hay datos,Montevideo,CELE,1980,"Silva Vila, María Inés",Pertenece a la colección Club del Libro de radio Sarandí./ Se añadió dato traductor. Fuente: catálogo de la Biblioteca del Poder Legislativo.
No hay datos,No hay datos,No hay datos,El castillo en el aire : cuento bretón.,fre,Francés,No hay datos,Montevideo,Edit. Anumati,1980,No hay datos,No hay datos
"Daudet, Alphonse",No hay datos,http://viaf.org/viaf/4928621,Tartarín de Tarascon : novela.,fre,Francés,No hay datos,Montevideo,CELE,1980,"Silva Vila, María Inés",Pertenece a la colección Club del Libro de Radio Sarandí./ Se añadió dato traductor. Fuente: catálogo de la Biblioteca del Poder Legislativo.
No hay datos,No hay datos,No hay datos,El duende de la aguada : cuento bretón.,fre,Francés,No hay datos,Montevideo,Edit. Anumati,1980,No hay datos,No hay datos
Esquilo,No hay datos,http://viaf.org/viaf/268526195,Agamemnon.,gre,Griego,No hay datos,Montevideo,Editorial Técnica,1980,No hay datos,No hay datos
"Faulkner, William",No hay datos,http://viaf.org/viaf/39376770,Cuentos.,eng,Inglés,No hay datos,Montevideo,CELE,1980,No hay datos,Pertenece a la colección Club del Libro de Radio Sarandí.
"Gogol, Nikolai",No hay datos,http://viaf.org/viaf/54148306,Por qué riñeron Ivan Ivanovich e Ivan Nikiforovich / Nicolás Gogol ; pról. de Juan Francisco Costa Irisarri.,rus,Ruso,No hay datos,Montevideo,Ediciones de Banda Oriental,1980,No hay datos,No hay datos
"Hardy, Thomas",No hay datos,http://viaf.org/viaf/54148778,El predicador desconcertado : relatos / Thomas Hardy ; prol. de Washington Benavídes.,eng,Inglés,No hay datos,Montevideo,Ediciones de Banda Oriental,1980,No hay datos,No hay datos
"Harte, Bret",No hay datos,http://viaf.org/viaf/100194313,Los expulsados de Poker Flat : cuentos / Bret Harte ; selección de Heber Raviolo ; pról. de Washington Benavídes.,eng,Inglés,No hay datos,Montevideo,Ediciones de Banda Oriental,1980,No hay datos,Es antología. 
No hay datos,No hay datos,No hay datos,Lucrecio y Horacio,lat,Latín,No hay datos,Montevideo,Ediciones de la Plaza,1980,No hay datos,No hay datos
"Baudelaire, Charles",No hay datos,http://viaf.org/viaf/17218730,Las flores del mal,fre,Francés,No hay datos,Montevideo,Ediciones de Banda Oriental,1980,"Gómez Mango, Edmundo",Fuente del dato Ciudad no oficial./ Se recuperó dato traductor. Fuente: catálogo de la Biblioteca del Poder Legislativo.
"Ionesco, Eugene",No hay datos,http://viaf.org/viaf/17224288,La lección : drama cómico,fre,Francés,No hay datos,Montevideo,Editorial Técnica,1980,No hay datos,No hay datos
"Ibsen, Henrik",No hay datos,http://viaf.org/viaf/71378383,Casa de muñecas,nor,Noruego,No hay datos,Montevideo,Editorial Técnica,1980,No hay datos,Se rectificó lengua de alemán a noruego.
"Blixen, Hyalmar",No hay datos,http://viaf.org/viaf/17246395,"El cantar de Guilgamesh = Sha naqba imura / estudio preliminar, traducción y notas Haylmar Blixen",akk,Akkadiano,No hay datos,Montevideo,"Universidad de la República, División Publicaciones y Ediciones",1980,"Blixen, Hyalmar",Se rectificó lengua fuente de español a acadio./ Se añadió dato traductor. Fuente: BN campo Título.
"Miranda, Alvaro",No hay datos,http://viaf.org/viaf/36989448,Walt Whitman : estudio preliminar y antología de Hojas de hierba.,eng,Inglés,No hay datos,Montevideo,Kappa,1981,No hay datos,Es manual de estudio.
Platón,No hay datos,http://viaf.org/viaf/707144647713006825418,Fedon.,gre,Griego,No hay datos,Montevideo,La Casa del Estudiante,1981,No hay datos,No hay datos
"Pushkin, Aleksandr Sergeevich",No hay datos,http://viaf.org/viaf/66477450,La hija del capitán : novela / A. Pushkin ; prólogo de Juan Francisco Costa Irisarri.,rus,Ruso,No hay datos,Montevideo,Ediciones de Banda Oriental,1981,No hay datos,No hay datos
"Sand, George","Dupin de Dudevant, Aurore Lucile",http://viaf.org/viaf/46766944,Tamarís : novela de costumbres / por George Sand ; tr. por J. F. Saenz de Urraca.,fre,Francés,No hay datos,Montevideo,Imprenta a vapor de La España,1981,"Sáenz de Urraca, J. F.",Se añadió dato traductor. Fuente: BN campo Título. 
"Shakespeare, William",No hay datos,http://viaf.org/viaf/96994048,Hamlet / Shakespeare ; estudio preliminar de Jorge Albistur.,eng,Inglés,No hay datos,Montevideo,Ciencias,1981,No hay datos,No hay datos
"Stevenson, Robert Louis",No hay datos,http://viaf.org/viaf/95207986,La playa de Falesa / R.L. Stevenson prol. de Alejandro Paternain.,eng,Inglés,No hay datos,Montevideo,Ediciones de Banda Oriental,1981,No hay datos,No hay datos
"Tolstoi, Lev Nikolaevich","Tolstoi, León",http://viaf.org/viaf/96987389,La muerte de Ivan Ilich / Leon Tolstoi.,rus,Ruso,No hay datos,Montevideo,La Casa del Estudiante,1981,No hay datos,No hay datos
"Tolstoi, Lev Nikolaevich","Tolstoi, León",http://viaf.org/viaf/96987389,La muerte de Ivan Ilitch / León Tolstoi ; pról de Jorge Albistur.,rus,Ruso,No hay datos,Montevideo,Ediciones de Banda Oriental,1981,No hay datos,No hay datos
"Assis, Joaquim Maria Machado de",No hay datos,http://viaf.org/viaf/95151633,El alienista / Machado de Assis ; prólogo de Heber Raviolo.,por,Portugués,No hay datos,Montevideo,Ediciones de Banda Oriental,1981,No hay datos,No hay datos
"Baudelaire, Charles",No hay datos,http://viaf.org/viaf/17218730,"Las flores del mal / Baudelaire ; traducción, selección y comentarios de Edmundo Gómez Mango.",fre,Francés,No hay datos,Montevideo,Ediciones de Banda Oriental,1981,"Gómez Mango, Edmundo",Es antología./ Se añadió dato traductor. Fuente: BN campo Título.
"Cabrera, Brenda",No hay datos,http://viaf.org/viaf/88896061,Gibran Khalil Gibran.,ara,Árabe,No hay datos,Montevideo,Universidad de la República. Dirección General de Extensión Universitaria,1981,No hay datos,Es manual de estudio.
"Camus, Albert",No hay datos,http://viaf.org/viaf/97000332,El extranjero / Albert Camus.,fre,Francés,No hay datos,Montevideo,CELE,1981,No hay datos,Pertenece a la colección Club del Libro de Radio Sarandí.
"Chesterton, Gilbert Keith",No hay datos,http://viaf.org/viaf/14767719,El hombre que fue jueves (pesadilla) : novela / G.K. Chesterton.,eng,Inglés,No hay datos,Montevideo,Ediciones de Banda Oriental,1981,No hay datos,No hay datos
"Churchill, Sir Winston Leonard Spencer",No hay datos,http://viaf.org/viaf/94507588,Relatos.,eng,Inglés,No hay datos,Montevideo,CELE,1981,No hay datos,Fuente del dato Año no oficial./ Pertenece a la colección Club del Libro de Radio Sarandí.
"Conrad, Joseph",No hay datos,http://viaf.org/viaf/73862853,El duelo / Joseph Conrad ; pról. de Esteban Otero traducción de Dinorah Chales.,eng,Inglés,No hay datos,Montevideo,Ediciones de Banda Oriental,1981,"Chales, Dinorah",Se añadió dato traductor. Fuente: BN campo Título.
Eurípides,No hay datos,http://viaf.org/viaf/265326651,Hipólito.,gre,Griego,No hay datos,Montevideo,La Casa del Estudiante,1981,No hay datos,No hay datos
"Fitzgerald, Francis Scott Key",No hay datos,http://viaf.org/viaf/100254195,Historia de los twenties / F. Scott Fitzgerald ; pról. de Alejandro Paternain.,eng,Inglés,No hay datos,Montevideo,Ediciones de Banda Oriental,1981,No hay datos,No hay datos
"Goethe, Johann Wolfgang",No hay datos,http://viaf.org/viaf/24602065,Fausto : primera parte / Goethe.,ger,Alemán,No hay datos,Montevideo,Ediciones de Banda Oriental,1981,"Galmés, Héctor",Se añadió dato traductor. Fuente: catálogo de la Biblioteca del Poder Legislativo.
"James, Henry",No hay datos,http://viaf.org/viaf/36920030,Cuentos.,eng,Inglés,No hay datos,Montevideo,CELE,1981,No hay datos,Fuente del dato Año no oficial./ Se añadió dato traductor. Fuente: catálogo de la Biblioteca de Poder Legislativo./ Pertenece a la colección Club del Libro de Radio Sarandí.
"Kipling, Rudyard",No hay datos,http://viaf.org/viaf/7524679,La aldea de los muertos : relatos / Rudyard Kipling ; pról. de Washington Benavídez.,eng,Inglés,No hay datos,Montevideo,Ediciones de Banda Oriental,1981,No hay datos,No hay datos
"Ibsen, Henrik",No hay datos,http://viaf.org/viaf/71378383,Espectros,nor,Noruego,No hay datos,Montevideo,Editorial Técnica,1981,No hay datos,Se recuperó lengua fuente (noruego).
Aristófanes,No hay datos,http://viaf.org/viaf/20962036,Las ranas,gre,Griego,No hay datos,Montevideo,La Casa del Estudiante,1981,No hay datos,No hay datos
"O'Neill, Eugene Gladstone",No hay datos,http://viaf.org/viaf/24615441,Antes del desayuno / O'Neill.,eng,Inglés,No hay datos,Montevideo,Editorial Técnica,1982,No hay datos,No hay datos
"Tolstoi, Lev Nikolaevich","Tolstoi, León",https://viaf.org/viaf/96987389/,La muerte de Ivan Ilich / León Tolstoi.,rus,Ruso,No hay datos,Montevideo,Editorial Técnica,1982,No hay datos,No hay datos
"Baudelaire, Charles",No hay datos,http://viaf.org/viaf/17218730,"Las flores del mal = Les fleurs du mal / Charles Baudelaire : prólogo, traducción y notas de Beatriz Vegh de Falcao.",fre,Francés,No hay datos,Montevideo,Editorial Técnica,1982,"Vegh de Falcao, Beatriz",Se añadió dato traductor. Fuente: BN campo Título.
"Chekhov, Anton Pavlovich","Chejov, Anton Pavlovich",http://viaf.org/viaf/95216565,El jardín de los cerezos / Antón Chejov.,rus,Ruso,No hay datos,Montevideo,Editorial Técnica,1982,No hay datos,No hay datos
"Collins, Vjilliam Wilkie",No hay datos,http://viaf.org/viaf/95173526,Monkton el loco / Wilkie Collins; traducción y prólogo de Elvio E. Gandolfo.,eng,Inglés,No hay datos,Montevideo,Ediciones de Banda Oriental,1982,"Gandolfo, Elvio E.",Se añadió dato traductor. Fuente: BN campo Título.
"Dickinson, Emily",No hay datos,http://viaf.org/viaf/31995584,"Poemas y cartas / Emily Dickinson ; selección, traducción y pról. y epilogo Gastón Figueira.",eng,Inglés,No hay datos,Montevideo,Fastón Figueira,1982,"Figueira, Gastón ",Es antología./ Se añadió dato traductor. Fuente: BN campo Título y catálogo de la Biblioteca del Poder Legislativo.
Esquilo,No hay datos,http://viaf.org/viaf/268526195,Los persas ; Agamemnon.,gre,Griego,No hay datos,Montevideo,Editorial Técnica,1982,No hay datos,No hay datos
Eurípides,No hay datos,http://viaf.org/viaf/265326651,Hipólito / Eurípides ; estudio de Louis Méridier ; traducción Tabaré J. Freire.,gre,Griego,No hay datos,Montevideo,La Casa del Estudiante,1982,"Freire, Tabaré J.",Es manual de estudio./ Se añadió dato traductor. Fuente: BN campo Título.
"Goethe, Johann Wolfgang",No hay datos,http://viaf.org/viaf/24602065,Fausto / Goethe ; traducido por J. Roviralta Borrel.,ger,Alemán,No hay datos,Montevideo,Editorial Técnica,1982,"Roviralta Borrel, José",Se añadió dato traductor. Fuente: BN campo Título y catálogo de la Biblioteca del Poder Legislativo.
"Melville, Herman",No hay datos,http://viaf.org/viaf/27068555,Las encantadas / Herman Melville ; prólogo de Alejandro Paternain.,eng,Inglés,No hay datos,Montevideo,Ediciones de Banda Oriental,1982,No hay datos,No hay datos
"Roumain, Jacques",No hay datos,http://viaf.org/viaf/49230970,Los gobernantes del rocío,fre,Francés,No hay datos,Montevideo,Ediciones de Banda Oriental,1982,No hay datos,No hay datos
"Chekhov, Anton Pavlovich","Chejov, Anton Pavlovich",http://viaf.org/viaf/95216565,Las tres hermanas / Antón Chejov ; prólogo de Jorge Albistur ; traducción de Lydia Kuper.,rus,Ruso,No hay datos,Montevideo,Ediciones de Banda Oriental,1983,"Kuper, Lydia",Se añadió dato traductor. Fuente: BN campo Título y catálogo de la Biblioteca del Poder Legislativo.
"Conrad, Joseph",No hay datos,http://viaf.org/viaf/73862853,Dos historias del mar / Joseph Conrad ; prólogo de Alejandro Paternain.,eng,Inglés,No hay datos,Montevideo,Ediciones de Banda Oriental,1983,No hay datos,No hay datos
"Faulkner, William",No hay datos,http://viaf.org/viaf/39376770,"¡Absalón, Absalón! / William Faulkner ; fragmentos escogidos, selección realizada por María Emilia Souto.",eng,Inglés,No hay datos,Montevideo,Consejo de Educación Secundaria Básica y Superior,1983,No hay datos,Es antología. 
"Frank, Paulina Marta",No hay datos,http://viaf.org/viaf/110150323820709972508,La última palabra : Novela mística / Paulina M. Frank ; traductora Nelsa Paz.,por,Portugués,No hay datos,Montevideo,Multigraf,1983,"Paz, Nelsa ",Se añadió dato traductor. Fuente: BN campo Título y catálogo de la Biblioteca del Poder Legislativo.
"Garnett, Richard",No hay datos,http://viaf.org/viaf/56625067,"La doncella ponzoñosa : cuentos / Richard Garnett , pról. Elvio E. Gandolfo.",eng,Inglés,No hay datos,Montevideo,Ediciones de Banda Oriental,1983,No hay datos,No hay datos
"Goethe, Johann Wolfgang",No hay datos,http://viaf.org/viaf/24602065,Fausto primera parte / Goethe traducción de Héctor Galmés.,ger,Alemán,No hay datos,Montevideo,Ediciones de Banda Oriental,1983,"Galmés, Héctor",Se añadió dato traductor. Fuente: BN campo Título.
"Hudson, William Henry",No hay datos,http://viaf.org/viaf/7391698,El ombú y otros cuentos / W.H. Hudson ; prólogo de Heber Raviolo.,eng,Inglés,No hay datos,Montevideo,Ediciones de Banda Oriental,1983,No hay datos,No hay datos
"Pirandello, Luigi",No hay datos,http://viaf.org/viaf/64010465,Seis personajes en busca de un autor.,ita,Italiano,No hay datos,Montevideo,Editorial Técnica,1983,No hay datos,No hay datos
"Tolstoi, Lev Nikolaevich","Tolstoi, León",https://viaf.org/viaf/96987389/,La muerte de Ivan Ilitch / León Tolstoi ; prólogo de Jorge Albistur.,rus,Ruso,No hay datos,Montevideo,Ediciones de Banda Oriental,1983,No hay datos,No hay datos
"Vasconcelos, José Mauro de",No hay datos,http://viaf.org/viaf/73861065,El padrillo / José Mauro de Vasconcelos ; traducción y notas de Haydée M. Jofre Barroso.,por,Portugués,No hay datos,Montevideo,Centro Exclusivo,1983,"Jofre Barroso, Haydée M.",Se añadió dato traductor. Fuente: BN campo Título y catálogo de la Biblioteca del Poder Legislativo.
"Vasconcelos, José Mauro de",No hay datos,http://viaf.org/viaf/73861065,Raya de fuego / José Mauro de Vasconcelos ; traducción y notas de Haydée M. Jofre Barroso.,por,Portugués,No hay datos,Montevideo,Centro Exclusivo,1983,"Jofre Barroso, Haydée M.",Se añadió dato traductor. Fuente: BN campo Título y catálogo de la Biblioteca del Poder Legislativo.
"Verga, Giovanni",No hay datos,http://viaf.org/viaf/18647,La tierra y otros cuentos / Giovanni Verga ; prol. de Washington Benavídez.,ita,Italiano,No hay datos,Montevideo,Ediciones de Banda Oriental,1983,No hay datos,No hay datos
"Ionesco, Eugene",No hay datos,http://viaf.org/viaf/17224288,La lección : drama cómico.,fre,Francés,No hay datos,Montevideo,Editorial Técnica,1983,No hay datos,Es manual de estudio.
"Tolstoi, León","Tolstoi, Lev Nikolaevich",https://viaf.org/viaf/96987389/,Amo y servidor.,rus,Ruso,No hay datos,Montevideo,Ediciones de Banda Oriental,1984,No hay datos,Se recuperó lengua fuente (ruso).
"Merimee, Prosper",No hay datos,http://viaf.org/viaf/258611767,Carmen y otros cuentos,fre,Francés,No hay datos,Montevideo,Ediciones de Banda Oriental,1984,No hay datos,No hay datos
"Hawthorne, Nathaniel",No hay datos,http://viaf.org/viaf/44435463,Wakefield y otros cuentos,eng,Inglés,No hay datos,Montevideo,Ediciones de Banda Oriental,1984,"Albistur, Jorge",Es antología./ Se añadió dato traductor. Fuente: catálogo de la Biblioteca del Poder Legislativo.
"Hodgson, William Hope",No hay datos,http://viaf.org/viaf/24602763,Una voz en la orilla,eng,Inglés,No hay datos,Montevideo,Ediciones de Banda Oriental,1984,No hay datos,No hay datos
Stendhal,"Beyle, Marie-Henri",http://viaf.org/viaf/17823,Tres crónicas italianas,fre,Francés,No hay datos,Montevideo,Ediciones de Banda Oriental,1984,No hay datos,No hay datos
"Gorki, Máximo",No hay datos,http://viaf.org/viaf/96998392,Konovalov : relatos,rus,Ruso,No hay datos,Montevideo,Ediciones de Banda Oriental,1984,No hay datos,Se recuperó lengua fuente (ruso).
"Shakespeare, William",No hay datos,http://viaf.org/viaf/96994048,Shakesperianas : cinco sonetos,eng,Inglés,No hay datos,Montevideo,Corporación Gráfica,1984,No hay datos,No hay datos
"Akutagawa, Ryunosuke",No hay datos,http://viaf.org/viaf/28807,El biombo del infierno / prólogo de Elvio E. Gandolfo.,jpn,Japonés,No hay datos,Montevideo,Ediciones de Banda Oriental,1985,No hay datos,Se recuperó lengua fuente (japonés).
"Berthet, Elie Bertrand",No hay datos,http://viaf.org/viaf/75344332,Ricardo el halconero.,fre,Francés,No hay datos,Montevideo,Imprenta a vapor de La España,1985,No hay datos,No hay datos
"Conrad, Joseph",No hay datos,http://viaf.org/viaf/73862853,El corazón de las tinieblas / prólogo de Elvio Gandolfo.,eng,Inglés,No hay datos,Montevideo,Ediciones de Banda Oriental,1985,No hay datos,No hay datos
"Delgado Robaina, Mario",No hay datos,http://viaf.org/viaf/224924963,Homero. La Ilíada.,gre,Griego,No hay datos,Montevideo,Editorial Técnica,1985,No hay datos,Es manual de estudio.
"Freire, Tabaré J.",No hay datos,http://viaf.org/viaf/4601627,Esquilo.,gre,Griego,No hay datos,Montevideo,La Casa del Estudiante,1985,No hay datos,No hay datos
"Lardener, Rinngold Wilmer",No hay datos,http://viaf.org/viaf/2592704,Campeón y otros cuentos / prólogo de Elbio Rodríguez Barilari.,eng,Inglés,No hay datos,Montevideo,Ediciones de Banda Oriental,1985,No hay datos,No hay datos
"Miranda, Alvaro",No hay datos,http://viaf.org/viaf/36989448,Walt Whitman: estudio preliminar y antología de Hojas de hierba.,eng,Inglés,No hay datos,Montevideo,Editorial Técnica,1985,No hay datos,Es manual de estudio y antología. 
Molière,"Poquelin, Jean-Baptiste",http://viaf.org/viaf/2474502,El enfermo imaginario.,fre,Francés,No hay datos,Montevideo,"Instituto Teatral El Galpón, Comisión de Propaganda y Publicaciones",1985,No hay datos,No hay datos
"Munro, Héctor H.",No hay datos,http://viaf.org/viaf/7396805,Los mejores cuentos de Saki / prólogo de Washington Benavídes.,eng,Inglés,No hay datos,Montevideo,Ediciones de Banda Oriental,1985,No hay datos,Es antología. 
"Radiguet, Raymond",No hay datos,http://viaf.org/viaf/68934728,El diablo en el cuerpo / prólogo de Washington Benavídes.,fre,Francés,No hay datos,Montevideo,Ediciones de Banda Oriental,1985,No hay datos,No hay datos
"Updegraff, Roberto Rawls",No hay datos,http://viaf.org/viaf/34048466,Adams Obvio.,eng,Inglés,No hay datos,Montevideo,Centro de Información Latinoamericano de Ogilvy & Mather Worldwide,1985,No hay datos,No hay datos
"Vigny, Alfred de",No hay datos,http://viaf.org/viaf/41847691,Servidumbre y grandeza militar,fre,Francés,No hay datos,Montevideo,No hay datos,1985,No hay datos,No hay datos
"O'neill, Eugene",No hay datos,http://viaf.org/viaf/24615441,Antes del desayuno,eng,Inglés,No hay datos,Montevideo,Editorial Técnica,1985,No hay datos,No hay datos
"Wharton, Edith",No hay datos,http://viaf.org/viaf/17230986,Ethan Frome: novela / prólogo de Elbio Rodríguez Barilari.,eng,Inglés,No hay datos,Montevideo,Ediciones de Banda Oriental,1986,No hay datos,No hay datos
"Machen, Arthur",No hay datos,http://viaf.org/viaf/2473758,El terror: novela.,eng,Inglés,No hay datos,Montevideo,Ediciones de Banda Oriental,1986,No hay datos,No hay datos
"Kafka, Franz",No hay datos,http://viaf.org/viaf/56611857,La metamorfosis / traducción y prólogo de Héctor Galmés.,ger,Alemán,No hay datos,Montevideo,Ediciones de Banda Oriental,1986,"Galmés, Héctor",Se añadió dato traductor. Fuente: BN campo Título.
"Werfel, Franz",No hay datos,http://viaf.org/viaf/34464361,Una letra azul de mujer: novela / prólogo de E. Rodríguez Barilari.,ger,Alemán,No hay datos,Montevideo,Ediciones de Banda Oriental,1986,No hay datos,No hay datos
"Sack, Volker",No hay datos,http://viaf.org/viaf/84981756,Aspectos de la Literatura Alemana del Siglo XX.,ger,Alemán,No hay datos,Montevideo,Hegil,1986,"Marx de Rath, Helga","Se añadió dato traductor. Fuente: catálogo de la Biblioteca del Poder Legislativo.
"
Pepetela,"Santos, Artur Carlos Maurício Pestana dos",http://viaf.org/viaf/95234524,Las aventuras de Ngunga,por,Portugués,No hay datos,Montevideo,Arca,1986,No hay datos,No hay datos
"Bradley, A. C.",No hay datos,http://viaf.org/viaf/51737969,Macbeth,eng,Inglés,No hay datos,Montevideo,Editorial Técnica,1986,No hay datos,Fuente del dato Ciudad no oficial.
"Conrad, Joseph",No hay datos,http://viaf.org/viaf/73862853,Una sonrisa de la fortuna / prólogo de E. Rodriguez Barilari.,eng,Inglés,No hay datos,Montevideo,Ediciones de Banda Oriental,1987,No hay datos,No hay datos
"Derrida, Jacques",No hay datos,http://viaf.org/viaf/88958529,"Diseminario : [la desconstrucción, otro descubrimiento de América] Jacques Derrida...[et al.] ; presentación Lisa Block de Behar].",fre,Francés,No hay datos,Montevideo,XYZ Editores,1987,No hay datos,Se recuperó lengua fuente (francés).
Esquilo,No hay datos,http://viaf.org/viaf/268526195,Prometeo encadenado.,gre,Griego,No hay datos,Montevideo,La Casa del Estudiante,1987,No hay datos,No hay datos
"James, Henry",No hay datos,http://viaf.org/viaf/36920030,Daisy Miller : relato.,eng,Inglés,No hay datos,Montevideo,Ediciones de Banda Oriental,1987,No hay datos,No hay datos
"Saint-Exupéry, Antoine de",No hay datos,http://viaf.org/viaf/93810507,Vuelo nocturno : novela.,fre,Francés,No hay datos,Montevideo,Ediciones de Banda Oriental,1987,No hay datos,No hay datos
"Tolstoi, Lev Nikolaevich","Tolstoi, León",https://viaf.org/viaf/96987389/,Los dos husares : relato / prólogo de Washington Benavidez.,rus,Ruso,No hay datos,Montevideo,Ediciones de Banda Oriental,1987,No hay datos,No hay datos
"Tolstoi, Aleksei Nikolaevich","Tolstoi, Lev Nikolaevich|Tolstoi, León",http://viaf.org/viaf/96987389,La muerte de Ivan Ilich / prólogo de Jorge Albistur.,rus,Ruso,No hay datos,Montevideo,Ediciones de Banda Oriental,1987,No hay datos,No hay datos
"Wharton, Edith",No hay datos,http://viaf.org/viaf/17230986,Fiebre romana y tres cuentos de fantasmas / prólogo de Elbio Rodríguez Barilari.,eng,Inglés,No hay datos,Montevideo,Ediciones de Banda Oriental,1987,No hay datos,No hay datos
"Werfel, Franz",No hay datos,http://viaf.org/viaf/34464361,Casa de duelo : La historia verídica de la cruz restaurada / prólogo de Elbio Rodríguez Barilari.,ger,Alemán,No hay datos,Montevideo,Ediciones de Banda Oriental,1987,No hay datos,No hay datos
"Kott, Jan",No hay datos,http://viaf.org/viaf/66586118,Apuntes sobre Shakespeare,eng,Inglés,No hay datos,Montevideo,Editorial Técnica,1987,No hay datos,No hay datos
"Pirandello, Luigi",No hay datos,http://viaf.org/viaf/64010465,La renta vitalicia y otros cuentos,ita,Italiano,No hay datos,Montevideo,Ediciones de Banda Oriental,1987,No hay datos,No hay datos
Sófocles,No hay datos,http://viaf.org/viaf/297820975,Edipo Rey ; Antígona,gre,Griego,No hay datos,Montevideo,Editorial Técnica,1987,No hay datos,Fuente del dato Ciudad no oficial.
No hay datos,No hay datos,http://viaf.org/viaf/178208890,Popol Vuh : mitos y leyendas del pueblo quiché,que,Quechua,No hay datos,Montevideo,Ediciones Del Nuevo Mundo,1987,No hay datos,Se recuperó lengua fuente (quiché).
"Boye, Karin",No hay datos,http://viaf.org/viaf/76330437,Kalocaína / traducción Anahy Cabrera y Ana Luisa Valdés.,Sueco,Sueco,No hay datos,Montevideo,Nordan Comunidad,1988,"Cabrera, Anahy|Valdés, Ana Luisa",Se añadió dato traductor. Fuente: BN campo Título y catálogo de la Biblioteca del Poder Legislativo.
"Chekhov, Anton Pavlovich","Chejov, Anton Pavlovich",http://viaf.org/viaf/95216565,Cuentos rusos : antología de cuentos.,rus,Ruso,No hay datos,Montevideo,La República,1988,No hay datos,Es antología. 
"Doyle, sir Arthur Conan",No hay datos,http://viaf.org/viaf/65283845,Tres aventuras de Sherlock Holmes / Arthur Conan Doyle ; traducción y prólogo Elvio E. Gandolfo.,eng,Inglés,No hay datos,Montevideo,La República,1988,"Gandolfo, Elvio E.",Se añadió dato traductor. Fuente: BN campo Título.
"Faraco, Sergio",No hay datos,http://viaf.org/viaf/268374008,Noche de matar un hombre.,por,Portugués,No hay datos,Montevideo,Monte Sexto,1988,No hay datos,No hay datos
"Graham, Robert Bontine Cuinninghame",No hay datos,http://viaf.org/viaf/61539913,Relatos del Río de la Plata / prólogo de Heber Raviolo.,eng,Inglés,No hay datos,Montevideo,Ediciones de Banda Oriental,1988,No hay datos,No hay datos
"Hemingway, Ernest",No hay datos,http://viaf.org/viaf/97006051,La vida feliz de Francia Macomber / traductor Francisco Brumat.,eng,Inglés,No hay datos,Montevideo,Santiago Rueda Editor,1988,"Brumat, Francisco",Se añadió dato traductor. Fuente: BN campo Título y catálogo de Biblioteca del Poder Legislativo.
"Poe, Edgar Allan",No hay datos,https://viaf.org/viaf/96987389/,Escalofrío : antología de cuentos.,eng,Inglés,No hay datos,Montevideo,La República,1988,No hay datos,Es antología. 
"Tolstoi, Lev Nikolaevich","Tolstoi, León",https://viaf.org/viaf/96987389/,La muerte de Iván Ilich ; Tres muertess / Leon Tolstoi.,rus,Ruso,No hay datos,Montevideo,La República,1988,No hay datos,No hay datos
"Verne, Jules",No hay datos,http://viaf.org/viaf/76323989,Cinco semanas en globo.,fre,Francés,No hay datos,Montevideo,La República,1988,No hay datos,No hay datos
"Verne, Jules",No hay datos,http://viaf.org/viaf/76323989,La vuelta al mundo en 80 días.,fre,Francés,No hay datos,Montevideo,La República,1988,No hay datos,No hay datos
"Kafka, Franz",No hay datos,http://viaf.org/viaf/56611857,La metamorfosis y otros relatos.,ger,Alemán,No hay datos,Montevideo,La República,1988,No hay datos,Es antología. 
"Kafka, Franz",No hay datos,http://viaf.org/viaf/56611857,La metamorfosis / Franz Kafka ; traducción y prólogo de Héctor Galmés.,ger,Alemán,No hay datos,Montevideo,Ediciones de Banda Oriental,1988,"Galmés, Héctor",Se añadió dato traductor. Fuente: BN campo Título.
"Werfel, Franz",No hay datos,http://viaf.org/viaf/34464361,EL culpable no es el asesino sino la víctima / prólogo de Elbio Rodríguez Barilari.,ger,Alemán,No hay datos,Montevideo,Ediciones de Banda Oriental,1988,No hay datos,No hay datos
"Shakespeare, William",No hay datos,http://viaf.org/viaf/96994048,Hamlet.,eng,Inglés,No hay datos,Montevideo,La República,1988,No hay datos,No hay datos
"Joyce, James",No hay datos,http://viaf.org/viaf/44300643,Ulises,eng,Inglés,No hay datos,Montevideo,Rosgal,1988,No hay datos,No hay datos
"Mansfield, Katherine",No hay datos,http://viaf.org/viaf/41843502,En la bahía,eng,Inglés,No hay datos,Montevideo,Ediciones de Banda Oriental,1988,No hay datos,No hay datos
No hay datos,No hay datos,http://viaf.org/viaf/181845422,Cuentos de las mil y una noches,ara,Árabe,No hay datos,Montevideo,La República,1988,No hay datos,Se recuperó lengua fuente (árabe).
"London, Jack","Chaney, John Griffith",http://viaf.org/viaf/46764200,Aventuras en los mares del sur,eng,Inglés,No hay datos,Montevideo,La República,1988,No hay datos,No hay datos
"Twain, Mark","Clemens, Samuel Langhorne",http://viaf.org/viaf/50566653,Tom Sawyer en el extranjero,eng,Inglés,No hay datos,Montevideo,La República,1988,No hay datos,No hay datos
"Dickens, Charles",No hay datos,http://viaf.org/viaf/88666393,Cuentos de Navidad,eng,Inglés,No hay datos,Montevideo,La República,1988,No hay datos,No hay datos
"Carroll, Lewis",No hay datos,http://viaf.org/viaf/66462036,Alicia en el País de las Maravillas,eng,Inglés,No hay datos,Montevideo,La República,1988,No hay datos,No hay datos
"Erckmann, Émile",No hay datos,http://viaf.org/viaf/31995972,El burgomaestre embotellado : cuentos / Erckman-Chatrian ; prólogo de Elvio Gandolfo.,fre,Francés,No hay datos,Montevideo,Ediciones de Banda Oriental,1989,No hay datos,No hay datos
"Kipling, Rudyard",No hay datos,http://viaf.org/viaf/7524679,Cuentos de la Alta India.,eng,Inglés,No hay datos,Montevideo,La República,1989,No hay datos,No hay datos
"London, Jack","Chaney, John Griffith",http://viaf.org/viaf/46764200,La peste escarlata / Jack London ; prólogo Alcides Abella.,eng,Inglés,No hay datos,Montevideo,Ediciones de Banda Oriental,1989,No hay datos,No hay datos
"Boccaccio, Giovanni",No hay datos,http://viaf.org/viaf/64002165,El Decamerón.,ita,Italiano,No hay datos,Montevideo,La República,1989,No hay datos,No hay datos
"Collins, Larry",No hay datos,http://viaf.org/viaf/95318151,Laberinto.,eng,Inglés,No hay datos,Montevideo,Plaza & Janés,1989,No hay datos,No hay datos
"Conrad, Joseph",No hay datos,http://viaf.org/viaf/73862853,Una avanzada del progreso / Joseph Conrad ; prólogo de Heber Raviolo.,eng,Inglés,No hay datos,Montevideo,Ediciones de Banda Oriental,1989,No hay datos,No hay datos
Esopo,No hay datos,http://viaf.org/viaf/64013451,Fábulas de Esopo / Esopo ; ilustraciones de Graciela Inés Benlliure.,gre,Griego,No hay datos,Montevideo,La República,1989,No hay datos,No hay datos
"Melville, Herman",No hay datos,http://viaf.org/viaf/27068555,Benito Cereno.,eng,Inglés,No hay datos,Montevideo,La República,1989,No hay datos,No hay datos
"Le Fanu, Sheridan",No hay datos,http://viaf.org/viaf/9849196,El familiar : relatos,eng,Inglés,No hay datos,Montevideo,Ediciones de Banda Oriental,1989,No hay datos,No hay datos
"Portail, Anne-Marie",No hay datos,http://viaf.org/viaf/286767949,Port Amali : Novela en tres cuentos,fre,Francés,No hay datos,Montevideo,Hatier,1989,"Pérez Soto, Roberto",Se añadió dato traductor. Fuente: catálogo de la Biblioteca del Poder Legislativo.
"Wilde, Oscar",No hay datos,http://viaf.org/viaf/34464414,El retrato de Dorian Gray,eng,Inglés,No hay datos,Montevideo,La República,1989,No hay datos,No hay datos
"Verne, Julio",No hay datos,http://viaf.org/viaf/76323989,Viaje al centro de la tierra,fre,Francés,No hay datos,Montevideo,La República,1989,No hay datos,No hay datos
"Spyri, Juana","Spyri, Johanna Heusser",http://viaf.org/viaf/76323123,Heidi,ger,Alemán,No hay datos,Montevideo,La República,1989,No hay datos,No hay datos
"Stevenson, Robert Louis",No hay datos,http://viaf.org/viaf/95207986,La isla del tesoro,eng,Inglés,No hay datos,Montevideo,La República,1989,No hay datos,Fuente del dato Ciudad no oficial.
"Baudelaire, Charles",No hay datos,http://viaf.org/viaf/17218730,Las flores del mal : (Les fleurs du mal),fre,Francés,No hay datos,Montevideo,Editorial Técnica,1989,"Vegh de Falcao, Beatriz",Se añadió dato traductor. Fuente: catálogo de la Biblioteca del Poder Legislativo.
"London, Jack","Chaney, John Griffith",http://viaf.org/viaf/46764200,El llamado de la selva,eng,Inglés,No hay datos,Montevideo,La República,1989,No hay datos,No hay datos
No hay datos,No hay datos,No hay datos,Antología sumaria del cuento universal,rus|roa|eng|ger|ita,Ruso|roa|Inglés|Alemán|Italiano,No hay datos,Montevideo,La República,1989,No hay datos,"Es antología./ Se recuperaron lenguas fuente (ruso, romance, inglés, alemán e italiano)."
No hay datos,No hay datos,No hay datos,Antología del crimen y el suspenso,eng|fre,Inglés|Francés,No hay datos,Montevideo,La República,1989,No hay datos,Es antología./ Se recuperaron lenguas fuente (inglés y francés).
Hermanos Grimm,"Grimm, Wilhelm|Grimm, Jacob","http://viaf.org/viaf/31997136 
http://viaf.org/viaf/14770699",Cuentos de los hermanos Grimm,ger,Alemán,No hay datos,Montevideo,La República,1989,"Emmerich, Fernando",Fuente del dato Ciudad no oficial.
No hay datos,No hay datos,No hay datos,Antología de ciencia ficción,eng,Inglés,No hay datos,Montevideo,La República,1989,No hay datos,Es antología. 
"Alcott, Louisa May",No hay datos,http://viaf.org/viaf/29528997,Hombrecitos.,eng,Inglés,No hay datos,Montevideo,Colicheuque,1990,No hay datos,Se eliminó dato de impresión de la fecha. 
"Alcott, Louisa May",No hay datos,http://viaf.org/viaf/29528997,Aquellas mujercitas / Louisa M. Alcott.,eng,Inglés,No hay datos,Montevideo,Colicheuque,1990,No hay datos,No hay datos
"De Amicis, Edmondo",No hay datos,http://viaf.org/viaf/56621064,Corazón.,ita,Italiano,No hay datos,Montevideo,Colicheuque,1990,No hay datos,No hay datos
"Frank, Anne",No hay datos,http://viaf.org/viaf/27064673,El diario de Ana Frank.,dut,Neerlandés,No hay datos,Montevideo,Colicheuque,1990,No hay datos,No hay datos
"Freire, Roberto",No hay datos,http://viaf.org/viaf/265728110,Utopía y pasión : la política de lo cotidiano / Roberto Freire y Fausto Brito.,por,Portugués,No hay datos,Montevideo|Buenos Aires,"Nordan Comunidad, Tupac",1990,No hay datos,Es edición binacional. 
"Gibran, Kahlil",No hay datos,http://viaf.org/viaf/88896061,El profeta.,eng,Inglés,No hay datos,Montevideo,Colicheuque,1990,No hay datos,Se rectificó lengua fuente de árabe a inglés. 
"Hemingway, Ernest",No hay datos,http://viaf.org/viaf/97006051,El viejo y el mar / Ernest Hemingway ; traducción prólogo y notas de Roberto Apprato.,eng,Inglés,No hay datos,Montevideo,Editorial Técnica,1990,"Appratto, Roberto","Es edición original de 1979, también de Técnica./ Se añadió dato traductor. Fuente: BN campo Título y catálogo de la Biblioteca del Poder Legislativo."
"Melville, Herman",No hay datos,http://viaf.org/viaf/27068555,Benito Cereno : novela / prólogo de Tomás de Mattos.,eng,Inglés,No hay datos,Montevideo,Ediciones de Banda Oriental,1990,No hay datos,No hay datos
"Moberg, Ingemar",No hay datos,http://viaf.org/viaf/311739510,Acerca de la libertad.,Sueco,Sueco,No hay datos,Montevideo,Vintén Editor,1990,No hay datos,No hay datos
No hay datos,No hay datos,No hay datos,Robin Hood / Anónimo inglés.,eng,Inglés,No hay datos,Montevideo,Colicheuque,1990,No hay datos,No hay datos
"Saint-Exupéry, Antoine de",No hay datos,http://viaf.org/viaf/93810507,El principito.,fre,Francés,No hay datos,Montevideo,Colicheuque,1990,No hay datos,Dato de impresión eliminado de la fecha.
"Wharton, Edith",No hay datos,http://viaf.org/viaf/17230986,"Fiebre romana / Edith Wharton ; selección Norma Toucedo, Alfredo Nieto.",eng,Inglés,No hay datos,Montevideo,Fundación Braille del Uruguay,1990,No hay datos,No hay datos
"Kafka, Franz",No hay datos,http://viaf.org/viaf/56611857,La construcción de la muralla china : y otros relatos breves / Franz Kafka ; prólogo de Elvio Gandolfo.,ger,Alemán,No hay datos,Montevideo,Ediciones de Banda Oriental,1990,No hay datos,Es antología. 
Sófocles,No hay datos,http://viaf.org/viaf/101760867,Edipo Rey,gre,Griego,No hay datos,Montevideo,Colicheuque,1990,No hay datos,No hay datos
Homero,No hay datos,http://viaf.org/viaf/224924963,La Ilíada,gre,Griego,No hay datos,Montevideo,Colicheuque,1990,No hay datos,No hay datos
"Mirza, Roger",No hay datos,http://viaf.org/viaf/76472617,La poética de S. Mallarme,fre,Francés,No hay datos,Montevideo,Facultad de Humanidades y Ciencias,1990,"Mirza, Roger",No hay datos
"Alcott, Louisa May",No hay datos,http://viaf.org/viaf/29528997,Mujercitas.,eng,Inglés,No hay datos,Montevideo,Colicheuque,1990,No hay datos,Dato de impresión eliminado de la fecha.
"Aretino, Pietro",No hay datos,http://viaf.org/viaf/66609417,"Sonetos lujuriosos y pasquines del Aretino : seguidos de otros sonetos lujuriosos, dudas amorosas y otras dudas amorosas de autores anónimos de tradición aretinesca y de un soneto de Giorgio Baffo / compilación y traducción de Sarandy Cabrera.",ita,Italiano,9974570026,Montevideo,Vintén Editor,1991,"Cabrera, Sarandy",Se añadió dato traductor. Fuente: BN campo Título y catálogo de la Biblioteca del Poder Legislativo. 
"Beckett, Samuel",No hay datos,http://viaf.org/viaf/7386737,Días felices=Oh les beaux jours / Samuel Beckett ; traducción Beatriz Vegh.,fre,Francés,No hay datos,Montevideo,Trilce,1991,"Vegh de Falcao, Beatriz","Obra escrita primero en inglés en 1961 y, por el autor, en francés en 1963. / Se añadió dato traductor. Fuente: BN campo Título y catálogo de la Biblioteca del Poder Legislativo. "
"Bradbury, Ray",No hay datos,http://viaf.org/viaf/12305881,"La pradera / Ray Bradbury ; selección Norma Toucedo, Alfredo Nieto.",eng,Inglés,No hay datos,Montevideo,Fundación Braille del Uruguay,1991,No hay datos,No hay datos
"Doyle, sir Arthur Conan",No hay datos,http://viaf.org/viaf/65283845,El mundo perdido.,eng,Inglés,No hay datos,Montevideo,La República,1991,No hay datos,No hay datos
"Doyle, sir Arthur Conan",No hay datos,http://viaf.org/viaf/65283845,Cuentos.,eng,Inglés,No hay datos,Montevideo,La República,1991,No hay datos,No hay datos
Homero,No hay datos,http://viaf.org/viaf/224924963,La Ilíada.,gre,Griego,No hay datos,Montevideo,Colicheuque,1990,No hay datos,Dato de impresión eliminado de la fecha.
"London, Jack","Chaney, John Griffith",http://viaf.org/viaf/46764200,El llamado de la selva.,eng,Inglés,No hay datos,Montevideo,Colicheuque,1990,No hay datos,Dato de impresión eliminado de la fecha. 
Molière,"Poquelin, Jean-Baptiste",http://viaf.org/viaf/2474502,"George Dandin, o El marido desconcertado : comedia = George Dandin ou Le mari confondu : comédie / Molière ; traducción Alicia Migdal.",fre,Francés,9974320291,Montevideo,Trilce,1991,"Migdal, Alicia",Se añadió dato traductor. Fuente: BN campo Título. 
"Pinget, Robert",No hay datos,http://viaf.org/viaf/29539250,Señor sueño / traducido por Beatríz Vegh.,fre,Francés,9974320070,Montevideo,Trilce,1991,"Vegh de Falcao, Beatriz",Se añadió dato traductor. Fuente: BN campo Título y catálogo de la Biblioteca del Poder Legislativo. 
"Poe, Edgar Allan",No hay datos,http://viaf.org/viaf/60351476,Narraciones extraordinarias.,eng,Inglés,No hay datos,Montevideo,La República,1991,No hay datos,No hay datos
"Raug, Sinnan","Paulsson, Jonas Ake Magnus ",No hay datos,Sagitra : ¿quién ama a los niños pobres de Montevideo / Sinnan Raug.,Sueco,Sueco,997457000X,Montevideo,Vintén Editor,1991,No hay datos,No hay datos
"Salgari, Emilio",No hay datos,http://viaf.org/viaf/29540305,Sandokan.,ita,Italiano,No hay datos,Montevideo,Colicheuque,1990,No hay datos,Dato de impresión eliminado de la fecha.
"Saunders, Susan",No hay datos,http://viaf.org/viaf/116240809,El barro verde / Susan Saunders ; selección Alicia Elissalde.,eng,Inglés,No hay datos,Montevideo,Fundación Braille del Uruguay,1991,No hay datos,Es antología. 
"Shakespeare, William",No hay datos,http://viaf.org/viaf/96994048,Romeo y Julieta / W. Shakespeare.,eng,Inglés,No hay datos,Montevideo,Colicheuque,1990,No hay datos,Dato de impresión eliminado de la fecha.
"Sonnevi, Göran",No hay datos,http://viaf.org/viaf/113532157,Poemas sin terminar / Göran Sonnevi ; versión directa del sueco de Roberto Mascaró.,Sueco,Sueco,No hay datos,Montevideo,Vintén Editor |Siesta,1991,"Mascaró, Roberto",Se añadió dato traductor. Fuente: BN campo Título.
"Spyri, Johanna (Heusser)","Spyri, Johanna Heusser",http://viaf.org/viaf/76323123,Heidi / Juana Spyri.,ger,Alemán,No hay datos,Montevideo,Colicheuque,1990,No hay datos,Dato de impresión eliminado de la fecha.
"Stowe, Harriet Elizabeth (Beecher)","Stowe, Harriet Beecher",http://viaf.org/viaf/32003151,La cabaña del tío Tom / E. Beecher Stowe.,eng,Inglés,No hay datos,Montevideo,Colicheuque,1990,No hay datos,Dato de impresión eliminado de la fecha.
Sófocles,No hay datos,http://viaf.org/viaf/101760867,Edipo Rey.,gre,Griego,No hay datos,Montevideo,Colicheuque,1990,No hay datos,Dato de impresión eliminado de la fecha. 
"Twain, Mark","Clemens, Samuel Langhorne",http://viaf.org/viaf/50566653,Las aventuras de Tom Sawyer / Mark Twain.,eng,Inglés,No hay datos,Montevideo,Colicheuque,1990,No hay datos,Dato de impresión eliminado de la fecha. 
"Vold, Jan Erik",No hay datos,http://viaf.org/viaf/4946136,En los abedules está la luz / versión directa del sueco a cargo de Roberto Mascaró.,nor,Noruego,No hay datos,Montevideo,"Vintén Editor, Siesta",1991,"Mascaró, Roberto",Se recitificó lengua fuente de sueco a noruego./ Se añadió dato traductor. Fuente: BN campo Título y catálogo de la Biblioteca del Poder Legislativo. 
"García Schlee, Aldyr",No hay datos,http://viaf.org/viaf/205151068,El día en que el Papa fue a Melo / Aldyr García Schlee ; prólogo de Heber Raviolo.,por,Portugués,No hay datos,Montevideo,Ediciones de Banda Oriental,1991,"García Schlee, Aldyr",Sería autotraducción./ Se añadió dato traductor. Fuente: BN campo Título y catálogo de la Biblioteca del Poder Legislativo. 
"Kafka, Franz",No hay datos,http://viaf.org/viaf/56611857,La metamorfosis y La condena,ger,Alemán,No hay datos,Montevideo,El País,1991,No hay datos,Se añadió lengua fuente (alemán). 
"Poe, Edgar Allan",No hay datos,http://viaf.org/viaf/60351476,Narraciones extraordinarias,eng,Inglés,No hay datos,Montevideo,El País,1991,No hay datos,No hay datos
"Pirandello, Luigi",No hay datos,http://viaf.org/viaf/64010465,Seis personajes en busca de autor,ita,Italiano,No hay datos,Montevideo,El País,1991,No hay datos,No hay datos
Marqués De Sade,"Sade, Donatien-Alphonse-François",http://viaf.org/viaf/56615966,Eugenia de Franval,fre,Francés,No hay datos,Montevideo,La República,1991,No hay datos,No hay datos
"Dostoievski, Fedor Mijailovich","Dostoyevsky, Fyodor",http://viaf.org/viaf/104023256,Noches blancas,rus,Ruso,No hay datos,Montevideo,El País,1991,No hay datos,Se añadió lengua fuente (ruso). 
"Grudzien, M. Natan",No hay datos,No hay datos,Vivencias,pol,Polaco,No hay datos,Montevideo,No hay datos,1991,No hay datos,Fuente del dato Ciudad no oficial./ Se recuperó lengua fuente (polaco).
"Betto, Fray",No hay datos,http://viaf.org/viaf/317287207,El acuario negro / Frai Betto.,por,Portugués,No hay datos,Montevideo,Signos,1992,No hay datos,No hay datos
"Boccaccio, Giovanni",No hay datos,http://viaf.org/viaf/64002165,El Decamerón.,ita,Italiano,No hay datos,Montevideo,La República,1992,No hay datos,No hay datos
"Bretón, André",No hay datos,http://viaf.org/viaf/49222341,Poemas / selección y traducción del francés por Armando Rojas.,fre,Francés,9974320437,Montevideo,Trilce,1992,"Rojas, Armando",Se añadió dato traductor. Fuente: BN campo Título.
"Casanova, Giovanni Giacomo",No hay datos,http://viaf.org/viaf/61543231,Amores y aventuras / Casanova.,fre,Francés,No hay datos,Montevideo,La República,1992,No hay datos,No hay datos
"Colette, Sidonie Gabrielle",No hay datos,http://viaf.org/viaf/68937443,Los devaneos de Minne / Colette.,fre,Francés,No hay datos,Montevideo,La República,1992,No hay datos,No hay datos
"Fignolé, Jean Claude",No hay datos,http://viaf.org/viaf/54164605,Los poseídos de la luna llena / Jean Claude Fignolé ; traducido del francés por Laura Masello.,fre,Francés,9974320259,Montevideo,Trilce,1992,"Masello, Laura",Se añadió lengua fuente (francés)./ Se añadió dato traductor. Fuente: BN campo Título.
"Laclos, Choderlos de",No hay datos,http://viaf.org/viaf/46758913,Las relaciones peligrosas / Choderlos de Laclos.,fre,Francés,No hay datos,Montevideo,La República,1992,No hay datos,No hay datos
"Lawrence, D. H.","Lawrence, David Herbert",http://viaf.org/viaf/95150359,El zorro / D. H. Lawrence.,eng,Inglés,No hay datos,Montevideo,La República,1992,No hay datos,No hay datos
"Pinget, Robert",No hay datos,http://viaf.org/viaf/29539250,El arnés; Arado; Animo / traducido del francés por Beatriz Vegh.,fre,Francés,9974320348,Montevideo,Trilce,1992,"Vegh de Falcao, Beatriz",Se añadió dato traductor. Fuente: BN campo Título y catálogo de la Biblioteca del Poder Legislativo. 
"Sade, Donatien-Alphonse-François, comte, llamado Marquis de","Sade, Donatien-Alphonse-François",http://viaf.org/viaf/56615966,Eugenia de Franval / Marqués de Sade.,fre,Francés,No hay datos,Montevideo,La República,1992,No hay datos,No hay datos
No hay datos,No hay datos,No hay datos,"La vivienda social en Suecia / 22 investigadores de la conformación de la vivienda, bajo la redacción de Sven Thiberg ; traducción Chiqui Tiberti.",Sueco,Sueco,No hay datos,Montevideo,Nordan Comunidad|Redes,1992,No hay datos,No hay datos
"Wilde, Oscar",No hay datos,http://viaf.org/viaf/34464414,El fantasma de Canterville y otros cuentos.,eng,Inglés,No hay datos,Montevideo|Buenos Aires,Nordan Comunidad|Altamira,1992,No hay datos,Es edición binacional y antología. 
Molière,"Poquelin, Jean-Baptiste",http://viaf.org/viaf/2474502,George Dandin o el marido desconcertado : (Comedia),fre,Francés,9974320291,Montevideo,Trilce,1992,"Migdal, Alicia",Se añadió dato traductor. Fuente: catálogo de la Biblioteca del Poder Legislativo. 
"Luxemburgo, Rosa",No hay datos,http://viaf.org/viaf/51749376,Cartas de amor,ger,Alemán,No hay datos,Montevideo,Ediciones Pueblos Unidos,1992,"Dubinski, Rosa|Israel, Guillermo",Se añadió dato traductor. Fuente: catálogo de la Biblioteca del Poder Legislativo. 
"Bergqvist, Hans",No hay datos,No hay datos,Graffiti / versión de Roberto Mascaró.,Sueco,Sueco,No hay datos,Montevideo,Zafiria Libros,1993,"Mascaró, Roberto ",Se añadió dato traductor. Fuente: BN campo Título.
"Bierce, Ambrose",No hay datos,http://viaf.org/viaf/232144783035948358100,El club de los parricidas : y otros cuentos.,eng,Inglés,No hay datos,Montevideo,La República,1993,No hay datos,Es antología./ Fuente del dato Año no oficial.
"Bürger, Gottfried August",No hay datos,http://viaf.org/viaf/95167251,La aventuras del Barón de Münchhausen.,ger,Alemán,No hay datos,Montevideo,La República,1993,No hay datos,Fuente del dato Año no oficial.
"Chase, James Hadley",No hay datos,http://viaf.org/viaf/111676078,Tengo los cuatro ases.,eng,Inglés,No hay datos,Montevideo,La República,1993,No hay datos,Se añadió lengua fuente (inglés). 
"Donne, John",No hay datos,http://viaf.org/viaf/73852666,Elegías completas y testamento de John Donne / [compilación y traducción de] Sarandy Cabrera.,eng,Inglés,9974570204,Montevideo,Vintén Editor,1993,"Cabrera, Sarandy",Se añadió dato traductor. Fuente: BN campo Título y catálogo de la Biblioteca del Poder Legislativo. 
"Gogol, Nikolai",No hay datos,http://viaf.org/viaf/54148306,Cuentos / Nicolás Gogol.,rus,Ruso,No hay datos,Montevideo,La República,1993,No hay datos,No hay datos
"Herman, Gail",No hay datos,http://viaf.org/viaf/101725787,Jurassic Park : la novela de la película / adaptado por Gail Herman ; basado en la novela de Michael Crichton y David Koepp.,eng,Inglés,950925322,Montevideo|Buenos Aires,"Rosgal, Ediciones de la Urraca",1993,No hay datos,No hay datos
"Jarry, Alfred",No hay datos,http://viaf.org/viaf/66469054,Costumbres de los ahogados.,fre,Francés,No hay datos,Montevideo,La República,1993,No hay datos,No hay datos
"Limbour, Georges",No hay datos,http://viaf.org/viaf/66470287,"Las vainillas / traducido del francés por Maï Lefort, con la colaboración de Daniel Lefort.",fre,Francés,9974320674,Montevideo,Trilce,1993,"Lefort, Maï",Se añadió dato traductor. Fuente: BN campo Título y catálogo de la Biblioteca del Poder Legislativo. Aparecen mencionado colaborador con respecto a la traducción en BN.
"Melville, Herman",No hay datos,http://viaf.org/viaf/27068555,Bartleby.,eng,Inglés,No hay datos,Montevideo,La República,1993,No hay datos,No hay datos
"Munro, Héctor H.",No hay datos,http://viaf.org/viaf/7396805,La reticencia de Lady Anne y otros cuentos / Saki [i.e. Héctor Hugh Munro].,eng,Inglés,No hay datos,Montevideo,La República,1993,No hay datos,Es antología.
"Stevenson, Robert Louis",No hay datos,http://viaf.org/viaf/95207986,El Dr. Jekyll y Mr. Hyde / R.L. Stevenson. El copartícipe secreto / Joseph Conrad.,eng,Inglés,No hay datos,Montevideo,Fin de Siglo,1993,No hay datos,No hay datos
"Wilde, Oscar",No hay datos,http://viaf.org/viaf/34464414,El crímen de Lord Arturo Sevilla ; El fantasma de Canterville.,eng,Inglés,No hay datos,Montevideo,La República,1993,No hay datos,Fuente del dato Año no oficial.
"London, Jack","Chaney, John Griffith",http://viaf.org/viaf/46764200,El inevitable hombre blanco : cuentos / Jack London ; prólogo de Alcides Abella.,eng,Inglés,No hay datos,Montevideo,Ediciones de Banda Oriental,1993,No hay datos,No hay datos
"Kroch, Ernesto",No hay datos,http://viaf.org/viaf/3270814,Los alemanes del milagro y los otros : Cuentos,ger,Alemán,No hay datos,Montevideo,Ediciones de Banda Oriental,1993,No hay datos,No hay datos
"Mellah, Fawzi",No hay datos,http://viaf.org/viaf/14773743,El cónclave de las lloronas,fre,Francés,997432050x,Montevideo,Trilce,1993,"Vlahussich, Mariana",Fuente del dato Ciudad no oficial./ Se añadió dato traductor. Fuente: catálogo de la Biblioteca del Poder Legislativo. 
"Lovecraft, Howard Philiph",No hay datos,http://viaf.org/viaf/66470391,El caso de Charles Dexter Ward,eng,Inglés,No hay datos,Montevideo,Nordan Comunidad,1993,"García, Miguel Ángel",Se añadió dato traductor. Fuente: catálogo de la Biblioteca del Poder Legislativo. 
"Lovecraft, Howard Philiph",No hay datos,http://viaf.org/viaf/66470391,Del más allá y otros relatos,eng,Inglés,No hay datos,Montevideo,Altamira,1993,"García, Miguel Ángel",Se añadió dato traductor. Fuente: catálogo de la Biblioteca del Poder Legislativo. 
"Lovecraft, Howard Philiph",No hay datos,http://viaf.org/viaf/66470391,En las montañas de la locura,eng,Inglés,No hay datos,Montevideo,Nordan Comunidad,1993,"García, Miguel Ángel",Se añadió dato traductor. Fuente: catálogo de la Biblioteca del Poder Legislativo. 
"Godfard, Dominique",No hay datos,http://viaf.org/viaf/44430302,Que piensa la vieja dama?,fre,Francés,9974321069,Montevideo,Trilce,1993,No hay datos,No hay datos
"Anderson, Sherwood",No hay datos,http://viaf.org/viaf/39372890,"Un tipo raro / selección Norma Toucedo, Alfredo Nieto.",eng,Inglés,No hay datos,Montevideo,Fundación Braille del Uruguay,1994,No hay datos,No hay datos
"Cain, James Mallaham",No hay datos,http://viaf.org/viaf/46758295,Pacto de sangre / James M. Cain.,eng,Inglés,No hay datos,Montevideo,La República,1994,No hay datos,No hay datos
"Chandler, Raymond",No hay datos,http://viaf.org/viaf/39374901,Poodle springs.,eng,Inglés,No hay datos,Montevideo,La República,1994,No hay datos,No hay datos
"Alighieri, Dante",No hay datos,http://viaf.org/viaf/97105654,"La divina comedia de Dante Alighieri /$cpresentación, selección y notas de Luce Fabbri-Cressatti ; traducción Luce Fabbri-Cressatti, José Pedro Díaz.",ita,Italiano,9974000173,Montevideo,Universidad de la República. Departamento de Publicaciones,1994,"Fabbri-Cressatti, Luce|Díaz, José Pedro",Es manual de estudio./ Se añadió dato traductor. Fuente: BN campo Título.
"Dard, Frédéric",No hay datos,http://viaf.org/viaf/52149108,El hombre de la avenida.,fre,Francés,No hay datos,Montevideo,La República,1994,No hay datos,No hay datos
"Koltés, Bernard-M. ","Koltés, Bernard-Marie",http://viaf.org/viaf/64007635,En la soledad de los campos de algodón / traducción Margarita Musto ; versión Ernesto Clavijo.,fre,Francés,9974320828,Montevideo,Trilce,1994,"Musto, Margarita ",Se añadió dato traductor. Fuente: BN campo Título y catálogo de la Biblioteca del Poder Legislativo. 
"Marsh, Ngaio",No hay datos,http://viaf.org/viaf/99813949,Tan negro como lo pintan.,eng,Inglés,No hay datos,Montevideo,La República,1994,No hay datos,No hay datos
"Moinot, Gilles",No hay datos,http://viaf.org/viaf/7442503,Tierra honda / traducido del francés por Cristina Sánchez Garmendia.,fre,Francés,997432081X,Montevideo,Trilce,1994,"Sánchez Garmendia, Cristina",Se añadió dato traductor. Fuente: BN campo Título y catálogo de la Biblioteca del Poder Legislativo. 
"Parker, Robert B.",No hay datos,http://viaf.org/viaf/101763416,Despedida.,eng,Inglés,No hay datos,Montevideo,La República,1994,No hay datos,No hay datos
"Peirano Basso, Luisa",No hay datos,http://viaf.org/viaf/5169049,"El valor del ejemplo : texto, traducción y comentario de la sátira XIV de Decimus Junius Juvenalis.",lat,Latín,No hay datos,Montevideo,No hay datos,1994,"Peirano Basso, Luisa",Es manual de estudio./ Se añadió dato traductor. Fuente: BN campo Aut_principal.
"Zumthor, Paul",No hay datos,http://viaf.org/viaf/108426954,Contrabandistas : relatos / traducido del francés por Javier García Méndez.,fre,Francés,9974320968,Montevideo,Trilce,1994,"García Méndez, Javier",Se añadió lengua fuente (francés). / Se añadió dato traductor. Fuente: BN campo Título y catálogo de la Biblioteca del Poder Legislativo.  
"Attar, Farid Uddín",No hay datos,http://viaf.org/viaf/120724759,Mantic Uttaír o El coloquio de los pájaros,per,Farsi,No hay datos,Montevideo,No hay datos,1994,"Aguiar, Manuel",Es traducción indirecta vía francés./ Se añadió dato traductor. Fuente: catálogo de la Biblioteca del Poder Legislativo. 
"Baudelaire, Charles",No hay datos,http://viaf.org/viaf/17218730,"Las flores del mal / Baudelaire ; traducción, selección y comentarios de Edmundo Gómez Mango.",fre,Francés,No hay datos,Montevideo,Ediciones de Banda Oriental,1995,"Gómez Mango, Edmundo",Se añadió dato traductor. Fuente: BN campo Título.
"Godfard, Dominique",No hay datos,http://viaf.org/viaf/44430302,¿Qué piensa la vieja dama? / traducción del francés Laura Masello.,fre,Francés,9974321069,Montevideo,Trilce,1995,"Masello, Laura",Se añadió dato traductor. Fuente: BN campo Título.
"Le Clézio, Jean-Marie",No hay datos,http://viaf.org/viaf/101808164,Viajes del otro lado.,fre,Francés,9974321182,Montevideo,Trilce,1995,"Vegh de Falcao, Beatriz",Se añadió dato traductor. Fuente: catálogo de la Biblioteca del Poder Legislativo. 
"Sperlich, Peter-Michael",No hay datos,No hay datos,"En esta tierra : un libro de encuentro = Auf dieser Erde: ein Buch der Begegnung / Peter-Michael Sperlich ; ilustrationen Ilse Altrogge ; traducciones Peter-Michael Sperlich, Rita Güntner.",ger,Alemán,9974581109,Montevideo,Ediciones de la Pluma,1995,"Sperlich, Peter-Michael|Güntner, Rita",Se añadió dato traductor. Fuente: BN campo Título.
"Schlee, Aldyr Garcia",No hay datos,http://viaf.org/viaf/205151068,Cuentos de fútbol,por,Portugués,No hay datos,Montevideo,Ediciones de Banda Oriental,1995,No hay datos,No hay datos
"Laborde, Germán",No hay datos,No hay datos,Introducción al Teatro del Siglo XX : Berthold Brecht,ger,Alemán,No hay datos,Montevideo,No hay datos,1995,No hay datos,Es manual de estudio./ Fuente del dato Ciudad no oficial.
"Ciceron, Marco Tulio",No hay datos,http://viaf.org/viaf/78769600,Selección de obras y juicio crítico,lat,Latín,No hay datos,Montevideo,La Casa del Estudiante,1995,No hay datos,Es manual de estudio y antología. 
Homero,No hay datos,http://viaf.org/viaf/224924963,La Ilíada : canto XXII,gre,Griego,No hay datos,Montevideo,Búsqueda,1995,No hay datos,No hay datos
"Tamiki, Hara",No hay datos,http://viaf.org/viaf/34564290,"Flor de verano / Hara Tamiki, traducción del japonés al inglés de Hirosuke Kashiwagi y Angus Lindsay ; versión del inglés al español de Judith Baco",jpn,Japonés,9974390400,Montevideo,Sol del Sur,1995,"Baco, Judith",Es traducción indirecta vía inglés./ Se añadió dato traductor. Fuente: BN campo Título. 
No hay datos,No hay datos,No hay datos,"Antología del siglo XVIII francés / introducción, comentarios y actividades Ma. Elena Ruibal ; selección de textos, traducción y notas Silvia M. Bausero, Ma. Elena Ruibal.",fre,Francés,997444036X,Montevideo,Rosgal,1996,"Bausero, Silvia M.|Ruibal, María Elena","Se añadió dato traductor. Fuente: BN campo Título y catálogo de la Biblioteca del Poder Legislativo, en el que solamente se establece el nombre de Bausero. "
"Chekhov, Anton Pavlovich","Chejov, Anton Pavlovich",http://viaf.org/viaf/95216565,La dama del perrito y otros cuentos / Anton Chejov.,rus,Ruso,No hay datos,Montevideo,Ediciones de Banda Oriental,1996,No hay datos,Es antología. 
"Ferlinghetti, Lawrence",No hay datos,http://viaf.org/viaf/110070499,Viajes por América desierta y otros poemas = Travels in América deserta and other poems / versiones de Esteban Moore.,eng,Inglés,9974551633 (Edit. Graffiti),Montevideo,"UNESCO, Graffiti",1996,"Moore, Esteban",Se añadió dato traductor. Fuente: BN campo Título. 
"Hackl, Erich",No hay datos,http://viaf.org/viaf/61568015,Los motivos de Aurora / traducido del alemán por Jorge A. Pomar Montalvo.,ger,Alemán,9974321395,Montevideo,Trilce,1996,"Pomar Montalvo, Jorge A.",Se añadió lengua fuente (alemán)./ Se añadió dato traductor. Fuente: BN campo Título y catálogo de la Biblioteca del Poder Legislativo. 
"Laurent, Christine",No hay datos,http://viaf.org/viaf/34573999,Transatlántico : novela / adaptación de un guión cinematográfico original de Christine Laurent ; escrito con la colaboración de André Tachiné y de Philippe Arnaud ; traducción del francés Idea Vilariño.,fre,Francés,9974321522,Montevideo,Trilce,1996,"Vilariño, Idea",Se añadió dato traductor. Fuente: BN campo Título.
No hay datos,No hay datos,No hay datos,"André Breton y el movimiento surrealista : antología / selección de textos y traducción Pascual L. Costa ; prólogo, notas, cronología Hugo Riva.",fre,Francés,9974440351,Montevideo,Rosgal,1996,"Costa, Pascual L. ",Se añadió dato traductor. Fuente: BN campo Título y catálogo de la Biblioteca del Poder Legislativo. 
"Voltaire, Francois Marie Arouet de","Arouet, François-Marie",http://viaf.org/viaf/36925746,Cándido / Voltaire ; traducción de Alfredo Percovich ; prólogo y notas de Alejandro Paternain.,fre,Francés,No hay datos,Montevideo,Ediciones de Banda Oriental,1996,"Percovich, Alfredo",Se añadió dato traductor. Fuente: BN campo Título y catálogo de la Biblioteca del Poder Legislativo. 
"Crosley, Joyce",No hay datos,No hay datos,Conociendo a Khayyam,No hay datos,No hay datos,No hay datos,Montevideo,Club del cuento corto,1996,No hay datos,No hay datos
"Antelme, Robert",No hay datos,http://viaf.org/viaf/88034640,La especie humana,fre,Francés,No hay datos,Montevideo,Trilce,1996,No hay datos,No hay datos
No hay datos,No hay datos,No hay datos,Séneca : Apocolocyntosis del Divino Claudio,lat,Latín,No hay datos,Montevideo,Facultad de Humanidades y Ciencias de la Educación. Departamento de Publicaciones,1996,"Introini, Juan",Se añadió dato traductor. Fuente: catálogo de la Biblioteca del Poder Legislativo. 
"Supervielle, Jules",No hay datos,http://viaf.org/viaf/41846928,"El Uruguay de Supervielle : la impronta del país natal en la vida y la obra del poeta / textos del autor , reunidos, traducidos y comentados por Jacques-André Duprey",fre,Francés,9974573149,Montevideo,Ediciones del Bichito,1996,"Duprey, Jacques-André ",Se añadió dato traductor. Fuente: BN campo Título.  
No hay datos,No hay datos,No hay datos,Teatro francés contemporáneo.,fre,Francés,9974321646,Montevideo,Trilce,1997,"Campodónico, Laura|Mirza, Roger",Se añadió dato traductor. Fuente: consulta del sitio web de la editorial. 
"Conrad, Joseph",No hay datos,http://viaf.org/viaf/73862853,El regreso.,eng,Inglés,No hay datos,Montevideo,Ediciones de Banda Oriental,1997,No hay datos,No hay datos
No hay datos,No hay datos,No hay datos,Teatro francés contemporáneo II.,fre,Francés,9974321808,Montevideo,Trilce,1997,"Masello, Laura|Migdal, Alicia",Se añadió dato traductor. Fuente: consulta del sitio web de la editorial. 
"London, Jack","Chaney, John Griffith",http://viaf.org/viaf/46764200,La llamada de la selva : novela.,eng,Inglés,No hay datos,Montevideo,Ediciones de Banda Oriental,1997,No hay datos,No hay datos
"Lovecraft, H. P.","Lovecraft, Howard Phillips",http://viaf.org/viaf/66470391,En las montañas alucinantes.,eng,Inglés,No hay datos,Montevideo,Ediciones de Banda Oriental,1997,No hay datos,No hay datos
"Poe, Edgar Allan",No hay datos,http://viaf.org/viaf/60351476,"La caída de la casa Usher y otros cuentos / selección, traducción, prólogo y notas de Roberto Appratto.",eng,Inglés,No hay datos,Montevideo,Ediciones de Banda Oriental,1997,"Appratto, Roberto",Es antología./ Se añadió dato traductor. Fuente: BN campo Título.
"Prusso, Alejandro",No hay datos,No hay datos,Llegando a la hora azul.,ita,Italiano,No hay datos,Maldonado,Eladio Linacero,1997,No hay datos,No hay datos
"Ruas, Tabajara",No hay datos,http://viaf.org/viaf/9876046,Netto pierde su alma / traducción de Pablo Rocca ; revisión de Heber Raviolo ; prólogo de Washington Benavídez.,por,Portugués,9233034682 (UNESCO),Montevideo,Ediciones de Banda Oriental |UNESCO,1997,"Rocca, Pablo",Se añadió dato traductor. Fuente: BN campo Título.
"Ruas, Tabajara",No hay datos,http://viaf.org/viaf/9876046,Persecución y cerco de Juvencio Gutiérrez : novela / traducción de Pablo Rocca y Heber Raviolo.,por,Portugués,9974100380,Montevideo,Ediciones de Banda Oriental,1997,"Rocca, Pablo",Se añadió dato traductor. Fuente: BN campo Título.
"Samarakis, Antonis",No hay datos,http://viaf.org/viaf/61578587,El fallo : (el error) novela.,gre,Griego,No hay datos,Montevideo,No hay datos,1997,No hay datos,No hay datos
"Ruesch, Hans",No hay datos,http://viaf.org/viaf/98660267,País de las sombras largas / Hans Ruesch.,eng,Inglés,9507378944,Montevideo,La República,1997,No hay datos,Se añadió lengua fuente (inglés)./ Fuente del dato Año no oficial.
"Shakespeare, William",No hay datos,http://viaf.org/viaf/96994048,El Mercader de Venecia,eng,Inglés,9507378932,Montevideo,La República,1997,No hay datos,No hay datos
"Stevenson, Robert Louis",No hay datos,http://viaf.org/viaf/95207986,El club de los suicidas,eng,Inglés,No hay datos,Montevideo,La República|MAS,1997,No hay datos,No hay datos
"Dostoievski, Fedor Mijailovich","Dostoyevsky, Fyodor",http://viaf.org/viaf/104023256,El jugador,rus,Ruso,No hay datos,Montevideo,La República|MAS,1997,No hay datos,Se añadió lengua fuente (ruso). 
"Wilde, Oscar",No hay datos,http://viaf.org/viaf/34464414,El retrato de Dorian Gray,eng,Inglés,9507378944,Montevideo,La República,1997,No hay datos,No hay datos
"Rajchman, Chil",No hay datos,http://viaf.org/viaf/85948781,Un grito por la vida : memorias,yid,Yiddish,No hay datos,Montevideo,Ediciones de Banda Oriental,1997,No hay datos,Se añadió lengua fuente (yiddish). 
"Sauquet, Michel",No hay datos,http://viaf.org/viaf/134519599,Una gota de tinta en el océano,fre,Francés,9974321700,Montevideo,Trilce,1997,No hay datos,No hay datos
"Fitzgerald, Francis Scott",No hay datos,http://viaf.org/viaf/100254195,El gran Gatsby,eng,Inglés,9507378944,Montevideo,"La República
|MAS",1997,No hay datos,No hay datos
"James, Henry",No hay datos,http://viaf.org/viaf/36920030,Otra vuelta de tuerca,eng,Inglés,9507378944,Montevideo,"La República
|MAS",1997,No hay datos,No hay datos
"Ziemial, Josef",No hay datos,http://viaf.org/viaf/59333643,Los niños vendedores de cigarrillos,pol,Polaco,No hay datos,Montevideo,Lapid,1997,No hay datos,Se añadió lengua fuente (polaco). Fuente externa: Worldcat.
"Balzac, Honoré de",No hay datos,http://viaf.org/viaf/29529595,Sarrasine.,fre,Francés,No hay datos,Montevideo,Ediciones de Banda Oriental,1998,No hay datos,No hay datos
"Brecht, Bertolt",No hay datos,http://viaf.org/viaf/2467372,"Brecht y la Opera de dos centavos : el hombre, el teatro, la poesía / traducciones Mercedes Rein.",ger,Alemán,No hay datos,Montevideo,Asociación de Teatro Victoria,1998,"Rein, Mercedes",Se añadió dato traductor. Fuente: BN campo Título y catálogo de la Biblioteca del Poder Legislativo. 
"Cabrera, Sarandy",No hay datos,http://viaf.org/viaf/76336792,Limericks : epigramas ingleses.,eng,Inglés,9974570603,Montevideo,Vintén Editor,1998,"Cabrera, Sarandy",Se rectificó lengua fuente de francés a inglés./ Se añadió dato traductor. Fuente: catálogo de la Biblioteca del Poder Legislativo.
"Ceccatty, René de",No hay datos,http://viaf.org/viaf/110644078,El acompañamiento / traducción del francés Juana Caballero.,fre,Francés,9974321948,Montevideo,Trilce,1998,"Caballero, Juana pseudónimo de Hugo Achugar",Se añadió dato traductor. Fuente: BN campo Título.
"London, Jack","Chaney, John Griffith",http://viaf.org/viaf/46764200,Cuentos de los mares del Sur.,eng,Inglés,No hay datos,Montevideo,La República,1998,No hay datos,Fuente del dato Año no oficial.
"London, Jack","Chaney, John Griffith",http://viaf.org/viaf/46764200,Una aventura en el aire.,eng,Inglés,No hay datos,Montevideo,Ediciones de Banda Oriental,1998,No hay datos,No hay datos
"Morin, Edgar",No hay datos,http://viaf.org/viaf/108199255,"Amor, poesía, sabiduría / traducido del francés por Laura Masello.",fre,Francés,9974321786,Montevideo,Trilce,1998,"Masello, Laura",Se rectificó lengua fuente de inglés a francés./ Se añadió dato traductor. Fuente: BN campo Título.
"Sade, Donatien-Alphonse-Francois, comte, llamado Marquis de","Sade, Donatien-Alphonse-François",http://viaf.org/viaf/56615966,La filosofía en el tocador / Marqués de Sade.,fre,Francés,No hay datos,Montevideo,La República,1998,No hay datos,Fuente del dato Año no oficial.
"Saint-Exupéry, Antoine de",No hay datos,http://viaf.org/viaf/93810507,Vuelo nocturno : novela.,fre,Francés,No hay datos,Montevideo,Ediciones de Banda Oriental,1998,No hay datos,No hay datos
"Tolstoi, Lev Nikolaevich","Tolstoi, León",http://viaf.org/viaf/96987389,Sebastopol : episodios del asedio / León Tolstoi.,rus,Ruso,No hay datos,Montevideo,La República,1998,No hay datos,No hay datos
"Tolstoi, Lev Nikolaevich","Tolstoi, León",http://viaf.org/viaf/96987389,Felicidad familiar : novela / León Tolstoi ; prólogo de Marisa Faggiani Domínguez.,rus,Ruso,No hay datos,Montevideo,Ediciones de Banda Oriental,1998,"Andresco, Irene|Andresco, Laura",Se añadió dato traductor. Fuente: BN campo Hay_traductor. 
"Trevisan, Armindo",No hay datos,http://viaf.org/viaf/3269540,"Reflexiones sobre la poesía / traducción y notas Tatiana Oroño, Enrique Palombo.",por,Portugués,No hay datos,Montevideo,Talleres Gráficos de A. Monteverde y Cía,1998,"Oroño, Tatiana|Palombo, Enrique",Se añadió lengua fuente (portugués)./ Se añadió dato traductor. Fuente: BN campo Título.
"Wells, Herbert George",No hay datos,http://viaf.org/viaf/97006424,La máquina del tiempo / Herbert G. Wells.,eng,Inglés,No hay datos,Montevideo,La República,1998,No hay datos,Fuente del dato Año no oficial.
"Wilde, Oscar",No hay datos,http://viaf.org/viaf/34464414,El fantasma de Canterville.,eng,Inglés,No hay datos,Montevideo,Ediciones de Banda Oriental,1998,No hay datos,No hay datos
"Radiguet, Raymond",No hay datos,http://viaf.org/viaf/68934728,El diablo en el cuerpo,fre,Francés,9507378944,Montevideo,"Ministerio de Vivienda, Ordenamiento Territorial y Medio Ambiente",1998,No hay datos,No hay datos
"Kipling, Rudyard",No hay datos,http://viaf.org/viaf/7524679,La litera fantástica y otros cuentos,eng,Inglés,9507378944,Montevideo,"La República
| MAS",1998,No hay datos,No hay datos
No hay datos,No hay datos,No hay datos,Las mil y una noches : selección de cuentos,ara,Árabe,No hay datos,Montevideo,La República,1998,No hay datos,Es antología./ Se recuperó lengua fuente (árabe). 
"Duprey, Jacques André",No hay datos,http://viaf.org/viaf/32128979,"Uruguay en el corazón de los franceses / seleccionados, comentados y en su mayor parte traducidos por Jacques-André Duprey",fre,Francés,9974573238 (Obra completa),Montevideo,Ediciones del Bichito,1998,"Duprey, Jacques-André",Se rectificó lengua fuente de español a francés./ Se añadió dato traductor. Fuente: BN campo Título. 
"Cicalese, Vicente Orlando",No hay datos,http://viaf.org/viaf/12355451,"Juvenal, su tiempo, sus sátiras.",lat,Latín,No hay datos,Montevideo,No hay datos,1999,No hay datos,"Publicación con apoyo de CSIC, en cuya web se establece que habría traducciones.  "
"Doyle, sir Arthur Conan",No hay datos,http://viaf.org/viaf/65283845,El vampiro de Sussex : y otros cuentos de Sherlock Holmes / prólogo de Elvio E. Gandolfo.,eng,Inglés,No hay datos,Montevideo,Ediciones de Banda Oriental,1999,No hay datos,No hay datos
"Hudson, William Henry",No hay datos,http://viaf.org/viaf/7391698,La tierra purpúrea / W.H. Hudson ; traducción de Idea Vilariño ; prólogo de Ruben Cotelo.,eng,Inglés,9974100623,Montevideo,Ediciones de Banda Oriental,1999,"Vilariño, Idea",Se añadió dato traductor. Fuente: BN campo Título.
No hay datos,No hay datos,No hay datos,Teatro francés contemporáneo III.,fre,Francés,997432209X,Montevideo,Trilce,1999,"Vegh, Beatriz|Masello, Laura",Se añadió dato traductor. Fuente: consulta del sitio web de la editorial.
"Lichtenberger, Henri",No hay datos,http://viaf.org/viaf/59085582,Introducción al Primer Fausto.,fre,Francés,No hay datos,Montevideo,Editorial Técnica,1999,No hay datos,Es manual de estudio./ Se recuperó lengua fuente (francés). 
"Maupassant, Guy de",No hay datos,http://viaf.org/viaf/29537765,Miss Harriet y otros relatos / selección y prólogo de Heber Raviolo.,fre,Francés,No hay datos,Montevideo,Ediciones de Banda Oriental,1999,No hay datos,Es antología. 
"Ruas, Tabajara",No hay datos,http://viaf.org/viaf/9876046,El cerco : novela / traducción de Pablo Rocca.,por,Portugués,9974100704,Montevideo,Ediciones de Banda Oriental,1999,"Rocca, Pablo",Se añadió dato traductor. Fuente: BN campo Título y catálogo de la Biblioteca del Poder Legislativo. 
Sófocles,No hay datos,http://viaf.org/viaf/101760867,Edipo rey : Antígona.,gre,Griego,No hay datos,Montevideo,Editorial Técnica,1999,No hay datos,No hay datos
"Doyle, sir Arthur Conan",No hay datos,http://viaf.org/viaf/65283845,La piedra de Mazarino : y otros cuentos de Sherlock Holmes / Arthur Conan Doyle.,eng,Inglés,9789974112490,Montevideo,Ediciones de Banda Oriental,1999,No hay datos,Es antología. 
"Balzac, Honoré de",No hay datos,http://viaf.org/viaf/29529595,Papá Goriot.,fre,Francés,No hay datos,Montevideo,Editorial Técnica,2000,No hay datos,No hay datos
Esquilo,No hay datos,http://viaf.org/viaf/268526195,Los Persas ; Agamenon.,gre,Griego,No hay datos,Montevideo,Editorial Técnica,2000,No hay datos,No hay datos
No hay datos,No hay datos,No hay datos,Faulkner desde el otro Sur : una versión inédita de Gambito de caballo / de William Faulkner ; textos y entrevistas Helen Oakley...[et al.] ; coordinación Beatriz Vegh.,eng,Inglés,9974540194,Montevideo,Cal y Canto,2000,"Vegh de Falcao, Beatriz",Se añadió dato traductor. Fuente: catálogo de la Biblioteca del Poder Legislativo. 
"Poe, Edgar Allan",No hay datos,http://viaf.org/viaf/60351476,Cuentos.,eng,Inglés,No hay datos,Montevideo,Editorial Técnica,2000,No hay datos,No hay datos
"Ragon, Michel",No hay datos,http://viaf.org/viaf/24606941,Bellas esperanzas / traducción del francés Mariana Vlahussich.,fre,Francés,9974322316,Montevideo,Trilce,2000,"Vlahussich, Mariana",Se añadió dato traductor. Fuente: BN campo Título. 
"Shakespeare, William",No hay datos,http://viaf.org/viaf/96994048,"Macbeth / prólogo Gabriela Kaplan, Laura Flores ; notas Laura Flores.",eng,Inglés,9974760275,Montevideo,Ediciones del Pizarrón,2000,No hay datos,Difiere ISBN en BN y catálogo de la Biblioteca del Poder Legislativo.
"Shakespeare, William",No hay datos,http://viaf.org/viaf/96994048,"Macbeth / traducción, prólogo y notas de Idea Vilariño.",eng,Inglés,No hay datos,Montevideo,Editorial Técnica,2000,"Vilariño, Idea",Se añadió dato traductor. Fuente: BN campo Título. 
Stendhal,"Beyle, Marie-Henri",http://viaf.org/viaf/17823,La abadesa de Castro.,fre,Francés,9974101263,Montevideo,Ediciones de Banda Oriental,2000,No hay datos,No hay datos
"Kroch, Ernesto",No hay datos,http://viaf.org/viaf/3270814,El camino a Siskon : geografías humanas.,ger,Alemán,9974101174,Montevideo,Ediciones de Banda Oriental,2000,No hay datos,Se recuperó lengua fuente (alemán). Fuente externa: fondo del autor en European Holocaust Research Infrastructure. 
Sófocles,No hay datos,http://viaf.org/viaf/101760867,Antígona / prólogo de Teresa Torres.,gre,Griego,9974760283,Montevideo,Ediciones del Pizarrón,2000,No hay datos,No hay datos
"Tolstoi, Lev Nikolaevich","Tolstoi, León",http://viaf.org/viaf/96987389,La muerte de Ivan Ilich.,rus,Ruso,No hay datos,Montevideo,Editorial Técnica,2000,No hay datos,No hay datos
"Salgari, Emilio",No hay datos,http://viaf.org/viaf/29540305,Los tigres de la Malasia,ita,Italiano,No hay datos,Montevideo,El País,2000,No hay datos,No hay datos
"Salgari, Emilio",No hay datos,http://viaf.org/viaf/29540305,Sandokán,ita,Italiano,No hay datos,Montevideo,El País,2000,No hay datos,No hay datos
Homero,No hay datos,http://viaf.org/viaf/224924963,La Ilíada,gre,Griego,No hay datos,Montevideo,El País,2000,No hay datos,No hay datos
"Alighieri, Dante",No hay datos,http://viaf.org/viaf/97105654,Divina Comedia : infierno,ita,Italiano,No hay datos,Montevideo,El País,2000,No hay datos,No hay datos
"Hemingway, Ernest",No hay datos,http://viaf.org/viaf/97006051,El viejo y el mar,eng,Inglés,No hay datos,Montevideo,El País,2000,No hay datos,No hay datos
"Souto Maior, Roberto Tavares",No hay datos,http://viaf.org/viaf/68709330,"Vida soñada, sueño vivido = Vida sonhada, sonho vivido : relatos",por,Portugués,997432.2340,Montevideo,Trilce,2000,No hay datos,Es edición bilingüe. 
Sófocles,No hay datos,http://viaf.org/viaf/101760867,Antígona,gre,Griego,9974760283,Montevideo,Ediciones del Pizarrón,2000,No hay datos,No hay datos
"Blixen, Hyalmar",No hay datos,http://viaf.org/viaf/17246395,La narrativa oral chaná,fre,Francés,No hay datos,Montevideo,Ediciones de Banda Oriental,2000,"Blixen, Hyalmar",Es traducción del francés. Recoge mitos orales chanás transmitidos al autor en guaraní. Fuente: consulta del ejemplar físico para desambiguar. 
"Bradley, Andrew Cecil",No hay datos,http://viaf.org/viaf/51737969,Macbeth / traducción de Idea Vilariño.,eng,Inglés,No hay datos,Montevideo,Editorial Técnica,2001,"Vilariño, Idea",Se añadió dato traductor. Fuente: BN campo Título. 
"Bradley, Andrew Cecil",No hay datos,http://viaf.org/viaf/51737969,Hamlet / traducción América Moro.,eng,Inglés,No hay datos,Montevideo,Editorial Técnica,2001,"Moro, América",Se añadió dato traductor. Fuente: BN campo Título. 
"Cunninghame Graham, R. B.","Cunninghame Graham, Robert B.",http://viaf.org/viaf/61539913,Un místico brasileño : vida y milagros de Antonio Conselheiro / R. B. Cunninghame Graham ; traducción de Eleonora Basso ; prólogo de Pablo Rocca.,eng,Inglés,9974101972,Montevideo,Ediciones de Banda Oriental,2001,"Basso, Eleonora",Se añadió dato traductor. Fuente: BN campo Título. 
"Highet, Gilbert|Guardini, Romano",No hay datos,http://viaf.org/viaf/46807357 ; http://viaf.org/viaf/24602326,Dante y la antiguedad pagana / Gilbert Highet. Panorama de la eternidad / Romano Guardini.,eng ; ger ; ita,Inglés ; Alemán ; Italiano,No hay datos,Montevideo,Editorial Técnica,2001,No hay datos,Se recuperó lengua fuente (inglés). 
"Hudson, William Henry",No hay datos,http://viaf.org/viaf/7391698,Allá lejos y hace tiempo / W.H. Hudson.,eng,Inglés,9974102227,Montevideo,Ediciones de Banda Oriental,2001,No hay datos,Sería traducción de Idea Vilariño.
"Hudson, William Henry",No hay datos,http://viaf.org/viaf/7391698,"La tierra purpúrea / traducción de Idea Vilariño , prólogo de Rúben Cotelo.",eng,Inglés,9974100623,Montevideo,Ediciones de Banda Oriental,2001,"Vilariño, Idea",Se añadió dato traductor. Fuente: BN campo Título. 
No hay datos,No hay datos,No hay datos,Teatro francés contemporáneo IV.,fre,Francés,9974322766,Montevideo,Trilce,2001,"Campodónico, Laura|Mirza, Roger",Se añadió dato traductor. Fuente: catálogo de la Biblioteca del Poder Legislativo. 
"Miranda, Alvaro",No hay datos,http://viaf.org/viaf/36989448,Walt Whitman :$bestudio preliminar y antología de Hojas de hierba.,eng,Inglés,No hay datos,Montevideo,Editorial Técnica,2001,No hay datos,Es manual de estudio y antología. 
"Twain, Mark","Clemens, Samuel Langhorne",http://viaf.org/viaf/50566653,Tom Sawyer detective / Mark Twain .,eng,Inglés,No hay datos,Montevideo,Ediciones de Banda Oriental,2001,No hay datos,No hay datos
"Chekhov, Anton Pavlovich","Chejov, Anton Pavlovich",http://viaf.org/viaf/95216565,El jardín de los cerezos / Antón Chejov : prólogo y notas Adriana Miranda Sierra.,rus,Ruso,997476260X,Montevideo,Ediciones del Pizarrón,2001,No hay datos,No hay datos
"Pozenato, José Clemente",No hay datos,http://viaf.org/viaf/16117936,El caso del martillo : novela / José Clemente Pozenato ; traducción y prólogo de Pablo Rocca.,por,Portugués,9974101654,Montevideo,Ediciones de Banda Oriental,2001,"Rocca, Pablo","Se añadió dato traductor. Fuente: BN campo Título.  
"
"Boulet, Michel",No hay datos,http://viaf.org/viaf/59079470,Los cerdos y otros cuentos bíblicos,fre,Francés,No hay datos,Montevideo,Impresora Gráfica,2001,No hay datos,No hay datos
"Almeida, Manuel Antonio de",No hay datos,http://viaf.org/viaf/32069134,Memorias de un sargento de milicias / prólogo de Joao Cezar de Castro Rocha.,por,Portugués,9974102700,Montevideo,Ediciones de Banda Oriental,2002,No hay datos,No hay datos
"Calet, Henri","Barthelmess, Raymond Théodore",http://viaf.org/viaf/76312944,El gran viaje / traducción del francés Mariana Vlahussich.,fre,Francés,9974323177,Montevideo,Trilce,2002,"Vlahussich, Mariana",Se añadió dato traductor. Fuente: BN campo “Título y  catálogo de la Biblioteca del Poder Legislativo. 
Omar Khayyam,"Khayyam, Omar",http://viaf.org/viaf/100210377,"Robaiyyat : en lengua persa / de Omar Jayyam ; traducción directa al español del original persa, introducción y aclaraciones por Parvín Zarazvand.",per,Farsi,9974393760,Montevideo,No hay datos,2002,"Zarazvand, Parvín",Se añadió lengua fuente (persa)./ Se añadió dato traductor. Fuente: BN campo Título y  catálogo de la Biblioteca del Poder Legislativo. 
"Ribeiro, Tirzah",No hay datos,http://viaf.org/viaf/70314442,Claroscuro.,por,Portugués,9974663350,Montevideo|Brasilia,"Bianchi Editores, Edições Pilar",2002,No hay datos,Es edición binacional. 
"Ribeiro, Tirzah",No hay datos,http://viaf.org/viaf/70314442,Del esquivo amor.,por,Portugués,9974663139,Montevideo|Brasilia,"Bianchi Editores, Edições Pilar",2002,No hay datos,Es edición binacional. 
No hay datos,No hay datos,No hay datos,El naufragio del Leal Santos y otros cuentos,Sueco,Sueco,9974552524,Montevideo,Asociación Uruguaya de Literatura Infantil-juvenil |  Amphion,2002,No hay datos,Es antología de varios autores en español y uno en sueco./ Se rectificó lengua fuente de alemán a sueco. 
No hay datos,No hay datos,No hay datos,Cuentos de la tercera orilla : Asturias - Montevideo,por,Portugués,9974102596,Montevideo,Ediciones de Banda Oriental,2002,No hay datos,Es antología de varios autores en español y uno portugués./  Se rectificó lengua fuente de alemán a portugués. 
"Cather, Willa Sibert",No hay datos,http://viaf.org/viaf/2480701,Una dama perdida / Willa S. Cather ; prólogo de Javiera Gutiérrez.,eng,Inglés,9974103150,Montevideo,Ediciones de Banda Oriental,2003,No hay datos,No hay datos
No hay datos,No hay datos,No hay datos,Teatro francés contemporáneo V.,fre,Francés,9974323312,Montevideo,Trilce,2003,"Perdomo, Gustavo|Gomez Grande, Fernando",Se añadió dato traductor. Fuente: catálogo de la Biblioteca del Poder Legislativo. 
"Alighieri, Dante",No hay datos,http://viaf.org/viaf/97105654,La divina comedia.,ita,Italiano,9974775337,Montevideo,Ediciones Cruz del Sur,2003,No hay datos,Fuente del dato Ciudad no oficial
"Martins, Cyro",No hay datos,http://viaf.org/viaf/79068972,El príncipe de la villa / traducción y prólogo de Pablo Rocca ; síntesis biobibliográfica Carlos Appel.,por,Portugués,9974102811,Montevideo,Ediciones de Banda Oriental,2003,"Rocca, Pablo ",Se añadió dato traductor. Fuente: BN campo Título. 
"Tranströmer, Tomás",No hay datos,http://viaf.org/viaf/84082847,29 jaicus y otros poemas = 29 haiku och andra diker / Tomás Tranströmer ; versión castellana y prólogo de Roberto Mascaró.,Sueco,Sueco,9974768128,Montevideo,Ediciones Imaginarias,2003,"Mascaró, Roberto",Se rectificó lengua fuente de alemán a sueco./  Se añadió dato traductor. Fuente: BN campo Título y catálogo de la Biblioteca del Poder Legislativo. 
"Woolf, Virginia",No hay datos,http://viaf.org/viaf/39385478,Flush : una biografía / prólogo de Rosario Peyrou.,eng,Inglés,9974103010,Montevideo,Ediciones de Banda Oriental,2003,No hay datos,No hay datos
"Conrad, Joseph",No hay datos,http://viaf.org/viaf/73862853,Tifón : relato / Joseph Conrad ; prólogo Milton Fornaro.,eng,Inglés,9974102936,Montevideo,Ediciones de Banda Oriental,2003,No hay datos,No hay datos
"Bradley, A. C.",No hay datos,http://viaf.org/viaf/51737969,Introducción a la tragedia,eng,Inglés,No hay datos,Montevideo,Editorial Técnica,2003,"Vázquez Artigas, Mary",Es manual de estudio./ Se añadió dato traductor. Fuente: catálogo de la Biblioteca del Poder Legislativo. 
"Tolstoï, Sacha","Tolstoi, Sacha",http://viaf.org/viaf/165931059,Más allá del océano : relato de un europeo emigrado al Uruguay,fre,Francés,9974559359,Montevideo,No hay datos,2003,"Duprey, Jacques-André",Se añadió dato traductor. Fuente: catálogo de la Biblioteca del Poder Legislativo. 
"Alves-Bezerra, Wilson",No hay datos,http://viaf.org/viaf/68152079162107111520,Reverberaciones de la frontera en Horacio Quiroga / Wilson Alves-Bezerra; traducción Emilia Spahn,por,Portugués,9789915404929,Montevideo,+Quiroga Ediciones,2021,"Spahn, Emilia",Se añadió dato traductor. Fuente: BN campo Título.
"Chekhov, Anton Pavlovich","Chejov, Anton Pavlovich",http://viaf.org/viaf/95216565,La sala número seis y otros cuentos / Antón Chejov.,rus,Ruso,9974103541,Montevideo,Ediciones de Banda Oriental,2004,No hay datos,Se añadió dato traductor. Fuente: BN campo Valor.
"Ekström, Tomas",No hay datos,http://viaf.org/viaf/78756461,"Elvis, arena para el gato y otras cosas importantes / versión castellana y prólogo de Roberto Mascaró.",Sueco,Sueco,9974768144,Montevideo,Ediciones Imaginarias,2004,"Mascaró, Roberto",Se rectificó lengua fuente de alemán a sueco./ Se añadió dato traductor. Fuente: BN campo Título y  catálogo de la Biblioteca del Poder Legislativo. 
"Goethe, Johann Wolfgang",No hay datos,http://viaf.org/viaf/24602065,Fausto.,ger,Alemán,9974775381,Montevideo,Ediciones Cruz del Sur,2004,No hay datos,Difiere ISBN en BN y catálogo de la Biblioteca del Poder Legislativo. 
"Ibsen, Henrik",No hay datos,http://viaf.org/viaf/71378383,Casa de muñecas.,nor,Noruego,No hay datos,Montevideo,Editorial Técnica,2004,No hay datos,Se rectificó lengua fuente de alemán a noruego. 
"Kafka, Franz",No hay datos,http://viaf.org/viaf/56611857,La metamorfosis.,ger,Alemán,No hay datos,Montevideo,Editorial Técnica,2004,No hay datos,No hay datos
No hay datos,No hay datos,No hay datos,Teatro francés contemporáneo VI.,fre,Francés,9974323649,Montevideo,Trilce,2004,"Musto, Margarita",Se añadió dato traductor. Fuente: catálogo de la Biblioteca del Poder Legislativo. 
"Ramos, Graciliano",No hay datos,http://viaf.org/viaf/66485924,Vidas secas.,por,Portugués,9974103266,Montevideo,Ediciones de Banda Oriental,2004,No hay datos,No hay datos
"Ribeiro, Tirzah",No hay datos,http://viaf.org/viaf/70314442,No hay datos.,por,Portugués,9974663725,Montevideo,Edições Pilar,2004,No hay datos,Es edición binacional. 
"Sullivan, Sally",No hay datos,http://viaf.org/viaf/3586392,"En busca del maestro : novela, finalmente.",eng,Inglés,9974771587,Montevideo,Caracol al Galope,2004,No hay datos,Se añadió lengua fuente (inglés). 
"Veramendi, Judy",No hay datos,http://viaf.org/viaf/1509645,Los cálices vacíos : vida y poesía de Delmira Agustini / versión en español de Serafín Veramendi.,eng,Inglés,974025623,No hay datos,Edición de autor,2004,"Veramendi, Serafín",Se añadió lengua fuente (inglés)./ Se añadió dato traductor. Fuente: BN campo Título.
"Wharton, Edith",No hay datos,http://viaf.org/viaf/17230986,El triunfo de la noche : y otros cuentos de fantasmas / prólogo de Jorge Albistur.,eng,Inglés,997410338X,Montevideo,Ediciones de Banda Oriental,2004,No hay datos,No hay datos
"Whitman, Walt",No hay datos,http://viaf.org/viaf/2478331,"Hojas de hierba : selección, prólogo y notas de Álvaro Miranda.",eng,Inglés,9974785456,Montevideo,Ediciones Cruz del Sur,2004,No hay datos,No hay datos
"Argañaraz, N. N.",No hay datos,No hay datos,Dante y sus precursores,ita,Italiano,No hay datos,Montevideo,O Dos,2004,No hay datos,Es manual de estudio.
"Vincent, Julie",No hay datos,http://viaf.org/viaf/4527151,El vestido de novia de Gisèle Schmidt : cuentos-teatro,fre,Francés,No hay datos,Montevideo,Trilce,2004,"Huertas, Marta",Se añadió dato traductor. Fuente: catálogo de la Biblioteca del Poder Legislativo. 
"Balzac, Honoré de",No hay datos,http://viaf.org/viaf/29529595,Papá Goriot / Honoré de Balzac.,fre,Francés,9789974790568,Montevideo,Ediciones Cruz del Sur,2005,"Senda, Aureliano",Se añadió dato traductor. Fuente: BN campo Valor.
"Colette, Sidonie Gabrielle",No hay datos,http://viaf.org/viaf/68937443,Gigi : la dama del fotógrafo / prólogo de Roger Mirza.,fre,Francés,9974103940,Montevideo,Ediciones de Banda Oriental,2005,No hay datos,No hay datos
"Eca de Queiroz, José María",No hay datos,http://viaf.org/viaf/88719234,Civilización y otros cuentos.,por,Portugués,9974103746,Montevideo,Ediciones de Banda Oriental,2005,No hay datos,No hay datos
Esquilo,No hay datos,http://viaf.org/viaf/268526195,Agamenón / Esquilo.,gre,Griego,9974790530,Montevideo,Ediciones Cruz del Sur,2005,No hay datos,No hay datos
"Francelino, Jair",No hay datos,http://viaf.org/viaf/418150323649309970124,Versos & verdades.,por,Portugués,9974663946,Montevideo|Brasilia,Bianchi Editores|Edições Pilar,2005,No hay datos,Es edición binacional. 
"Kafka, Franz",No hay datos,http://viaf.org/viaf/56611857,La metamorfosis ; La muralla china.,ger,Alemán,9974785472,Montevideo,Ediciones Cruz del Sur,2005,No hay datos,No hay datos
"Kafka, Franz",No hay datos,http://viaf.org/viaf/56611857,Cuentos cortos / ilustraciones Marcel Vera Ciliani.,ger,Alemán,9974398568,Montevideo,Elipsis Comics,2005,No hay datos,No hay datos
No hay datos,No hay datos,No hay datos,Bhagavad Guita : armónico celestial.,san,Sánscrito,No hay datos,Montevideo,Instituto Patanjali,2005,No hay datos,Se añadió lengua fuente (sánscrito).
No hay datos,No hay datos,No hay datos,Romania en construcción : traducción de textos latinos de la alta Edad Media / [presentación y traducción] Virginia Orlando...[et al.].,lat,Latín,9974398169,Montevideo,Universidad de la República.  Facultad de Humanidades y Ciencias de la Educación.  Departamento de Filología Hispánica,2005,"Orlando, Virginia [et al.].",Es manual de estudio./ Se añadió dato traductor. Fuente: BN campo Valor.
"Romero, Rodrigo",No hay datos,No hay datos,Hana.,por,Portugués,997466392X,Montevideo|Brasilia,Bianchi Editores|Edições Pilar,2005,No hay datos,No hay datos
"Salas, Jo",No hay datos,http://viaf.org/viaf/79432046,Improvisando la vida real : historias personales en el Teatro Playback.,eng,Inglés,9974421284,Montevideo,Nordan Comunidad,2005,No hay datos,Se añadió lengua fuente (inglés).
"Shakespeare, William",No hay datos,http://viaf.org/viaf/96994048,Hamlet.,eng,Inglés,9974785464,Montevideo,Ediciones Cruz del Sur,2005,No hay datos,No hay datos
Sófocles,No hay datos,http://viaf.org/viaf/101760867,Antígona.,gre,Griego,9974790549,Montevideo,Ediciones Cruz del Sur,2005,No hay datos,No hay datos
Sófocles,No hay datos,http://viaf.org/viaf/101760867,Edipo rey.,gre,Griego,9974790557,Montevideo,Ediciones Cruz del Sur,2005,No hay datos,No hay datos
"Tolstoi, Lev Nikolaevich","Tolstoi, León",http://viaf.org/viaf/96987389,La muerte de Iván Ilich.,rus,Ruso,9974790514,Montevideo,Ediciones Cruz del Sur,2005,No hay datos,No hay datos
"Wells, Herbert George",No hay datos,http://viaf.org/viaf/97006424,El sueño de Armagedón y otros cuentos / H.G Wells ; prólogo de Heber Raviolo.,eng,Inglés,9974103770,Montevideo,Ediciones de Banda Oriental,2005,No hay datos,No hay datos
"Einstein, Albert",No hay datos,http://viaf.org/viaf/75121530,Mi visión del mundo,ger,Alemán,641020,Montevideo,Consejo de Educación Técnico Profesional,2005,No hay datos,No hay datos
"Connelly, Michael",No hay datos,http://viaf.org/viaf/19745715,La rubia de hormigón,eng,Inglés,8496546209,Montevideo,Zeta,2005,"Guerrero, Javier",Se añadió dato traductor. Fuente: catálogo de la Biblioteca del Poder Legislativo.
"Orwell, George",No hay datos,http://viaf.org/viaf/95155403,1984,eng,Inglés,9974774217,Montevideo,Buró,2005,No hay datos,No hay datos
"Assis, Joaquim Maria Machado de",No hay datos,http://viaf.org/viaf/95151633,"Diez historias cortas / selección, traducción, prólogo y notas de Pablo Rocca.",por,Portugués,9974104173,Montevideo,Ediciones de Banda Oriental,2006,"Rocca, Pablo ",Es antología./ Se añadió dato traductor. Fuente: BN campo Título.
"Baudelaire, Charles",No hay datos,http://viaf.org/viaf/17218730,Las flores del mal / prólogo y notas Leonardo Garet.,fre,Francés,9974774454,Montevideo,Ediciones Cruz del Sur,2006,No hay datos,No hay datos
"Colette, Sidonie Gabrielle",No hay datos,http://viaf.org/viaf/68937443,La gata : novela / traducción y prólogo de Roger Mirza.,fre,Francés,9974104258,Montevideo,Ediciones de Banda Oriental,2006,"Mirza, Roger",Se añadió dato traductor. Fuente: BN campo Título.
"Donne, John",No hay datos,http://viaf.org/viaf/73852666,Elegías completas y testamento de John Donne / traducción Sarandí Cabrera.,eng,Inglés,9974570972,Montevideo,Vintén Editor,2006,"Cabrera, Sarandy",Se añadió dato traductor. Fuente: BN campo Título y catálogo de la Biblioteca del Poder Legislativo.
"Henry, O.","Porter, William Sydney",http://viaf.org/viaf/46770914,Un cosmopolita en el café y otros cuentos / prólogo de Milton Fornaro.,eng,Inglés,9974104149,Montevideo,Ediciones de Banda Oriental,2006,No hay datos,No hay datos
"Orwell, George",No hay datos,http://viaf.org/viaf/95155403,Homenaje a Cataluña.,eng,Inglés,9974774373,Montevideo,Capibara,2006,"Rosenblat, Noemí",Se añadió dato traductor. Fuente: catálogo de la Biblioteca del Poder Legislativo.
"Ribeiro, Tirzah",No hay datos,http://viaf.org/viaf/70314442,Más allá del azul.,por,Portugués,9974663881,Montevideo|Brasilia,"Bianchi Editores, Edições Pilar",2006,No hay datos,Es edición binacional.
"Shakespeare, William",No hay datos,http://viaf.org/viaf/96994048,Sueño de una noche de verano / prólogo y glosario Leonardo Garet.,eng,Inglés,9974774497,Montevideo,Ediciones Cruz del Sur,2006,No hay datos,No hay datos
"Shakespeare, William",No hay datos,http://viaf.org/viaf/96994048,Macbeth / prólogo Gabriela Kaplan y Laura Flores ; notas Laura Flores.,eng,Inglés,9974760275,Montevideo,Ediciones del Pizarrón,2006,No hay datos,No hay datos
"Tolstoï, Sacha",No hay datos,http://viaf.org/viaf/165931059,Concupiscencia : una historia de sombrero = Concupiscence : une histoire de chapeau.,fre,Francés,9974559766,Montevideo,Linardi y Risso,2006,"Errea, Martha",Se añadió dato traductor. Fuente: catálogo de la Biblioteca del Poder Legislativo.
"Fabre, Dominique",No hay datos,http://viaf.org/viaf/29640414,La mesera era nueva,fre,Francés,997432422X,Montevideo,Trilce,2006,"Masello, Laura",Se añadió dato traductor. Fuente: catálogo de la Biblioteca del Poder Legislativo.
"Ramos, Graciliano",No hay datos,http://viaf.org/viaf/66485924,Sao Bernardo : novela / Graciliano Ramos ; prólogo Wander Melo Miranda ; traducción Román García revisada por Heber Raviolo.,por,Portugués,9789974104853,Montevideo,Ediciones de Banda Oriental,2007,"García Arrospide, Román",Se añadió dato traductor. Fuente: BN campo hay_traductor. Se menciona traducción revisada por Heber Raviolo.
"Amaral, Nilza",No hay datos,http://viaf.org/viaf/55725067,El florista.,por,Portugués,9789974804746,Montevideo,aBrace,2007,No hay datos,No hay datos
No hay datos,No hay datos,No hay datos,Cuentagotas VII : selección de cuento breve contemporáneo / Robson Anderson...[et al.].,por,Portugués,9789974801455,Montevideo,aBrace,2007,No hay datos,Se añadió lengua fuente (portugués). 
"Koo, Kwang Yeul",No hay datos,http://viaf.org/viaf/76103060,Caminar sobre la cuerda tirante.,kor,Koreano,9789974804715,Montevideo,aBrace,2007,No hay datos,Se añadió lengua fuente (coreano).
"Littleton, Sue",No hay datos,http://viaf.org/viaf/56216757,Papel de Barrilete - Kite paper.,eng,Inglés,9789974801844,Montevideo,Botella al Mar,2007,No hay datos,No hay datos
"Littleton, Sue",No hay datos,http://viaf.org/viaf/56216757,Imágenes = Images / ilustraciones de Kathleen Romana.,eng,Inglés,9789974801868,Montevideo,Botella al Mar,2007,No hay datos,No hay datos
No hay datos,No hay datos,No hay datos,Teatro francés contemporáneo VII.,fre,Francés,9789974324503,Montevideo,Trilce,2007,"Masello, Laura",Se añadió dato traductor. Fuente: catálogo de la Biblioteca del Poder Legislativo.
"Ribeiro, Tirzah",No hay datos,http://viaf.org/viaf/70314442,EntreLíneas.,por,Portugués,9974801400,Montevideo,aBrace,2007,No hay datos,No hay datos
"Roth, Joseph",No hay datos,http://viaf.org/viaf/56615783,Confesión de un asesino : novela / prólogo de Felipe Polleri.,ger,Alemán,9789974104587,Montevideo,Ediciones de Banda Oriental,2007,No hay datos,No hay datos
"Rubiao, Murilo",No hay datos,http://viaf.org/viaf/79082424,"La ciudad y otros cuentos / antología, prólogo, traducción y notas de Pablo Rocca.",por,Portugués,9789974104662,Montevideo,Ediciones de Banda Oriental,2007,"Rocca, Pablo",Es antología./ Se añadió dato traductor. Fuente: BN campo Título. 
"Saint-Exupéry, Antoine de",No hay datos,http://viaf.org/viaf/93810507,El Principito.,fre,Francés,9789974795174,Montevideo,Nudos,2007,"Freitas, María de Lourdes",Se añadió dato traductor. Fuente: catálogo de la Biblioteca del Poder Legislativo.
"Vincent, Julie",No hay datos,http://viaf.org/viaf/4527151,El vestido de novia de Giséle Schmidt : cuentos-teatro / traducción Marta Huertas.,fre,Francés,No hay datos,Montevideo,Trilce,2007,"Huertas, Marta",Se rectificó lengua fuente de inglés a francés./ Se añadió dato traductor. Fuente: BN campo Título. 
No hay datos,No hay datos,No hay datos,Historias de mi ciudad = Histórias de minha cidade / Julio César Ricucci Cami\2026 [et al.].,por|ita,Portugués|Italiano,9789974808263,Montevideo,aBrace,2007,No hay datos,Se recuperaron lenguas fuente (italiano y portugués). 
"Greco, Gertrudes",No hay datos,http://viaf.org/viaf/20161329674652130805,Vida... : poesías,por,Portugués,9789974804739,Montevideo,aBrace,2007,No hay datos,No hay datos
"Saint-Exupéry, Antoine de",No hay datos,http://viaf.org/viaf/93810507,El Principito,fre,Francés,9789567802517,Montevideo,JC Sáez Editor,2007,"Ottone, María Soledad",Se añadió dato traductor. Fuente: catálogo de la Biblioteca del Poder Legislativo./ Fuente del dato Ciudad no oficial
"Baudelaire, Charles",No hay datos,http://viaf.org/viaf/17218730,"Las flores del mal / traducción, selección y comentarios de Edmundo Gómez Mango",fre,Francés,978997415058,Montevideo,Ediciones de Banda Oriental,2008,"Gómez Mango, Edmundo",Se añadió dato traductor. Fuente: BN campo Título. 
Homero,No hay datos,http://viaf.org/viaf/224924963,La Ilíada.,gre,Griego,997477537X,Montevideo,Ediciones Cruz del Sur,2008,No hay datos,No hay datos
"Kroch, Ernesto",No hay datos,http://viaf.org/viaf/3270814,De años oscuros : alumbrando recuerdo,ger,Alemán,9789974105140,Montevideo,Ediciones de Banda Oriental,2008,No hay datos,Se recuperó lengua fuente (alemán). Fuente externa: fondo del autor en European Holocaust Research Infrastructure. 
"Orwell, George",No hay datos,http://viaf.org/viaf/95155403,Rebelión en la granja : Por qué maté a un elefante / prólogo de Heber Raviolo,eng,Inglés,9789974105294,Montevideo,Ediciones de Banda Oriental,2008,No hay datos,No hay datos
"Roth, Joseph",No hay datos,http://viaf.org/viaf/56615783,Fuga sin fin / prólogo de Felipe Polleri,ger,Alemán,9789974105041,Montevideo,Ediciones de Banda Oriental,2008,No hay datos,No hay datos
"Sá-Carneiro, Mario de",No hay datos,http://viaf.org/viaf/66476723,23 poemas de Mario Sá-Carneiro (1890-1916) / transcreador Washington Benavides,por,Portugués,9789974105249,Montevideo,Ediciones de Banda Oriental,2008,"Benavides, Washington",Se añadió dato traductor. Fuente: BN campo Título.
Sófocles,No hay datos,http://viaf.org/viaf/101760867,"Edipo, Rey",gre,Griego,9789974790556,Montevideo,Ediciones Cruz del Sur,2008,No hay datos,No hay datos
"Meyer, Stephenie",No hay datos,http://viaf.org/viaf/102313919,Amanecer / Stephenie Meyer,eng,Inglés,9789974952683,Montevideo,Alfaguara,2008,"Pallarés, José Miguel|Sánchez, María Jesús",Se añadió dato traductor. Fuente: catálogo de la Biblioteca del Poder Legislativo.
"Meyer, Stephenie",No hay datos,http://viaf.org/viaf/102313919,Luna nueva / Stephenie Meyer,eng,Inglés,9789974952690,Montevideo,Alfaguara,2008,No hay datos,No hay datos
"Miranda, Antonio",No hay datos,http://viaf.org/viaf/30702279,Detrás del espejo / Antonio Miranda ; traducción y prólogo de Elga Pérez-Laborde,por,Portugués,9789974809789,Montevideo|Brasilia,aBrace,2008,"Pérez-Laborde, Elga",Es edición binacional./ Se añadió dato traductor. Fuente: BN campo Título y catálogo de la Biblioteca del Poder Legislativo.
"Lopes Neto, Simões",No hay datos,http://viaf.org/viaf/64031614,Cuentos gauchescos / Joao Simoes Lopes Neto ; traducción Román García Arrospide ; revisión de la traducción y prólogo Heber Raviolo,por,Portugués,9789974105546,Montevideo,Ediciones de Banda Oriental,2008,"García Arrospide, Román",Se añadió dato traductor. Fuente: BN campo Título y catálogo de la Biblioteca del Poder Legislativo. Título BNU establece: revisión de la traducción y prólogo Heber Raviolo. 
"Pavese, Cesare",No hay datos,http://viaf.org/viaf/36922880,La playa / Césare Pavese; prólogo de Milton Fornaro,ita,Italiano,9789974105744,Montevideo,Ediciones de Banda Oriental,2008,No hay datos,No hay datos
"Alba, Maria de Lourdes",No hay datos,http://viaf.org/viaf/169966857,Alrededor de las horas / Maria de Lourdes Alba,por,Portugués,9789974808287,Montevideo,aBrace,2008,"Ribeiro, Tirzah",Se añadió dato traductor. Fuente: catálogo de la Biblioteca del Poder Legislativo.
"Assis, Joaquim Maria Machado de",No hay datos,http://viaf.org/viaf/95151633,El alienista : y otros relatos / J. Machado de Assis; traducción y prólogo de Heber Raviolo,por,Portugués,9789974105072,Montevideo,Ediciones de Banda Oriental,2008,"Raviolo, Heber",Es antología./ Se añadió dato traductor. Fuente: BN campo Título.
"Barreto, Alfonso Henriques de Lima",No hay datos,http://viaf.org/viaf/64039068,"La nueva California : y otros cuentos / A. H. de Lima Barreto; antología, traducción y notas Pablo Rocca; prólogo de Carmen Lúcia Negreiros de Figueredo",por,Portugués,9789974105171,Montevideo,Ediciones de Banda Oriental,2008,"Rocca, Pablo",Es antología./ Se añadió dato traductor. Fuente: BN campo Título.
"Bierce, Ambrose",No hay datos,http://viaf.org/viaf/232144783035948358100,Diccionario del diablo / Ambrose Bierce ; prólogo de Elbio Rodríguez Barilari,eng,Inglés,9789974105515,Montevideo,Ediciones de Banda Oriental,2008,"Walsh, Rodolfo",Se añadió dato traductor. Fuente: catálogo de la Biblioteca del Poder Legislativo.
"Pamuk, Orhan",No hay datos,http://viaf.org/viaf/107501225,Me llamo Rojo,tur,Turco,9879780405931,Montevideo,Alfaguara,2008,"Carpintero, Rafael",Se recuperó lengua fuente (turco)./ Se añadió dato traductor. Fuente: catálogo de la Biblioteca del Poder Legislativo.
"Shuman, George D.",No hay datos,http://viaf.org/viaf/79208636,18 segundos,eng,Inglés,9789500430081,Montevideo,Emecé,2008,No hay datos,No hay datos
"Clancy, Tom",No hay datos,http://viaf.org/viaf/108842694,Los dientes del tigre,eng,Inglés,9789500430197,Montevideo,Emecé,2008,"Pico Estradas, Agustín",Se añadió dato traductor. Fuente: catálogo de la Biblioteca del Poder Legislativo.
"Eco, Umberto",No hay datos,http://viaf.org/viaf/108299403,Decir casi lo mismo,ita,Italiano,978997426415752,Montevideo,Lumen,2008,"Lozano Miralles, Helena",Se añadió dato traductor. Fuente: catálogo de la Biblioteca del Poder Legislativo.
"Holt, Anne",No hay datos,http://viaf.org/viaf/59128005,Crepúsculo en Oslo,nor,Noruego,9788496791947,Montevideo,Roca,2008,"Gómez Baggethun, Cristina",Se rectificó lengua fuente de alemán a noruego./ Se añadió dato traductor. Fuente: catálogo de la Biblioteca del Poder Legislativo.
"Quinn, Daniel",No hay datos,http://viaf.org/viaf/79122177,A.D. : El año que cambió el mundo,eng,Inglés,9789500430067,Montevideo,Emecé,2008,"Fondebrider, Jorge",Se añadió dato traductor. Fuente: catálogo de la Biblioteca del Poder Legislativo.
"James, Peter",No hay datos,http://viaf.org/viaf/9884130,Muerte prevista,eng,Inglés,9788496791480,Montevideo,Roca,2008,"Guillén, Escarlata",Se añadió dato traductor. Fuente: catálogo de la Biblioteca del Poder Legislativo.
"Moore, Michael",No hay datos,http://viaf.org/viaf/115241226,Mike for president! la verdad y nada más que la verdad sobre la democracia yanqui,eng,Inglés,9789974643666,Montevideo,Temas de hoy,2008,No hay datos,No hay datos
"Meyer, Stephenie",No hay datos,http://viaf.org/viaf/102313919,Crepúsculo : un amor peligroso,eng,Inglés,9789974952669,Montevideo,Alfaguara,2008,No hay datos,No hay datos
"Meyer, Stephenie",No hay datos,http://viaf.org/viaf/102313919,Eclipse,eng,Inglés,9789974952676,Montevideo,Alfaguara,2008,"Pallarés, José Miguel",Se añadió dato traductor. Fuente: catálogo de la Biblioteca del Poder Legislativo.
"Saviano, Roberto",No hay datos,http://viaf.org/viaf/90649613,Gomorra : un viaje al imperio económico y al sueño de poder de la Camorra,ita,Italiano,9789974683013,Montevideo,Debate,2008,"Ramos, Francisco",Se añadió dato traductor. Fuente: catálogo de la Biblioteca del Poder Legislativo.
"Blais, Marie-Claire",No hay datos,http://viaf.org/viaf/79020626,Una temporada en la vida de Emanuel,fre,Francés,9789974324862,Montevideo,Trilce,2008,"Vegh de Falcao, Beatriz",Se añadió dato traductor. Fuente: catálogo de la Biblioteca del Poder Legislativo.
"Hudson, William Henry",No hay datos,http://viaf.org/viaf/7391698,La tierra purpúrea / traducción de Idea Vilariño ; prólogo de Ruben Cotelo,eng,Inglés,9974100623,Montevideo,Ediciones de Banda Oriental,2009,"Vilariño, Idea",Se añadió dato traductor. Fuente: BN campo Título. 
Sófocles,No hay datos,http://viaf.org/viaf/101760867,Edipo rey ; Antígona,gre,Griego,No hay datos,Montevideo,Editorial Técnica,2009,No hay datos,No hay datos
"Ashbery, John",No hay datos,http://viaf.org/viaf/100001869,"Como un proyecto del que nadie habla = Like a project of which no one tells / John Ashbery ; prólogo, selección y traducción de Roberto Echavarren",eng,Inglés,9789974361553,Montevideo,Ministerio de Educación y Cultura,2009,"Echavarren, Roberto",Es antología./ Se añadió dato traductor. Fuente: BN campo Título. 
"Meyer, Stephenie",No hay datos,http://viaf.org/viaf/102313919,Crepúsculo : un amor peligroso / Stephenie Meyer,eng,Inglés,9789974952669,Montevideo,Alfaguara,2009,No hay datos,No hay datos
"Larsson, Stieg",No hay datos,http://viaf.org/viaf/54441441,"Los hombres que no amaban a las mujeres / Stieg Larsson ; traducción de Martin Lexell, Juan José Ortega Román",Sueco,Sueco,9788423340446,Montevideo,Planeta,2010,"Lexell, Martin|Ortega Román, Juan José",Se recuperó lengua fuente (sueco)./ Se añadió dato traductor. Fuente: BN campo Título. 
"Larsson, Stieg",No hay datos,http://viaf.org/viaf/54441441,"La reina en el palacio de las corrientes de aire / Stieg Larsson ; traducción de Martin Lexell, Juan José Ortega Román",Sueco,Sueco,9789974685048,Montevideo,Planeta,2009,"Lexell, Martin|Ortega Román, Juan José",Se recuperó lengua fuente (sueco)./ Se añadió dato traductor. Fuente: BN campo Título. 
"Assis, Joaquim Maria Machado de",No hay datos,http://viaf.org/viaf/95151633,Memorias póstumas de Blas Cubas : versión de Julio Piquet / Machado de Assis ; estudio preliminar de Pablo Rocca,por,Portugués,9789974106161,Montevideo,Ediciones de Banda Oriental|Universidad de la República. Facultad de Humanidades y Ciencias de la Educación,2009,"Piquet, Julio ",Se añadió dato traductor. Fuente: BN campo Título (aparece como Versión de). 
"Melville, Herman",No hay datos,http://viaf.org/viaf/27068555,Bartleby y otros relatos,eng,Inglés,9789974105980,Montevideo,Ediciones de Banda Oriental,2009,No hay datos,No hay datos
"Voltaire, Francois Marie Arouet","Arouet, François-Marie",http://viaf.org/viaf/36925746,Cándido / introducción y notas María del Huerto Domínguez,fre,Francés,9789974819245,Montevideo,Ediciones Cruz del Sur,2009,No hay datos,No hay datos
"Woolf, Virginia",No hay datos,http://viaf.org/viaf/39385478,Flush : una biografía / prólogo de Rosario Peyrou,eng,Inglés,9789974106178,Montevideo,Ediciones de Banda Oriental,2009,No hay datos,No hay datos
Cicerón,No hay datos,http://viaf.org/viaf/78769600,Selección de obras / Cicerón ; prólogo de H. Bornecque,lat,Latín,No hay datos,Montevideo,Claudio García,2009,No hay datos,Es manual de estudio y antología. 
"Cather, Willa Sibert",No hay datos,http://viaf.org/viaf/2480701,La muerte llama al Arzobispo : novela / prólogo de Heber Raviolo,eng,Inglés,9789974106260,Montevideo,Ediciones de Banda Oriental,2009,No hay datos,No hay datos
"Chekhov, Anton Pavlovich","Chejov, Anton Pavlovich",http://viaf.org/viaf/95216565,El jardín de los cerezos / prólogo y notas Adriana Miranda Sierra,rus,Ruso,9789974762602,Montevideo,Ediciones del Pizarrón,2009,No hay datos,No hay datos
"Peixoto, José Luis",No hay datos,http://viaf.org/viaf/87307201,Historias de nuestra casa / José Luís Peixoto ; traducción Magali de Lourdes Pedro,por,Portugués,9789974687110,Montevideo,Hum,2009,"De Lourdes Pedro, Magali",Se añadió dato traductor. Fuente: BN campo Título y catálogo de la Biblioteca del Poder Legislativo.
"Irving, Washington",No hay datos,http://viaf.org/viaf/295999941,Rip Van Winkle y otras leyendas de la antigua Nueva York / Washington Irving,eng,Inglés,9789974106024,Montevideo,Ediciones de Banda Oriental,2009,No hay datos,No hay datos
"Saul, John",No hay datos,http://viaf.org/viaf/100257906,Cacería en Manhattan / John Saul / traducción de Alcira Calascibetta.,eng,Inglés,9789500430180,Buenos Aires,Emecé,2009,"Calascibetta, Alcira",Edición binacional./ Se añadió dato traductor. Fuente: BN campo Título. 
"Coelho, Paulo",No hay datos,http://viaf.org/viaf/52700,Once minutos / Paulo Coelho ; traducción de Ana Belén Costas,por,Portugués,9789974643918,Montevideo,Planeta,2009,"Costas, Ana Belén",Se añadió dato traductor. Fuente: BN campo Título y catálogo de la Biblioteca del Poder Legislativo.
"Coelho, Paulo",No hay datos,http://viaf.org/viaf/52700,La bruja de Portobello / Paulo Coelho ; traducción de Ana Belén Costa,por,Portugués,9789974643901,Montevideo,Planeta,2009,"Costas, Ana Belén",Se añadió dato traductor. Fuente: BN campo Título y catálogo de la Biblioteca del Poder Legislativo.
"Lopes Neto, Simões",No hay datos,http://viaf.org/viaf/64031614,Leyendas del sur / Joao Simoes Lopes Neto; presentación Walter Rela ; traducción Román García Arrospide,por,Portugués,9789974553743,Montevideo,El Galeón|Instituto Joao Simoes Lopes Neto,2009,"García Arrospide, Román",Se añadió dato traductor. Fuente: BN campo Título y catálogo de la Biblioteca del Poder Legislativo.
"Poe, Edgar Allan",No hay datos,http://viaf.org/viaf/60351476,Poemas y cuentos fantásticos / Edgar Allan Poe,eng,Inglés,9789974819214,Montevideo,Ediciones Cruz del Sur,2009,No hay datos,Es antología. 
"Saramago, José",No hay datos,http://viaf.org/viaf/114473675,El cuaderno: textos escritos para el blog. setiembre de 2008 - marzo de 2009 / José Saramago ; traducción de Pilar del Río,por,Portugués,9789870412915,Buenos Aires,Alfaguara,2009,"Del Río, Pilar",Se añadió dato traductor. Fuente: BN campo Título. 
"Doyle, sir Arthur Conan",No hay datos,http://viaf.org/viaf/65283845,Las aventuras de Sherlock Holmes / Arthur Conan Doyle,eng,Inglés,9789974806962,Colonia Suiza,Textual,2009,No hay datos,No hay datos
"Maupassant, Guy de",No hay datos,http://viaf.org/viaf/29537765,Miss Harriet y otros relatos / Guy de Maupassant; prólogo Heber Raviolo,fre,Francés,9789974105782,Montevideo,Ediciones de Banda Oriental,2009,No hay datos,Es antología. 
"Hurley, Tonya",No hay datos,http://viaf.org/viaf/17457452,Ghostgirl: ¿descansa en paz? / Tonya Hurley; traducción de Alicia Frieyro,eng,Inglés,9789974953888,Montevideo,Alfaguara,2009,"Frieyro, Alicia",Se añadió dato traductor. Fuente: BN campo Título.
"King, Stephen",No hay datos,http://viaf.org/viaf/97113511,La historia de Lisey / Stephen King ; traducción de Bettina Blanch Tyroller,eng,Inglés,9789785665095,Montevideo,Debolsillo,2009,"Blanch Tyroller, Bettina",Se añadió dato traductor. Fuente: BN campo Título.
"Maupassant, Guy de",No hay datos,http://viaf.org/viaf/29537765,La herencia : y otros relatos / Guy de Maupassant,fre,Francés,9789974105867,Montevideo,Ediciones de Banda Oriental,2009,No hay datos,No hay datos
"Young, William Paul",No hay datos,http://viaf.org/viaf/78234437,La cabaña,eng,Inglés,9789974643888,Montevideo,Emecé,2009,"Mercado González, Enrique C.",Se añadió dato traductor. Fuente: catálogo de la Biblioteca del Poder Legislativo.
"Bradamante, Paola",No hay datos,http://viaf.org/viaf/265411579,Casi una telenovela y otros cuentos = Quase uma novela e outros contos,por,Portugués,9789974818101,Montevideo,aBrace,2009,"Ribeiro, Tirzah",Es antología bilingüe./ Se recitificó lengua de italiano a portugués./ Se añadió dato traductor. Fuente: catálogo de la Biblioteca del Poder Legislativo.
"Coelho, Paulo",No hay datos,http://viaf.org/viaf/52700,El demonio y la señorita Prym,por,Portugués,9789974643925,Montevideo,Booket,2009,"Ventos, Dolors",Se añadió dato traductor. Fuente: catálogo de la Biblioteca del Poder Legislativo.
"Smith, Wilbur",No hay datos,http://viaf.org/viaf/14776833,El destino del cazador,eng,Inglés,9789974643956,Montevideo,Emecé,2009,"Sierra, Julio",Se añadió dato traductor. Fuente: catálogo de la Biblioteca del Poder Legislativo.
"Kafka, Franz",No hay datos,http://viaf.org/viaf/56611857,La metamorfosis ; La condena ; Un artista del hambre,ger,Alemán,9789974105942,Montevideo,Ediciones de Banda Oriental,2009,No hay datos,Se recuperó lengua fuente (alemán).
No hay datos,No hay datos,No hay datos,Antología de poesía portuguesa contemporánea,por,Portugués,9789974687127,Montevideo,Estuario,2009,"De la Fuente, Isabel",Es antología./ Se añadió dato traductor. Fuente: catálogo de la Biblioteca del Poder Legislativo.
"Saramago, José",No hay datos,http://viaf.org/viaf/114473675,Caín,por,Portugués,9789974953376,Montevideo,Alfaguara,2009,"Del Río, Pilar",Se añadió dato traductor. Fuente: catálogo de la Biblioteca del Poder Legislativo./ Fuente del dato Ciudad no oficial
"Dahl, Roald",No hay datos,http://viaf.org/viaf/108159131,El superzorro,eng,Inglés,9789870413448,Montevideo,Alfaguara,2009,"Sordi, Fabián",Se añadió dato traductor. Fuente: catálogo de la Biblioteca del Poder Legislativo.
"Auster, Paul",No hay datos,http://viaf.org/viaf/110344312,Invisible,eng,Inglés,9788433975225,No hay datos,Anagrama,2009,"Gómez Ibáñez, Benito",Se añadió dato traductor. Fuente: catálogo de la Biblioteca del Poder Legislativo.
No hay datos,No hay datos,No hay datos,Poesía francesa del siglo XIX,fre,Francés,No hay datos,No hay datos,No hay datos,2009,No hay datos,Es antología. 
"Shakespeare, William",No hay datos,http://viaf.org/viaf/96994048,Sueño de una noche de verano,eng,Inglés,9789974694194,Montevideo,Banco Santander,2009,No hay datos,No hay datos
"Doyle, Arthur Conan",No hay datos,http://viaf.org/viaf/65283845,El archivo de Sherlock Holmes,eng,Inglés,9789974811119,Colonia Suiza,Textual,2009,No hay datos,No hay datos
"Doyle, Arthur Conan",No hay datos,http://viaf.org/viaf/65283845,Estudio en escarlata,eng,Inglés,9789974817999,Colonia Suiza,Textual,2009,No hay datos,No hay datos
"Doyle, Arthur Conan",No hay datos,http://viaf.org/viaf/65283845,Las memorias de Sherlock Holmes,eng,Inglés,No hay datos,Colonia Suiza,Textual,2009,No hay datos,No hay datos
"Doyle, Arthur Conan",No hay datos,http://viaf.org/viaf/65283845,La reaparición de Sherlock Holmes,eng,Inglés,No hay datos,Colonia Suiza,Textual,2009,No hay datos,No hay datos
"Doyle, Arthur Conan",No hay datos,http://viaf.org/viaf/65283845,El valle del terror,eng,Inglés,9789974818019,Colonia Suiza,Textual,2009,No hay datos,No hay datos
"Doyle, Arthur Conan",No hay datos,http://viaf.org/viaf/65283845,El sabueso de los Baskerville,eng,Inglés,No hay datos,Colonia Suiza,Textual,2009,No hay datos,No hay datos
"Doyle, Arthur Conan",No hay datos,http://viaf.org/viaf/65283845,El signo de los cuatro,eng,Inglés,No hay datos,Colonia Suiza,Textual,2009,No hay datos,No hay datos
"Doyle, Arthur Conan",No hay datos,http://viaf.org/viaf/65283845,Su última reverencia : recuerdos de Sherlock Holmes,eng,Inglés,No hay datos,Colonia Suiza,Textual,2009,No hay datos,No hay datos
No hay datos,No hay datos,No hay datos,"Romania en construcción II : textos medievales traducidos y anotados / Cristina Píppolo, Leticia Pugliese editores",lat,Latín,9789974968714,Montevideo,"Universidad de la República, Facultad de Humanidades y Ciencias de la Educación|Unión Latina de Uruguay",2009,No hay datos,No hay datos
"Saint-Exupéry, Antoine de",No hay datos,http://viaf.org/viaf/93810507,El Principito / Antoine de Saint-Exupéry,fre,Francés,9562014320,Montevideo,JC Sáez Editor,2010,No hay datos,No hay datos
No hay datos,No hay datos,No hay datos,Teatro francés contemporáneo VIII,fre,Francés,9789974325272,Montevideo,Trilce,2010,"Masello, Laura","Se añadió dato traductor. Fuente: BN campo Valor.
"
"Laforgue, Jules",No hay datos,http://viaf.org/viaf/34458905,Los lamentos = Les complaintes / Jules Laforgue ; edición de Andrés Echevarría,fre,Francés,9789974687264,Montevideo,Hum,2010,No hay datos,No hay datos
"Meyer, Stephenie",No hay datos,http://viaf.org/viaf/102313919,Eclipse / Stephenie Meyer,eng,Inglés,9789974952676,Montevideo,Alfaguara,2010,No hay datos,No hay datos
"Barbery, Muriel",No hay datos,http://viaf.org/viaf/64172549,La elegancia del erizo / Muriel Barbery ; traducción de Isabel González Gallarza,fre,Francés,9789974685253,Montevideo,Planeta,2010,"González-Gallarza, Isabel",Se añadió dato traductor. Fuente: BN campo Título. 
"Oates, Joyce Carol",No hay datos,http://viaf.org/viaf/108187427,Mamá / Joyce Carol Oates ; traducción Carme Camps,eng,Inglés,9789870416111,Montevideo,Alfaguara,2010,"Camps, Carme",Se añadió dato traductor. Fuente: BN campo Título. 
"Barton, Bruce",No hay datos,http://viaf.org/viaf/70062948,Un hombre desconocido / Bruce Barton; traducción Isabel Pérez de Calvete,eng,Inglés,No hay datos,San Carlos,Movimiento Cultural Carolino,2010,"Pérez, Isabel",Se rectificó autoría./ Se añadió dato traductor. Fuente: BN campo Título y campo Valor”. 
"Littleton, Sue",No hay datos,http://viaf.org/viaf/56216757,La última piedra = The last stone / Sue Littleton,eng,Inglés,9789974681491,Montevideo,Botella al Mar,2010,No hay datos,Obra bilingüe.
"Shakespeare, William",No hay datos,http://viaf.org/viaf/96994048,Sueño de una noche de verano / prólogo y glosario Leonardo Garet,eng,Inglés,9789974694194,Montevideo,Santander,2010,No hay datos,No hay datos
"Doyle, Arthur Conan",No hay datos,http://viaf.org/viaf/65283845,El vampiro de Sussex y otros cuentos de Sherlock Holmes,eng,Inglés,9789974106444,Montevideo,Ediciones de Banda Oriental,2010,No hay datos,Es antología. 
"Dostoievski, Fedor Mijailovich","Dostoyevsky, Fyodor",http://viaf.org/viaf/104023256,Cuentos,rus,Ruso,97899875665866,Montevideo,Siruela,2010,"Martinova, Bela",Se recuperó lengua fuente (ruso)./ Se añadió dato traductor. Fuente: catálogo de la Biblioteca del Poder Legislativo. 
"Kafka, Franz",No hay datos,http://viaf.org/viaf/56611857,La metamorfosis ; la muralla china y otros relatos,ger,Alemán,9789974824300,Montevideo,Ediciones Cruz del Sur,2010,No hay datos,Es antología./ Se recuperó lengua fuente (alemán).
"Grisham, John",No hay datos,http://viaf.org/viaf/7449742,Causa justa,eng,Inglés,9789785664937,Montevideo,Debolsillo,2010,"Menini, María Antonia",Se añadió dato traductor. Fuente: catálogo de la Biblioteca del Poder Legislativo.
"Voltaire, Francois Marie Arouet de","Arouet, François-Marie",http://viaf.org/viaf/36925746,Cándido,fre,Francés,9789974106529,Montevideo,Ediciones de Banda Oriental,2010,"Percovich, Alfredo",Se añadió dato traductor. Fuente: catálogo de la Biblioteca del Poder Legislativo.
"Connelly, Michael",No hay datos,http://viaf.org/viaf/19745715,El observatorio,eng,Inglés,9788496940796,Montevideo,Roca Bolsillo,2010,"Guerrero, Javier",Se añadió dato traductor. Fuente: catálogo de la Biblioteca del Poder Legislativo.
"Hesse, Hermann",No hay datos,http://viaf.org/viaf/41841418,Siddharta,ger,Alemán,9789974824379,Montevideo,Ediciones Cruz del Sur,2010,No hay datos,No hay datos
"Laurie, Hugh",No hay datos,http://viaf.org/viaf/79174873,El vendedor de armas,eng,Inglés,9789974685321,Montevideo,Planeta,2010,"Cosarelli, Alberto",Se añadió dato traductor. Fuente: catálogo de la Biblioteca del Poder Legislativo.
"Cather, Willa",No hay datos,http://viaf.org/viaf/2480701,Una dama perdida : novela,eng,Inglés,9789974106567,Montevideo,Ediciones de Banda Oriental,2010,No hay datos,No hay datos
"Hurley, Tonya",No hay datos,http://viaf.org/viaf/17457452,Ghostgirl,eng,Inglés,9789974953888,Montevideo,Alfaguara,2010,"Frieyro, Alicia",Se añadió dato traductor. Fuente: catálogo de la Biblioteca del Poder Legislativo.
"Saramago, José",No hay datos,http://viaf.org/viaf/114473675,Ensayo sobre la ceguera,por,Portugués,9789974953895,Montevideo,Punto de lectura,2010,"Losada, Basilio",Se añadió dato traductor. Fuente: catálogo de la Biblioteca del Poder Legislativo./ Fuente del dato Ciudad no oficial
"Faust, Christa",No hay datos,http://viaf.org/viaf/3960149068576465730002,A la cara,eng,Inglés,9789974825697,Montevideo,Punto Cero,2010,No hay datos,Fuente del dato Ciudad no oficial.
"Yourcenar, Marguerite",No hay datos,http://viaf.org/viaf/105154898,Cuentos completos,fre,Francés,9789780416364,Montevideo,Alfaguara,2010,"Calatayud, Emma|Prieto-Barral, María Fortunata",Se añadió dato traductor. Fuente: catálogo de la Biblioteca del Poder Legislativo./ Fuente del dato Ciudad no oficial.
"Walls, Jeannette",No hay datos,http://viaf.org/viaf/33089798,El castillo de cristal,eng,Inglés,9789974954151,Montevideo,Punto de lectura,2010,"Usabiaga, Pablo",Se añadió dato traductor. Fuente: catálogo de la Biblioteca del Poder Legislativo.
"Katzenbach, John",No hay datos,http://viaf.org/viaf/86864908,Un asunto pendiente,eng,Inglés,9789974954250,Montevideo,Punto de lectura,2010,"Vidal, Laura",Se añadió dato traductor. Fuente: catálogo de la Biblioteca del Poder Legislativo.
"Saramago, José",No hay datos,http://viaf.org/viaf/114473675,El Evangelio según Jesucristo,por,Portugués,9789974954168,Montevideo,Punto de lectura,2010,"Losada, Basilio",Se añadió dato traductor. Fuente: catálogo de la Biblioteca del Poder Legislativo./ Fuente del dato Ciudad no oficial
"Gilbert, Elizabeth",No hay datos,http://viaf.org/viaf/7713013,Come reza ama: una mujer a la búsqueda del deseado equilibrio entre el cuerpo y espíritu,eng,Inglés,9789974954083,Montevideo,Punto de lectura,2010,"Bustelo, Gabriela",Se añadió dato traductor. Fuente: catálogo de la Biblioteca del Poder Legislativo.
"Rajchman, Chil",No hay datos,http://viaf.org/viaf/85948781,Shh!,yid,Yiddish,No hay datos,Montevideo,No hay datos,2010,No hay datos,Se recuperó lengua fuente (yiddish)./ Fuente del dato Ciudad no oficial.
"Henrique, Marlene",No hay datos,http://viaf.org/viaf/6153288219432650936,"Nenhum Caminho, Nenhum Lugar = Ningún Camino, Ningún Lugar",por,Portugués,9789974825437,Montevideo,aBrace,2010,No hay datos,Obra bilingüe. 
No hay datos,No hay datos,No hay datos,Cuentos / contos en / em 2 minutos,por|ita,Portugués|Italiano,9789974822474,Montevideo,aBrace,2010,No hay datos,Es antología e incluye textos originalmente escritos en español./ Se rectificó lengua fuente de alemán a portugués e italiano.
"Meyer, Stephenie",No hay datos,http://viaf.org/viaf/102313919,La segunda vida de Bree Tanner / Stephenie Meyer ; traducción de Julio Hermoso,eng,Inglés,9789974953802,Montevideo,Alfaguara,2010,"Hermoso, Julio",Se añadió dato traductor. Fuente: BN campo Título y catálogo de la Biblioteca del Poder Legislativo.
"Larsson, Asa",No hay datos,http://viaf.org/viaf/120633143,Aurora boreal / Asa Larsson ; traducción del sueco por Pontus Sánchez Giménez y Mayte Giménez,Sueco,Sueco,9789974685239,Montevideo,Planeta,2010,"Sánchez Giménez, Pontus|Giménez, Mayte",Se recuperó lengua fuente (sueco)./ Se añadió dato traductor. Fuente: BN campo Título.
"Azevedo, Aluísio",No hay datos,http://viaf.org/viaf/64001128,"El maderero y otros cuentos / Aluísio Azevedo ; antología, prólogo, traducción y notas Pablo Rocca ; revisión Heber Raviolo",por,Portugués,97899741066628,Montevideo,Ediciones de Banda Oriental,2010,"Rocca, Pablo",Es antología./ Se añadió dato traductor. Fuente: BN campo Título.
"Austen, Jane",No hay datos,http://viaf.org/viaf/102333412,Lady Susan : novela / Jane Austen ; traducción y prólogo de Eduardo Berti,eng,Inglés,9789974106376,Montevideo,Ediciones de Banda Oriental,2010,"Berti, Eduardo",Se añadió dato traductor. Fuente: BN campo Título.
"Tomasi di Lampedusa, Giuseppe",No hay datos,http://viaf.org/viaf/88710059,El gatopardo : novela / Giuseppe Tomasi di Lampedusa ; prólogo de Rafael Varela,ita,Italiano,9789974106666,Montevideo,Ediciones de Banda Oriental,2010,No hay datos,No hay datos
"Stevenson, Robert Louis",No hay datos,http://viaf.org/viaf/95207986,El extraño caso del Dr. Jekyll y Mr. Hyde : novela / R. L. Stevenson ; prólogo de Valentín Trujillo,eng,Inglés,9789974106338,Montevideo,Ediciones de Banda Oriental,2010,No hay datos,No hay datos
"Crane, Stephen",No hay datos,http://viaf.org/viaf/100175928,La chalupa y otros cuentos / Stephen Crane ; prólogo de Heber Raviolo,eng,Inglés,9789974106345,Montevideo,Ediciones de Banda Oriental,2010,No hay datos,No hay datos
"Ramos, Graciliano|Lopes Neto, Simões",No hay datos,http://viaf.org/viaf/66485924,"Historia de Alejandro / Graciliano Ramos. Casos de Romualdo /João Simões Lopes Neto ; traducciones de Román García Arrospide, José M. Obaldía, Heber Raviolo ; prólogo y notas Heber Raviolo",por,Portugués,9789974106671,Montevideo,Ediciones de Banda Oriental,2010,"Obaldía, José María",Se añadió dato traductor. Fuente: BN campo Título y catálogo de la Biblioteca del Poder Legislativo.
"Campos, Haroldo de",No hay datos,http://viaf.org/viaf/36915715,Galaxias = Galáxias / Haroldo de Campos ; traducción y notas de Reynaldo Jiménez ; prólogo de Roberto Echavarren,por,Portugués,9789974980716,Montevideo,La Flauta Mágica,2010,"Jiménez, Reynaldo",Obra bilingüe. Se añadió dato traductor. Fuente: BN campo Título.
"Levy, Marc",No hay datos,http://viaf.org/viaf/85453948,Las cosas que no nos dijimos / Marc Levy ; traducción de Isabel González-Gallarza,fre,Francés,9789974685192,Montevideo,Planeta,2010,"González-Gallarza, Isabel",Se añadió dato traductor. Fuente: BN campo Título.
"Katzenbach, John",No hay datos,http://viaf.org/viaf/86864908,El profesor / John Katzenbach,eng,Inglés,9789974954069,Montevideo,Suma,2010,No hay datos,No hay datos
"Saramago, José",No hay datos,http://viaf.org/viaf/114473675,La caverna / José Saramago ; traducción de Pilar del Río,por,Portugués,9789974954212,Montevideo,Punto de lectura,2010,"Del Río, Pilar",Se añadió dato traductor. Fuente: BN campo Título y catálogo de la Biblioteca del Poder Legislativo.
"Conrad, Joseph",No hay datos,http://viaf.org/viaf/73862853,Tifón : relato / Joseph Conrad; prólogo de Milton Fornaro,eng,Inglés,9789974106789,Montevideo,Ediciones de Banda Oriental,2010,No hay datos,No hay datos
"Henry, O.","Porter, William Sydney",http://viaf.org/viaf/46770914,Un cosmopolita en el café : cuentos / O. Henry; prólogo de Milton Fornaro,eng,Inglés,9789974106642,Montevideo,Ediciones de Banda Oriental,2010,No hay datos,No hay datos
"Gabrielsson, Eva",No hay datos,http://viaf.org/viaf/167946771,"Millennium, Stieg y yo / Eva Gabrielsson, Marie-Françoise Colombani ; traducción de Palmira Feixas",Sueco,Sueco,9788423344376,Montevideo,Planeta,2011,"Feixas, Palmira",Se añadió dato traductor. Fuente: BN campo Título.
"Saramago, José",No hay datos,http://viaf.org/viaf/114473675,Caín / José Saramago ; traducción de Pilar del Río,por,Portugués,9789974953376,Montevideo,Alfaguara,2011,"Del Río, Pilar",Se añadió dato traductor. Fuente: BN campo Título.
"De Robertis, Carolina",No hay datos,http://viaf.org/viaf/90795342,La montaña invisible / Carolina De Robertis ; traducción de Gerardo Di Masso,eng,Inglés,9789974685727,Montevideo,Planeta,2011,"Di Masso, Gerardo",Se añadió dato traductor. Fuente: BN campo Título.
No hay datos,No hay datos,No hay datos,Juegos florales = jogos florais : edición conmemorativa : poesía bilingüe,por,Portugués,9789974673144,Montevideo,aBrace,2011,No hay datos,Obra bilingüe./ Se recuperó lengua fuente (portugués). 
"Camus, Albert",No hay datos,http://viaf.org/viaf/97000332,El extranjero : novela,fre,Francés,9789974106703,Montevideo,Ediciones de Banda Oriental,2011,No hay datos,No hay datos
"Stevenson, Robert Louis",No hay datos,http://viaf.org/viaf/95207986,La isla del tesoro : novela,eng,Inglés,9789974106819,Montevideo,Ediciones de Banda Oriental,2011,No hay datos,No hay datos
"Martínez, Mario E.",No hay datos,http://viaf.org/viaf/103583959,El hombre de otoño : una novela psicológica,eng,Inglés,9789974824782,Montevideo,Artemisa,2011,No hay datos,No hay datos
"Larsson, Asa",No hay datos,http://viaf.org/viaf/120633143,La senda oscura,Sueco,Sueco,9789974685598,Montevideo,Seix Barral,2011,"Giménez Sánchez, Pontus|Giménez, Mayte",Se rectificó lengua fuente de alemán a sueco./ Se añadió dato traductor. Fuente: catálogo de la Biblioteca del Poder Legislativo.
"Everett, Mark Oliver",No hay datos,http://viaf.org/viaf/80343765,Cosas que los nietos deberían saber,eng,Inglés,9789974830004,Montevideo,Punto Cero,2011,No hay datos,No hay datos
"Timal, Jérôme",No hay datos,http://viaf.org/viaf/313294074,Dos veces para siempre,fre,Francés,9789974987745,Montevideo,Estuario,2011,"Campodónico, Clara","Se añadió dato traductor. Fuente: catálogo de la Biblioteca del Poder Legislativo.
"
Colette,No hay datos,http://viaf.org/viaf/68937443,La gata : novela,fre,Francés,9789974104238,Montevideo,Ediciones de Banda Oriental,2011,"Mirza, Roger","Se añadió dato traductor. Fuente: catálogo de la Biblioteca del Poder Legislativo.
"
"Hugo, Víctor",No hay datos,http://viaf.org/viaf/9847974,Selección de poemas : (versión bilingüe),fre,Francés,No hay datos,Montevideo,No hay datos,2011,"Jaureguy, Susana","Se añadió dato traductor. Fuente: catálogo de la Biblioteca del Poder Legislativo.
"
"Navarro, Andrés",No hay datos,No hay datos,Photomaton : nueva lírica portuguesa,por,Portugués,9789974687967,Montevideo,Hum,2011,"Navarro, Andrés","Es antología. Autores: Pires Cabral, Rui|Quintais, Luís|Melícias, Jorge|Faría, Daniel|Moura, Nuno|Mãe, Valter Hugo|De Freitas, Manuel./ Se añadió dato traductor. Fuente: consulta del sitio web de la editorial. "
"Chekhov, Anton Pavlovich","Chejov, Anton Pavlovich",http://viaf.org/viaf/95216565,La sala número 6 : cuentos / Anton Chejov,rus,Ruso,9789974106833,Montevideo,Ediciones de Banda Oriental,2011,"Tasin, N.|Gandolfo, Elvio E.","Se añadió dato traductor. Fuente: BN campo Valor y catálogo de la Biblioteca del Poder Legislativo.
"
"Ramos, Graciliano",No hay datos,http://viaf.org/viaf/66485924,Historias de Alejandro / Graciliano Ramos ; traducción de José M. Obaldía y Héber Raviolo : prólogo de Héber Raviolo,por,Portugués,9789974107328,Montevideo,Ediciones de Banda Oriental,2011,"Obaldía, José M.|Raviolo, Héber",Se añadió dato traductor. Fuente: BN campo Título y catálogo de la Biblioteca del Poder Legislativo.
No hay datos,No hay datos,No hay datos,"La edad de plata : poetas rusos / prólogo, traducción y ensayos Roberto Echavarren",rus,Ruso,9789974985544,Montevideo,La Flauta Mágica,2011,"Echavarren, Roberto",Es antología./ Se añadió dato traductor. Fuente: BN campo Título y campo Valor y catálogo de la Biblioteca del Poder Legislativo.
"Frank, Anne",No hay datos,http://viaf.org/viaf/27064673,El diario de Ana Frank,dut,Neerlandés,9789974694224,Montevideo,Ediciones Cruz del Sur,2011,No hay datos,Se rectificó lengua fuente de alemán a neerlandés.
"Kalmar, Fritz",No hay datos,http://viaf.org/viaf/56899475,Vivir entre dos mundos : cuentos de añoranzas de judíos y otros exiliados en Bolivia y Uruguay / Fritz Kalmar ; traducción del alemán austríaco Raquel García Borsani,ger,Alemán,9789974325661,Montevideo|La Paz,Trilce|Plural,2011,"García Borsani, Raquel|Guerrero, Javier",Se añadió dato traductor. Fuente: BN campo Título y catálogo de la Biblioteca del Poder Legislativo.
"Pirandello, Luigi",No hay datos,http://viaf.org/viaf/64010465,Seis personajes en busca de un autor / Luigi Pirandello ; presentación y notas Enrique Martínez,ita,Italiano,9789974694453,Montevideo,Ediciones Cruz del Sur,2011,No hay datos,No hay datos
"Saint-Exupéry, Antoine de",No hay datos,http://viaf.org/viaf/93810507,Vuelo nocturno : novela / Antoine de Saint-Exupéry,ita,Italiano,9789974106888,Montevideo,Ediciones de Banda Oriental,2011,No hay datos,No hay datos
"Balzac, Honoré de",No hay datos,http://viaf.org/viaf/29529595,Sarrasine : novela / Honoré de Balzac,fre,Francés,9789974106970,Montevideo,Ediciones de Banda Oriental,2011,No hay datos,No hay datos
"Wharton, Edith",No hay datos,http://viaf.org/viaf/17230986,El triunfo de la noche : y otros cuentos de fantasmas / Edith Wharton,eng,Inglés,9789974107151,Montevideo,Ediciones de Banda Oriental,2011,No hay datos,Es antología. 
"Stevens, Wallace",No hay datos,http://viaf.org/viaf/61562486,"Los poemas de nuestro clima = The poems of our climate / Wallace Stevens ; prólogo, selección y traducción de Roberto Echavarren",eng,Inglés,9789974983045,Montevideo,La Flauta Mágica,2011,"Echavarren, Roberto",Es antología./ Se añadió dato traductor. Fuente: BN campo Título y catálogo de la Biblioteca del Poder Legislativo.
"Bradamante, Paola",No hay datos,http://viaf.org/viaf/265411579,Mentira y fantasía,ita,Italiano,9789974829787,Montevideo,Rumbo,2011,No hay datos,No hay datos
"Supervielle, Jules",No hay datos,http://viaf.org/viaf/41846928,La niña de alta mar / Jules Supervielle ; prólogo de Daniel Supervielle ; traducción de Laura Chalar,fre,Francés,9789974828766,Montevideo,Irrupciones Grupo Editor,2011,"Chalar, Laura",Se añadió dato traductor. Fuente: BN campo Título. 
"Tahan, Malba","Souza, Júlio César de Mello e",http://viaf.org/viaf/117448127,El hombre que calculaba / Malba Tahan,por,Portugués,9789974831933,Montevideo,Flor Negra,2012,No hay datos,No hay datos
"Ataídes, Sergio",No hay datos,No hay datos,Sensaciones = sensaçoes / Sergio Ataídes,por,Portugués,No hay datos,Rivera,Edición de autor,2012,No hay datos,No hay datos
"Reis, Nina",No hay datos,http://viaf.org/viaf/310571525,Virulino,por,Portugués,9789974673243,Montevideo,aBrace,2012,No hay datos,Fuente del dato Ciudad no oficial.
"Hemingway, Ernest",No hay datos,http://viaf.org/viaf/97006051,El viejo y el mar : y otros relatos,eng,Inglés,9789974107335,Montevideo,Ediciones de Banda Oriental,2012,No hay datos,Es antología. Fuente del dato Ciudad no oficial.
"Morton, Kate",No hay datos,http://viaf.org/viaf/32308361,Las horas distantes,eng,Inglés,9789974955776,Montevideo,Suma de Letras,2012,"Borovsky, Luisa","Se añadió dato traductor. Fuente: catálogo de la Biblioteca del Poder Legislativo./ Fuente del dato Ciudad no oficial.
"
"Glattauer, Daniel",No hay datos,http://viaf.org/viaf/56865197,Siempre tuyo,ger,Alemán,9789974956049,Montevideo,Alfaguara,2012,"González, Macarena","Se añadió dato traductor. Fuente: catálogo de la Biblioteca del Poder Legislativo.
"
"Morton, Kate",No hay datos,http://viaf.org/viaf/32308361,La casa de Riverton,eng,Inglés,9789974956292,Montevideo,Prisa,2012,No hay datos,No hay datos
"Tolstoi, León","Tolstoi, Lev Nikolaevich",http://viaf.org/viaf/96987389,La muerte de Iván Ilich,rus,Ruso,9789974694590,Montevideo,Ediciones Cruz del Sur,2012,No hay datos,Se recuperó lengua fuente (ruso).
"Coelho, Paulo",No hay datos,http://viaf.org/viaf/52700,Brida,por,Portugués,9789504929567,Montevideo,Planeta,2012,"Mira, Montserrat","Se añadió dato traductor. Fuente: catálogo de la Biblioteca del Poder Legislativo.
"
No hay datos,No hay datos,No hay datos,Crimen y misterio : antología de relatos de suspenso,eng,Inglés,9562394786,Montevideo,Alfaguara,2012,No hay datos,Es antología.
"Coelho, Paulo",No hay datos,http://viaf.org/viaf/52700,Como el río que fluye,por,Portugués,9789504929642,Montevideo,Planeta,2012,"Manzano, Carlos","Se añadió dato traductor. Fuente: catálogo de la Biblioteca del Poder Legislativo.
"
"Coelho, Paulo",No hay datos,http://viaf.org/viaf/52700,La bruja de Portobello,por,Portugués,9789504929635,Montevideo,Planeta,2012,"Costas, Ana Belén","Se añadió dato traductor. Fuente: catálogo de la Biblioteca del Poder Legislativo.
"
"Assis, Joaquim Maria Machado de",No hay datos,http://viaf.org/viaf/95151633,Varias historias,por,Portugués,9789974694620,Montevideo,Ediciones Cruz del Sur |Ministerio da Cultura. Fundação Biblioteca Nacional,2012,"Cardelino Soto, Pablo","Se añadió dato traductor. Fuente: catálogo de la Biblioteca del Poder Legislativo.
"
"Poe, Edgar Allan",No hay datos,http://viaf.org/viaf/60351476,La caída de la casa Usher : y otros cuentos,eng,Inglés,9789974107991,Montevideo,Ediciones de Banda Oriental,2012,"Appratto, Roberto","Es antología./ Fuente del dato Ciudad no oficial./ Se añadió dato traductor. Fuente: catálogo de la Biblioteca del Poder Legislativo.
"
"Ellis, Ella Thorp",No hay datos,http://viaf.org/viaf/23424021,Nadando con las ballenas = [Swimming with the whales],eng,Inglés,9789974703018,Punta del Este,Botella al Mar,2012,"Baistrocchi, Estela","Edición bilingüe./ Se añadió dato traductor. Fuente: catálogo de la Biblioteca del Poder Legislativo.
"
"Chbosky, Stephen",No hay datos,http://viaf.org/viaf/32302874,Las ventajas de ser invisible,eng,Inglés,9789974956582,Montevideo,Alfaguara,2012,"Pérez-Sauquillo, Vanesa","Se añadió dato traductor. Fuente: catálogo de la Biblioteca del Poder Legislativo.
"
"Hoffmann, August",No hay datos,http://viaf.org/viaf/307422532,Cartas guardadas : correspondencia de August Hoffmann entre 1850 y 1914 / compilación Erna Quincke de Bergengruen ; traducción Gerardo W. Quincke,ger,Alemán,9789974986404,Montevideo,No hay datos,2012,"Quincke, Gerardo W.","Se añadió dato traductor. Fuente: BN campo Título y catálogo de la Biblioteca del Poder Legislativo.
"
"Carrascoza, João Anzanello",No hay datos,http://viaf.org/viaf/5184140,Espinas y alfileres / João Anzanello Carrascoza ; traducción Martín Palacio,por,Portugués,9789974835535,Montevideo,Yaugurú,2012,"Palacio, Martín","Se añadió dato traductor. Fuente: BN campo Título y catálogo de la Biblioteca del Poder Legislativo.
"
"Lacerda, Rodrigo",No hay datos,http://viaf.org/viaf/76372853,Otra vida / Rodrigo Lacerda ; traducción Rosario Lázaro Igoa,por,Portugués,9789974835528,Montevideo|San Pablo,Yaugurú|Grua Libros,2012,"Lázaro Igoa, Rosario","Se añadió dato traductor. Fuente: BN campo Título y catálogo de la Biblioteca del Poder Legislativo.
"
"Luxemburgo, Rosa",No hay datos,http://viaf.org/viaf/51749376,Cartas de amor / de Rosa Luxemburgo,ger,Alemán,No hay datos,Montevideo,Casa Bertolt Brecht,2012,"Dubinski, Rosa|Israel, Guillermo","Se añadió dato traductor. Fuente: BN campo Título y catálogo de la Biblioteca del Poder Legislativo.
"
"Cheuiche, Alcy",No hay datos,http://viaf.org/viaf/55469089,Sepé Tiaraju : novela de los siete pueblos de las Misiones / Alcy Cheuiche ; traducción Hortensia Deambrosis,por,Portugués,9789974100220,Montevideo,Ediciones de Banda Oriental,2012,"Deambrosis, Hortensia","Se añadió dato traductor. Fuente: BN campo Título.
"
"Antunes, Arnaldo",No hay datos,http://viaf.org/viaf/56818658,Las cosas / Arnaldo Antunes ; ilustraciones Rosa Moreau Antunes ; traducción Héctor Bardanca,por,Portugués,9789974834811,Montevideo|Sao Paulo,Yaugurú|Grua,2012,"Bardanca, Héctor","Se añadió dato traductor. Fuente: BN campo Título.
"
"Carrero, Raimundo",No hay datos,http://viaf.org/viaf/76360791,Mi alma es hermana de Dios / Raimundo Carrero ; traducción Rosario Lázaro Igoa,por,Portugués,9789974834804,Montevideo|Sao Paulo,Yaugurú|Grua,2012,"Lázaro Igoa, Rosario","Se añadió dato traductor. Fuente: BN campo Título y catálogo de la Biblioteca del Poder Legislativo.
"
"Lawrence, David Herbert",No hay datos,http://viaf.org/viaf/95150359,La mujer que se fue a caballo : y otros relatos / D. H. Lawrence ; prólogo de Jorge Albistur,eng,Inglés,9789974107670,Montevideo,Ediciones de Banda Oriental,2012,No hay datos,No hay datos
"Poe, Edgar Allan",No hay datos,http://viaf.org/viaf/60351476,El relato de Arthur Gordon Pym : novela / Edgar Allan Poe ; prólogo de Jorge Albistur,eng,Inglés,9789974107779,Montevideo,Ediciones de Banda Oriental,2012,No hay datos,No hay datos
"Hamsun, Knut",No hay datos,http://viaf.org/viaf/59083692,Pan : novela / Knut Hamsun ; prólogo de Damián González Bertolino,nor,Noruego,9789974107564,Montevideo,Ediciones de Banda Oriental,2012,No hay datos,Se rectificó lengua fuente de danés a noruego.
"Saramago, José",No hay datos,http://viaf.org/viaf/114473675,Claraboya / José Saramago ; traducción de Pilar del Río,por,Portugués,9789974955707,Montevideo,Alfaguara,2012,"Del Río, Pilar",Se añadió dato traductor. Fuente: BN campo Título y catálogo de la Biblioteca del Poder Legislativo.
"Glattauer, Daniel",No hay datos,http://viaf.org/viaf/56865197,Contra el viento del norte / Daniel Glattauer ; traducción de Macarena González,ger,Alemán,9789974955660,Montevideo,Alfaguara,2012,"González, Macarena",Se recuperó lengua fuente (alemán)./ Se añadió dato traductor. Fuente: BN campo Título y catálogo de la Biblioteca del Poder Legislativo.
"Reis, Nina",No hay datos,http://viaf.org/viaf/310571525,Desbocadas bocas del silencio / Nina Reis,por,Portugués,9789974673281,Montevideo,aBrace,2012,"Bianchi, Roberto",Se añadió dato traductor. Fuente: catálogo de la Biblioteca del Poder Legislativo.
"Tolstoï, Sacha",No hay datos,http://viaf.org/viaf/165931059,Bric-à-Brac : cambalache. Crónicas / Sacha Tolstoï,fre,Francés,9789974989405,Montevideo,Edición de autor,2012,No hay datos,No hay datos
"Morton, Kate",No hay datos,http://viaf.org/viaf/32308361,El jardín olvidado / Kate Morton,eng,Inglés,9789974955080,Montevideo,Suma de Letras,2013,No hay datos,No hay datos
"Couto, Mía","Couto, António Emílio Leite",http://viaf.org/viaf/51713331,Tierra sonámbula : novela / Mia Couto ; traducción de Eduardo Naval ; prólogo de Mario Delgado Aparaín,por,Portugués,9789974108417,Montevideo,Ediciones de Banda Oriental,2013,"Naval, Eduardo",Se añadió dato traductor. Fuente: BN campo Título. 
"Amy, Teresa",No hay datos,http://viaf.org/viaf/187360956,Un huésped en casa : memorias de una traducción / Teresa Amy ; La más larga de las noches : antología en español / Jan Skácel,cze,Checo,9789974839786,Montevideo,Yaugurú,2013,"Amy, Teresa",Es una antología del autor Jan Skácel./ Se rectificó lengua fuente de ruso a checo./ Se añadió dato traductor. Fuente: BN campo Título.
"Littleton, Sue",No hay datos,http://viaf.org/viaf/56216757,The little snake goddess of Crete = La pequeña diosa de las serpientes de Creta / Sue Littleton,eng,Inglés,9789974703094,Maldonado,Botella al Mar,2013,No hay datos,Obra bilingüe.
No hay datos,No hay datos,No hay datos,Espejos de la palabra = Espelhos da palavra / Alberto Peraza Ceballos... [et al.],por,Portugués,9789974673472,Montevideo|Brasilia,aBrace,2013,No hay datos,Obra bilingüe./ Se recuperó lengua fuente (portugués).
"Miller, Raine",No hay datos,http://viaf.org/viaf/295770576,Desnuda : El affaire Blackstone I,eng,Inglés,9789974956803,Montevideo,Suma de Letras,2013,No hay datos,Fuente del dato Ciudad no oficial.
João Do Rio,"Barreto, João Paulo Coelho",http://viaf.org/viaf/7425818,Las mariposas del lujo y otras crónicas,por,Portugués,9789974108424,Montevideo,Ediciones de Banda Oriental,2013,"Rocca, Pablo","Es antología./ Se añadió dato traductor. Fuente: catálogo de la Biblioteca del Poder Legislativo.
"
"Larsson, Asa",No hay datos,http://viaf.org/viaf/120633143,Sacrificio a Mólek,Sueco,Sueco,9789974700291,Montevideo,Seix Barral,2013,"Sánchez, Pontus","Se recitificó lengua fuente de alemán a sueco./ Se añadió dato traductor. Fuente: catálogo de la Biblioteca del Poder Legislativo.

"
Mia Couto,"Couto, António Emílio Leite",http://viaf.org/viaf/51713331,Tierra sonámbula : novela,por,Portugués,9789974108417,Montevideo,Ediciones de Banda Oriental,2013,"Naval, Eduardo","Se recuperó lengua fuente (portugués)./ Se añadió dato traductor. Fuente: catálogo de la Biblioteca del Poder Legislativo.
"
"Miller, Raine",No hay datos,http://viaf.org/viaf/295770576,Todo o nada : el affaire Blackstone II,eng,Inglés,9789974956986,Montevideo,Suma de Letras,2013,No hay datos,No hay datos
"Bracher, Beatriz",No hay datos,http://viaf.org/viaf/34181725,Antonio,por,Portugués,9789974839281,Montevideo,"Yaugurú, Grua Libros",2013,"Lázaro Igoa, Rosario","Fuente del dato Ciudad no oficial./ Se añadió dato traductor. Fuente: catálogo de la Biblioteca del Poder Legislativo.
"
"Meyer, Stephenie",No hay datos,http://viaf.org/viaf/102313919,The host : (la huésped),eng,Inglés,9789974956940,Montevideo,Suma de Letras,2013,No hay datos,Fuente del dato Ciudad no oficial.
"Pessoa, Fernando",No hay datos,http://viaf.org/viaf/126144814444407525004,Retrato en cinco voces,por,Portugués,978997469451,Montevideo,Ediciones Cruz del Sur,2013,No hay datos,"Fuente del dato Ciudad no oficial. 
"
"Puzo, Mario",No hay datos,http://viaf.org/viaf/131948,Los Corleone,eng,Inglés,9789562477451,Montevideo,Emecé,2013,"Sierra, Julio",Fuente del dato Ciudad no oficial./ Se añadió dato traductor. Fuente: catálogo de la Biblioteca del Poder Legislativo.
"Perry, Anne",No hay datos,http://viaf.org/viaf/85532550,Los crímenes de Cater Street,eng,Inglés,9789974723665,Montevideo,Sudamericana,2013,"Méndez, Gloria","Se añadió dato traductor. Fuente: catálogo de la Biblioteca del Poder Legislativo.
"
"Alighieri, Dante",No hay datos,http://viaf.org/viaf/97105654,La Divina Comedia,ita,Italiano,9789974694163,Montevideo,Ediciones Cruz del Sur,2013,No hay datos,Fuente del dato Ciudad no oficial.
"Saint-Exupéry, Antoine De",No hay datos,http://viaf.org/viaf/93810507,El Principito,fre,Francés,9789974700376,Montevideo,Emecé,2013,"Del Carril, Bonifacio",Se añadió dato traductor. Fuente: catálogo de la Biblioteca del Poder Legislativo.
"Dickinson, Emily",No hay datos,http://viaf.org/viaf/31995584,50 poemas / Emily Dickinson ; traducción Amanda Berenguer ; edición Ignacio Bajter,eng,Inglés,9789974550889,Montevideo,Biblioteca Nacional,2013,"Berenguer Bellán, Amanda","Se añadió dato traductor. Fuente: BN campo Título y campo Valor.
"
"Fulton, Robin",No hay datos,http://viaf.org/viaf/43078838,Poems = Poemas / Robin Fulton ; traducción y prólogo Circe Maia,eng,Inglés,9789974833456,Montevideo,Rebeca Linke,2013,"Maia, Circe",Se recuperó lengua fuente (inglés)./ Se añadió dato traductor. Fuente: BN campo Título y Valor. 
"Lopes Neto, Simões",No hay datos,http://viaf.org/viaf/64031614,Cuentos gauchescos / João Simões Lopes Neto ; traducción de Román García Arrospide ; prólogo de Heber Raviolo,por,Portugués,9789974105546,Montevideo,Ediciones de Banda Oriental,2013,"García Arrospide, Román","Se añadió dato traductor. Fuente: BN campo Título y campo Valor y catálogo de la Biblioteca del Poder Legislativo.

"
"Magalhães, Carlos Eduardo de",No hay datos,http://viaf.org/viaf/39674847,Pitanga / Carlos Eduardo de Magalhães ; traducción Pablo Cardellino Soto,por,Portugués,9789974839267,Montevideo,Yaugurú,2013,"Cardellino Soto, Pablo","Se añadió dato traductor. Fuente: BN campo Título y catálogo de la Biblioteca del Poder Legislativo.

"
"Randall, Margaret",No hay datos,http://viaf.org/viaf/44421332,"Como si la silla vacía / Margaret Randall ; fotografías Annabella Balduvino, Margaret Randall ; traducción Leandro Katz, Diego Fernando Guerra",eng,Inglés,9789974651609,Montevideo,Rumbo,2013,"Katz, Leandro|Guerra, Diego Fernando",Se añadió dato traductor. Fuente: BN campo Título y catálogo de la Biblioteca del Poder Legislativo.
"Faulkner, William",No hay datos,http://viaf.org/viaf/39376770,Mientras agonizo / William Faulkner ; prólogo de Carlos María Domínguez,eng,Inglés,9789974108042,Montevideo,Ediciones de Banda Oriental,2013,"Domínguez, Carlos María",Se añadió dato traductor. Fuente: catálogo de la Biblioteca del Poder Legislativo.
"Morton, Kate",No hay datos,http://viaf.org/viaf/32308361,El cumpleaños secreto / Kate Morton,eng,Inglés,9789974956902,Montevideo,Suma de Letras,2013,No hay datos,No hay datos
"Orwell, George",No hay datos,http://viaf.org/viaf/95155403,1984 : novela / George Orwell ; prólogo de Eduardo Alvariza,eng,Inglés,9789974108622,Montevideo,Ediciones de Banda Oriental,2013,No hay datos,No hay datos
"Maupassant, Guy de",No hay datos,http://viaf.org/viaf/29537765,La herencia y otros relatos / Guy de Maupassant,fre,Francés,9789974105867,Montevideo,Ediciones de Banda Oriental,2013,No hay datos,Es antología.
"Hemingway, Ernest",No hay datos,http://viaf.org/viaf/97006051,El invicto y otros cuentos / Ernest Hemingway; prólogo de Jorge Albistur,eng,Inglés,9789974108530,Montevideo,Ediciones de Banda Oriental,2013,No hay datos,Es antología.
"Twain, Mark","Clemens, Samuel Langhorne",http://viaf.org/viaf/50566653,Las aventuras de Tom Sawyer : novela / Mark Twain,eng,Inglés,9789974108561,Montevideo,Ediciones de Banda Oriental,2013,No hay datos,No hay datos
"Baudelaire, Charles",No hay datos,http://viaf.org/viaf/17218730,Las flores del mal / Charles Baudelaire ; prólogo y notas de Leonardo Garet,fre,Francés,9789974774452,Montevideo,Ediciones Cruz del Sur,2013,No hay datos,No hay datos
"Dicker, Joël",No hay datos,http://viaf.org/viaf/221099622,La verdad sobre el caso Harry Quebert / Joël Dicker ; traducción de Juan Carlos Durán Romero,fre,Francés,9789974957145,Montevideo,Alfaguara,2013,"Durán Romero, Juan Carlos",Se rectificó lengua fuente de alemán a francés./ Se añadió dato traductor. Fuente: BN campo Título y catálogo de la Biblioteca del Poder Legislativo.
"Martin Lugand, Agnés",No hay datos,http://viaf.org/viaf/304927419,La gente feliz lee y toma café / Agnés Martin-Lugand ; traducción de Juan Carlos Durán Romero,fre,Francés,9789974958173,Montevideo,Alfaguara,2014,"Durán Romero, Juan Carlos",No hay datos
"Hudson, William Henry",No hay datos,http://viaf.org/viaf/7391698,La tierra purpúrea / W.H. Hudson; prólogo Ruben Cotelo,eng,Inglés,9789974108837,Montevideo,Ediciones de Banda Oriental,2014,"Vilariño, Idea","Se añadió dato traductor. Fuente: catálogo de la Biblioteca del Poder Legislativo.
"
"Pushkin, Aleksandr Sergeevich",No hay datos,http://viaf.org/viaf/66477450,Encore! / Alejandro Pushkin ; traducción Roberto Larrea,rus,Ruso,No hay datos,Montevideo,No hay datos,2014,"Larrea, Roberto",Se añadió dato traductor. Fuente: BN campo Título. 
"Littleton, Sue",No hay datos,http://viaf.org/viaf/56216757,Los poemas de Estambul = The poems of Istanbul / Sue Littleton,eng,Inglés,9789974703360,Maldonado,Botella al Mar,2014,No hay datos,Obra bilingüe.
"Aubert, Etienne",No hay datos,No hay datos,Los caminos : Les chemins / Etienne Aubert,fre,Francés,9789974703230,Maldonado,Botella al Mar,2014,No hay datos,No hay datos
"Faraco, Sergio",No hay datos,http://viaf.org/viaf/268374008,La dama del Bar Nevada : y otros cuentos,por,Portugués,9789974108776,Montevideo,Ediciones de Banda Oriental,2014,"Rocca, Pablo",Es antología./ Se añadió dato traductor. Fuente: catálogo de la Biblioteca del Poder Legislativo.
"Mead, Richelle",No hay datos,http://viaf.org/viaf/96947977,Vampire Academy,eng,Inglés,9789974958142,Montevideo,Alfaguara,2014,"Sánchez, María Jesús",Fuente del dato Ciudad no oficial./ Se añadió dato traductor. Fuente: catálogo de la Biblioteca del Poder Legislativo.
"Coelho, Paulo",No hay datos,http://viaf.org/viaf/52700,El Alquimista,por,Portugués,9789974700789,Montevideo,Planeta,2014,"Mira, Monserrat",Fuente del dato Ciudad no oficial./ Se añadió dato traductor. Fuente: catálogo de la Biblioteca del Poder Legislativo.
"James, E. L. ","Leonard, Erika",http://viaf.org/viaf/255680406,Cincuenta sombras de Grey,eng,Inglés,9789974713826,Montevideo,Debolsillo,2014,No hay datos,Fuente del dato Ciudad no oficial.
"Green, John",No hay datos,http://viaf.org/viaf/41229323,Ciudades de papel,eng,Inglés,9789974713710,Montevideo,Nube de Tinta,2014,"Sobregués, Noemí",Fuente del dato Ciudad no oficial./ Se añadió dato traductor. Fuente: catálogo de la Biblioteca del Poder Legislativo.
"King, Stephen",No hay datos,http://viaf.org/viaf/97113511,Mr Mercedes,eng,Inglés,9789974723009,Montevideo,Plaza & Janés,2014,"Milla Soler, Carlos",Fuente del dato Ciudad no oficial./ Se añadió dato traductor. Fuente: catálogo de la Biblioteca del Poder Legislativo.
"Takashi, Hiraide",No hay datos,http://viaf.org/viaf/93277743,El gato que venía del cielo,jpn,Japonés,9789974723023,Montevideo,Alfaguara,2014,"Cordobés, Fernando",Fuente del dato Ciudad no oficial./ Se añadió dato traductor. Fuente: catálogo de la Biblioteca del Poder Legislativo.
"Roth, Joseph",No hay datos,http://viaf.org/viaf/56615783,Fuga sin fin : novela,ger,Alemán,9789974105041,Montevideo,Ediciones de Banda Oriental,2014,No hay datos,Fuente del dato Ciudad no oficial.
"Verissimo, Luis Fernando",No hay datos,http://viaf.org/viaf/84493855,El analista de Bagé : cuentos,por,Portugués,9789974108875,Montevideo,Ediciones de Banda Oriental,2014,"Gilio, María Esther",Se añadió dato traductor. Fuente: catálogo de la Biblioteca del Poder Legislativo.
"Cook, Robin",No hay datos,http://viaf.org/viaf/109274608,Nano,eng,Inglés,9789974713987,Montevideo,Penguin Random House,2014,"Gari Puig, Fernando",Fuente del dato Ciudad no oficial./ Se añadió dato traductor. Fuente: catálogo de la Biblioteca del Poder Legislativo.
"Komie, Lowell B.",No hay datos,http://viaf.org/viaf/55519729,Investidura y otros cuentos sobre abogados / Lowell B. Komie ; traducción y prólogo Laura Chalar,eng,Inglés,9789974835436,Montevideo,Irrupciones Grupo Editor,2014,"Chalar, Laura",Se añadió dato traductor. Fuente: BN campo Título y catálogo de la Biblioteca del Poder Legislativo.
"Maupassant, Guy de",No hay datos,http://viaf.org/viaf/29537765,La madre salvaje y otros relatos / Guy de Maupassant; traducción y notas de Alfredo Percovich; prólogo de Heber Raviolo,fre,Francés,9789974108738,Montevideo,Ediciones de Banda Oriental,2014,"Percovich, Alfredo",Es antología./ Se añadió dato traductor. Fuente: BN campo Título y catálogo de la Biblioteca del Poder Legislativo.
"Frank, Anne",No hay datos,http://viaf.org/viaf/27064673,El diario de Ana Frank / Ana Frank ; estudio preliminar Claudio Zeiger,dut,Neerlandés,9789974840560,Montevideo,Flor Negra,2014,No hay datos,Se rectificó lengua fuente de alemán a neerlandés. Fuente: VIAF.
"Giesbert, Franz-Olivier",No hay datos,http://viaf.org/viaf/109422496,La cocinera de Himmler / Franz-Olivier Giesbert ; traducción de Juan Carlos Durán Romero,fre,Francés,9789974957718,Montevideo,Alfaguara,2014,"Durán Romero, Juan Carlos",Se rectificó lengua fuente de inglés a francés./ Se añadió dato traductor. Fuente: BN campo Título y catálogo de la Biblioteca del Poder Legislativo.
"Coelho, Paulo",No hay datos,http://viaf.org/viaf/52700,Adulterio / Paulo Coelho ; traducción de Pilar Obón,por,Portugués,9789974713772,Montevideo,Sudamericana,2014,"Obón, Pilar",Se añadió dato traductor. Fuente: BN campo Título y catálogo de la Biblioteca del Poder Legislativo.
"Green, John",No hay datos,http://viaf.org/viaf/41229323,"Buscando a Alaska / John Green, traducción de Cecilia Aura Cross",eng,Inglés,9789974713932,Montevideo,Castillo de la Lectura,2014,"Aura Cross, Cecilia",Se añadió dato traductor. Fuente: BN campo Título y catálogo de la Biblioteca del Poder Legislativo.
"Morton, Kate",No hay datos,http://viaf.org/viaf/32308361,Las horas distantes / Kate Morton ; traducción de Luisa Borovsky,eng,Inglés,9789974958067,Montevideo,Punto de lectura,2014,"Borovsky, Luisa",Se añadió dato traductor. Fuente: BN campo Título y catálogo de la Biblioteca del Poder Legislativo.
"Morton, Kate",No hay datos,http://viaf.org/viaf/32308361,La casa Riverton / Kate Morton ; traducción de Luisa Borovsky,eng,Inglés,9789974958050,Montevideo,Punto de lectura,2014,"Borovsky, Luisa",Se añadió dato traductor. Fuente: BN campo Título y catálogo de la Biblioteca del Poder Legislativo.
"Camus, Albert",No hay datos,http://viaf.org/viaf/97000332,El extranjero / Albert Camus; prólogo de Elvio E. Gandolfo,fre,Francés,9789974106703,Montevideo,Ediciones de Banda Oriental,2014,No hay datos,No hay datos
"Austen, Jane",No hay datos,http://viaf.org/viaf/102333412,Lady Susan : novela / Jane Austen; traducción y prólogo de Eduardo Berti,eng,Inglés,9789974106376,Montevideo,Ediciones de Banda Oriental,2014,"Berti, Eduardo",Se añadió dato traductor. Fuente: BN campo Título. 
"Rowell, Rainbow",No hay datos,http://viaf.org/viaf/137448631,Eleanor & Park / Rainbow Rowell; traducción Victoria Simó,eng,Inglés,9789974958074,Montevideo,Alfaguara,2014,"Simó, Victoria",Se añadió dato traductor. Fuente: BN campo Título y catálogo de la Biblioteca del Poder Legislativo.
"Green, John",No hay datos,http://viaf.org/viaf/41229323,Bajo la misma estrella / John Green ; traducción de Noemí Sobregués,eng,Inglés,9789871997008,Montevideo,Nube de Tinta,2014,"Sobregués, Noemí",Se añadió dato traductor. Fuente: BN campo Título y catálogo de la Biblioteca del Poder Legislativo.
"Mead, Richelle",No hay datos,http://viaf.org/viaf/96947977,Vampire Academy : sangre azul / Richelle Mead ; traducción de Julio Hermoso,eng,Inglés,9789974958159,Montevideo,Alfaguara,2014,"Hermoso, Julio",Se añadió dato traductor. Fuente: BN campo Título y catálogo de la Biblioteca del Poder Legislativo.
"Green, John",No hay datos,http://viaf.org/viaf/41229323,Bajo la misma estrella / John Green ; traducción de Noemí Sobregués,eng,Inglés,No hay datos,Montevideo,Nube de Tinta,2015,"Sobregués, Noemí",Se añadió dato traductor. Fuente: BN campo Título.
"Horowitz, Eli",No hay datos,http://viaf.org/viaf/19419601,"La historia silenciosa / Eli Horowitz, Matthew Derby, Kevin Moffet ; traducción Ramón Buenaventura",eng,Inglés,9789974700994,Montevideo,Seix Barral,2015,"Buenaventura, Ramón",Se añadió dato traductor. Fuente: BN campo Título.
"Veríssimo, Luis Fernando",No hay datos,http://viaf.org/viaf/84493855,El analista de Bagé : cuentos / Luis Fernando Veríssimo ; traducción de María Esther Gilio,por,Portugués,9789974108875,Montevideo,Ediciones de Banda Oriental,2015,"Gilio, María Esther",Se añadió dato traductor. Fuente: BN campo Título.
Hroswitha,No hay datos,http://viaf.org/viaf/9927322,"Gesta del Emperador Otón / Rosvita de Gandersheim ; traducción Victoria Herrera, Mercedes de la Cruz, Marcos Hernández",lat,Latín,9789974854017,Montevideo,Monobiblos,2015,"Herrera, Victoria|Cruz, Mercedes|Hernández, Marcos",Se añadió dato traductor. Fuente: BN campo Título.
"Huxley, Aldous Leonard",No hay datos,http://viaf.org/viaf/71392434,Las puertas de la percepción / Aldous Huxley,eng,Inglés,No hay datos,No hay datos,No hay datos,2015,No hay datos,Fuente del dato Año no oficial.
"Todd, Anna",No hay datos,http://viaf.org/viaf/309828820,After : en mil pedazos,eng,Inglés,9789974729063,Montevideo,Planeta,2015,"Rodríguez, Marisa","Se añadió dato traductor. Fuente: catálogo de la Biblioteca del Poder Legislativo.
"
"Todd, Anna",No hay datos,http://viaf.org/viaf/309828820,After : almas perdidas,eng,Inglés,9789974729179,Montevideo,Planeta,2015,Traducciones Imposibles,Se añadió dato traductor. Fuente: catálogo de la Biblioteca del Poder Legislativo. Figura una empresa en los datos del traductor.
"Voltaire, Francois Marie Arouet de","Arouet, François-Marie",http://viaf.org/viaf/36925746,Cándido o el optimismo,fre,Francés,No hay datos,No hay datos,No hay datos,2015,No hay datos,No hay datos
"Saint-Exupéry, Antoine De",No hay datos,http://viaf.org/viaf/93810507,El Principito,fre,Francés,9789974694835,Montevideo,Ediciones Cruz del Sur,2015,"De Santiago, María Elena",Fuente del dato Ciudad no oficial./ Se añadió dato traductor. Fuente: catálogo de la Biblioteca del Poder Legislativo.
"Todd, Anna",No hay datos,http://viaf.org/viaf/309828820,After,eng,Inglés,9789974729650,Montevideo,Planeta,2015,"Rodríguez, Marisa",Se añadió dato traductor. Fuente: catálogo de la Biblioteca del Poder Legislativo.
"Andersson, Lena",No hay datos,http://viaf.org/viaf/77229558,Apropiación indebida : una novela sobre el amor,Sueco,Sueco,9789974732384,Montevideo,Alfaguara,2015,"García-Posada, Elda",Se rectificó lengua fuente de alemán a sueco./ Se añadió dato traductor. Fuente: catálogo de la Biblioteca del Poder Legislativo.
"Capote, Truman",No hay datos,http://viaf.org/viaf/51686739,A sangre fría,eng,Inglés,9789974723535,Montevideo,Sudamericana,2015,"Rodríguez, Fernando",Se añadió dato traductor. Fuente: catálogo de la Biblioteca del Poder Legislativo.
"Coelho, Paulo",No hay datos,http://viaf.org/viaf/52700,El Alquimista,por,Portugués,9789974729377,Montevideo,Planeta,2015,"Mira, Monserrat",Se añadió dato traductor. Fuente: catálogo de la Biblioteca del Poder Legislativo.
"Coelho, Paulo",No hay datos,http://viaf.org/viaf/52700,A orillas del río Piedra me senté y lloré,por,Portugués,9789974729421,Montevideo,Planeta,2015,"Indecona, Alfonso",Se añadió dato traductor. Fuente: catálogo de la Biblioteca del Poder Legislativo.
"Hawkins, Paula",No hay datos,http://viaf.org/viaf/14277202,La chica del tren,eng,Inglés,9789974729353,Montevideo,Planeta,2015,"Montoto, Alexis",Se añadió dato traductor. Fuente: catálogo de la Biblioteca del Poder Legislativo.
"Coelho, Paulo",No hay datos,http://viaf.org/viaf/52700,El demonio y la señorita Prym,por,Portugués,9789974729445,Montevideo,Planeta,2015,"Ventos, M. Dolors",Se añadió dato traductor. Fuente: catálogo de la Biblioteca del Poder Legislativo.
"Connelly, Michael",No hay datos,http://viaf.org/viaf/19745715,El eco negro,eng,Inglés,9789974723542,Montevideo,Sudamericana,2015,"Martin, Helena",Se añadió dato traductor. Fuente: catálogo de la Biblioteca del Poder Legislativo.
"Macdonald, Ross",No hay datos,http://viaf.org/viaf/60355518,El expediente Archer,eng,Inglés,9789974723733,Montevideo,Sudamericana,2015,"Gómez Calvo, Ignacio",Se añadió dato traductor. Fuente: catálogo de la Biblioteca del Poder Legislativo.
"Lemaitre, Pierre",No hay datos,http://viaf.org/viaf/22429842,Iréne,fre,Francés,9789974732377,Montevideo,Alfaguara,2015,"Durán Romero, Juan Carlos",Se añadió dato traductor. Fuente: catálogo de la Biblioteca del Poder Legislativo.
"Le Carré, John ",No hay datos,http://viaf.org/viaf/109254932,El jardinero fiel,eng,Inglés,9789974723719,Montevideo,Sudamericana,2015,"Milla Soler, Carlos",Se añadió dato traductor. Fuente: catálogo de la Biblioteca del Poder Legislativo.
"Steel, Danielle",No hay datos,http://viaf.org/viaf/100238676,Una gran chica,eng,Inglés,9789974732971,Montevideo,Sudamericana,2015,"Manero Jiménez, Laura",Se añadió dato traductor. Fuente: catálogo de la Biblioteca del Poder Legislativo. Fuente del dato Ciudad no oficial
"Coelho, Paulo",No hay datos,http://viaf.org/viaf/52700,Maktub,por,Portugués,9789974729469,Montevideo,Planeta,2015,"Costas, Ana Belén",Se añadió dato traductor. Fuente: catálogo de la Biblioteca del Poder Legislativo.
"Forsyth, Frederick",No hay datos,http://viaf.org/viaf/108216096,Odessa,eng,Inglés,9789974723702,Montevideo,Sudamericana,2015,"De la Fuente, Ana María",Se añadió dato traductor. Fuente: catálogo de la Biblioteca del Poder Legislativo.
"Coelho, Paulo",No hay datos,http://viaf.org/viaf/52700,Once minutos,por,Portugués,9789974729384,Montevideo,Planeta,2015,"Costas, Ana Belén",Se añadió dato traductor. Fuente: catálogo de la Biblioteca del Poder Legislativo.
"Coelho, Paulo",No hay datos,http://viaf.org/viaf/52700,El peregrino,por,Portugués,9789974729371,Montevideo,Planeta,2015,"Tatay, Carlos",Se añadió dato traductor. Fuente: catálogo de la Biblioteca del Poder Legislativo.
"Coelho, Paulo",No hay datos,http://viaf.org/viaf/52700,La quinta montaña,por,Portugués,9789974729407,Montevideo,Planeta,2015,"Mira, Monserrat",Se añadió dato traductor. Fuente: catálogo de la Biblioteca del Poder Legislativo
"Grisham, John",No hay datos,http://viaf.org/viaf/7449742,Tiempo de matar,eng,Inglés,9789974723641,Montevideo,Sudamericana,2015,"Iriarte, Eduardo",Se añadió dato traductor. Fuente: catálogo de la Biblioteca del Poder Legislativo.
"Coelho, Paulo",No hay datos,http://viaf.org/viaf/52700,Veronika decide morir,por,Portugués,9789974729438,Montevideo,Planeta,2015,"Mira, Monserrat",Se añadió dato traductor. Fuente: catálogo de la Biblioteca del Poder Legislativo.
"Coelho, Paulo",No hay datos,http://viaf.org/viaf/52700,El vencedor está solo,por,Portugués,9789974729360,Montevideo,Planeta,2015,"Costas, Ana Belén",Se añadió dato traductor. Fuente: catálogo de la Biblioteca del Poder Legislativo.
"Clark, Mary Higgins",No hay datos,http://viaf.org/viaf/100252785,Testigo en la sombra,eng,Inglés,9789974732094,Montevideo,Sudamericana,2015,No hay datos,No hay datos
"Coelho, Paulo",No hay datos,http://viaf.org/viaf/52700,El Zahir,por,Portugués,9789974729476,Montevideo,Planeta,2015,"Costas, Ana Belén",Se añadió dato traductor. Fuente: catálogo de la Biblioteca del Poder Legislativo.
"Wood, Barbara",No hay datos,http://viaf.org/viaf/66478330,Bajo la luna de Hawái,eng,Inglés,9789974732926,Montevideo,Grijalbo,2015,"Espinosa, Sheila",Se añadió dato traductor. Fuente: catálogo de la Biblioteca del Poder Legislativo.
"Gilbert, Elizabeth",No hay datos,http://viaf.org/viaf/7713013,"Come, reza, ama",eng,Inglés,9789974723704,Montevideo,Debolsillo,2015,"Bustelo, Gabriela",Se añadió dato traductor. Fuente: catálogo de la Biblioteca del Poder Legislativo.
"Saint-Exupéry, Antoine De",No hay datos,http://viaf.org/viaf/93810507,El Principito,fre,Francés,9789974729674,Montevideo,Emecé,2015,"Del Carril, Bonifacio",Fuente del dato Ciudad no oficial./ Se añadió dato traductor. Fuente: catálogo de la Biblioteca del Poder Legislativo.
"Voltaire, Francois Marie Arouet de","Arouet, François-Marie",http://viaf.org/viaf/36925746,Micromegas,fre,Francés,9789974730090,No hay datos,I Libri,2015,No hay datos,No hay datos
"Shakespeare, William",No hay datos,http://viaf.org/viaf/96994048,La tragedia de Macbeth,eng,Inglés,9789974849075,No hay datos,I Libri,2015,No hay datos,No hay datos
"Steel, Danielle",No hay datos,http://viaf.org/viaf/100238676,Hotel Vendome,eng,Inglés,9789974732872,Montevideo,Plaza & Janés,2015,"Rins Calahorra, Laura",Se añadió dato traductor. Fuente: catálogo de la Biblioteca del Poder Legislativo.
"Johnson, Maureen",No hay datos,http://viaf.org/viaf/77404871,Noches blancas : tres historias de amor inolvidables,eng,Inglés,9789974732681,Montevideo,Nube de Tinta,2015,"Canales Medina, Verónica",Se añadió dato traductor. Fuente: catálogo de la Biblioteca del Poder Legislativo.
"Hesse, Hermann",No hay datos,http://viaf.org/viaf/41841418,Demian : historia de la juventud de Emil Sinclair,ger,Alemán,9789974730038,No hay datos,I Libri,2015,No hay datos,No hay datos
"Barreto, Alfonso Henriques De Lima",No hay datos,http://viaf.org/viaf/64039068,La nueva California y otros cuentos,por,Portugués,9789974105171,Montevideo,Ediciones de Banda Oriental,2015,"Rocca, Pablo",Es antología./ Se añadió dato traductor. Fuente: catálogo de la Biblioteca del Poder Legislativo.
"Faulkner, William",No hay datos,http://viaf.org/viaf/39376770,Una rosa para Emily,eng,Inglés,9789974730106,Montevideo,I Libri,2015,No hay datos,Fuente del dato Ciudad no oficial.
"Orwell, George",No hay datos,http://viaf.org/viaf/95155403,Rebelión en la granja,eng,Inglés,9789974849068,Montevideo,I Libri,2015,No hay datos,Fuente del dato Ciudad no oficial.
"Shakespeare, William",No hay datos,http://viaf.org/viaf/96994048,Romeo y Julieta,eng,Inglés,9789974849099,Montevideo,I Libri,2015,No hay datos,Fuente del dato Ciudad no oficial.
"Shakespeare, William",No hay datos,http://viaf.org/viaf/96994048,Hamlet,eng,Inglés,9789974849082,Montevideo,I Libri,2015,No hay datos,Fuente del dato Ciudad no oficial.
"Grisham, John",No hay datos,http://viaf.org/viaf/7449742,El secreto de Gray Mountain,eng,Inglés,9789974732889,Montevideo,Plaza & Janés,2015,"Iriarte, Eduardo",Se añadió dato traductor. Fuente: catálogo de la Biblioteca del Poder Legislativo.
"Morton, Kate",No hay datos,http://viaf.org/viaf/32308361,El último adiós,eng,Inglés,9789974732841,Montevideo,Suma de Letras,2015,No hay datos,No hay datos
"Nemirovsky, Irene",No hay datos,http://viaf.org/viaf/66484425,El baile y Las moscas del otoño,fre,Francés,9789974109117,Montevideo,Ediciones de Banda Oriental,2015,"Peyrou, Rosario",Se rectificó lengua fuente de ruso a francés./ Se añadió dato traductor. Fuente: catálogo de la Biblioteca del Poder Legislativo.
"Rowell, Rainbow",No hay datos,http://viaf.org/viaf/137448631,Landline : segundas oportunidades,eng,Inglés,9789974732858,Montevideo,Alfaguara,2015,"Simo, Victoria",Se añadió dato traductor. Fuente: catálogo de la Biblioteca del Poder Legislativo.
"Pushkin, Alexander Sergueevich",No hay datos,http://viaf.org/viaf/66477450,Encore! : traducción de la novela Eugenio Onieguin,rus,Ruso,No hay datos,Montevideo,No hay datos,2015,"Larrea, Roberto",Fuente del dato Ciudad no oficial./ Se añadió dato traductor. Fuente: catálogo de la Biblioteca del Poder Legislativo.
"Noël, James",No hay datos,http://viaf.org/viaf/58863888,Puños al rojo vivo / James Noël ; traducción Laura Masello,fre,Francés,9789974326446,Montevideo,Trilce,2015,"Masello, Laura",Se recuperó lengua fuente (francés)./ Se añadió dato traductor. Fuente: BN campo Título y Valor.
No hay datos,No hay datos,No hay datos,"Las mil y una noches : según el manuscrito más antiguo conocido / traducción del árabe Dolors Cinca Pinós, Margarita Castells Criballés",ara,Árabe,9789974729582,Montevideo,Planeta,2015,"Cinca Pinós, Dolors|Castells Criballés, Margarita",Se recuperó lengua fuente (árabe)./ Se añadió dato traductor. Fuente: BN campo Título.
"Nesbo, Jo",No hay datos,http://viaf.org/viaf/44460209,El murciélago / Jo Nesbo ; traducción de Bente Teigen Gundersen y Mariano González Campo,nor,Noruego,9789974723986,Montevideo,Reservoir books,2015,"Gundersen, Bente Teigen|González Campo, Mariano",Se rectificó lengua fuente de alemán a noruego./ Se añadió dato traductor. Fuente: BN campo Título.
"Green, John",No hay datos,http://viaf.org/viaf/41229323,Ciudades de papel / John Green ; traducción de Noemí Sobregués,eng,Inglés,9789974713710,Montevideo,Nube de Tinta,2015,"Sobregués, Noemí","Se añadió dato traductor. Fuente: BN campo Título y catálogo de la Biblioteca del Poder Legislativo.
"
"Mansfield, Katherine",No hay datos,http://viaf.org/viaf/41843502,"Felicidad : y otros cuentos / Katherine Mansfield ; selección, traducción y prólogo de Rosario Peyrou",eng,Inglés,9789974109377,Montevideo,Ediciones de Banda Oriental,2015,"Peyrou, Rosario",Se añadió dato traductor. Fuente: BN campo Título.
"Drexler, Gunther",No hay datos,http://viaf.org/viaf/97781373,El largo camino del retorno / Gunther Drexler,ger,Alemán,9789974985223,Montevideo,Edición de autor,2015,No hay datos,Fuente del dato Ciudad no oficial. / Se añadió dato traductor. Fuente: BN campo Título.
"Kercheval, Jesse Lee",No hay datos,http://viaf.org/viaf/11302783,Extranjera : Stranger / Jesse Lee Kercheval,eng,Inglés,9789974719170,Montevideo,Yaugurú,2015,No hay datos,No hay datos
"Shakespeare, William",No hay datos,http://viaf.org/viaf/96994048,El rey lear / William Shakespeare,eng,Inglés,9789974694842,Montevideo,Ediciones Cruz del Sur,2015,No hay datos,No hay datos
"Henry, O.","Porter, William Sydney",http://viaf.org/viaf/46770914,Manos y corazones : y otros cuentos / O. Henry; prólogo de Rosario Peyrou,eng,Inglés,9789974109216,Montevideo,Ediciones de Banda Oriental,2015,No hay datos,No hay datos
"Bradbury, Ray",No hay datos,http://viaf.org/viaf/12305881,Memoria de crímenes / Ray Bradbury ; traducción de Carlos Peralta,eng,Inglés,9789974723719,Montevideo,Sudamericana,2015,"Peralta, Carlos",Se añadió dato traductor. Fuente: BN campo Título y catálogo de la Biblioteca del Poder Legislativo.
"Andrade, Mário de",No hay datos,http://viaf.org/viaf/19688448,Crónicas de melancolía eufórica / Mário de Andrade ; traducción Rosario Lázaro Igoa  ; ilustraciones Martín Verges Rilla,por,Portugués,9789974848672,Montevideo,Alter,2016,"Lázaro Igoa, Rosario",Es antología./ Se añadió dato traductor. Fuente: BN campo Título.
"Didierlaurent, Jean Paul",No hay datos,http://viaf.org/viaf/305202902,El lector del tren de las 6.27 / Jean Paul Didierlaurent ; traducción Adolfo García Ortega,fre,Francés,9789974729896,Montevideo,Planeta,2016,"García Ortega, Adolfo",Se añadió dato traductor. Fuente: BN campo Título.
"Ferrante, Elena",No hay datos,http://viaf.org/viaf/32103009,Dos amigas / Elena Ferrante ; traducción Celia Filipetto,ita,Italiano,9789974736603 (t. 1),Montevideo,Lumen,2016,"Filipetto, Celia",Se añadió dato traductor. Fuente: BN campo Título.
"Kepler, Lars","Ahndoril, Alexandra Coelho|Ahndoril, Alexander ",http://viaf.org/viaf/95139216,En la mente del hipnotista / Lars Kepler ; traducción Gemma Pecharromán Miguel,Sueco,Sueco,9789974737129,Montevideo,Planeta,2016,"Pecharromán Miguel, Gemma",Se rectificó lengua fuente de alemán a sueco./ Se añadió dato traductor. Fuente: BN campo Título.
"Safier, David",No hay datos,http://viaf.org/viaf/101607215,Más maldito karma / David Safier ; traducción del alemán por María José Díaz Pérez,ger,Alemán,9789974729803,Montevideo,Seix Barral,2016,"Díaz Pérez, María José",Se añadió dato traductor. Fuente: BN campo Título. 
"Le Carré, John",No hay datos,http://viaf.org/viaf/109254932,Volar en círculos / John Le Carré ; traducción de Claudia Conde,eng,Inglés,9789974737877,Montevideo,Planeta,2016,"Conde, Claudia",Se añadió dato traductor. Fuente: BN campo Título.
"Eco, Umberto",No hay datos,http://viaf.org/viaf/108299403,"De la estupidez a la locura : como vivir en un mundo sin rumbo / Umberto Eco ; traducción Helena Lozano Miralles, María Pons Irazazábal",ita,Italiano,9789974741539,Montevideo,Sudamericana,2016,"Lozano Miralles, Helena|Pons Irazazábal, María",Se añadió dato traductor. Fuente: BN campo Título. 
"Hawkins, Paula",No hay datos,http://viaf.org/viaf/14277202,La chica del tren / Paula Hawkins ; Traducción Aleix Montoto,eng,Inglés,9789974729353,Montevideo,Planeta,2016,"Montoto, Aleix",Se añadió dato traductor. Fuente: BN campo Título.
"Littleton, Sue",No hay datos,http://viaf.org/viaf/56216757,"Polonia, mi amor = Poloska, my love / Sue Littleton",eng,Inglés,9789974703629,Montevideo,Botella al Mar,2016,No hay datos,Obra bilingüe.
"Steel, Danielle",No hay datos,http://viaf.org/viaf/100238676,Tiempo prestado,eng,Inglés,9789974732988,Montevideo,Sudamericana,2016,"Fontana, Pedro","Se añadió dato traductor. Fuente: catálogo de la Biblioteca del Poder Legislativo.
"
"Steel, Danielle",No hay datos,http://viaf.org/viaf/100238676,Luces del sur,eng,Inglés,9789974732995,Montevideo,Sudamericana,2016,"Rins Calahorra, Laura","Se añadió dato traductor. Fuente: catálogo de la Biblioteca del Poder Legislativo./ Fuente del dato Ciudad no oficial
"
"Steel, Danielle",No hay datos,http://viaf.org/viaf/100238676,Feliz cumpleaños,eng,Inglés,9789974736016,Montevideo,Sudamericana,2016,"Nueno, Nieves","Se añadió dato traductor. Fuente: catálogo de la Biblioteca del Poder Legislativo.
"
"Steel, Danielle",No hay datos,http://viaf.org/viaf/100238676,El legado,eng,Inglés,9789974736009,Montevideo,Sudamericana,2016,"Rins Calahorra, Laura","Se añadió dato traductor. Fuente: catálogo de la Biblioteca del Poder Legislativo.
"
"Steel, Danielle",No hay datos,http://viaf.org/viaf/100238676,Cinco días en París,eng,Inglés,9789974736023,Montevideo,Sudamericana,2016,"Moral, Gemma","Se añadió dato traductor. Fuente: catálogo de la Biblioteca del Poder Legislativo.
"
"Steel, Danielle",No hay datos,http://viaf.org/viaf/100238676,Empezar de nuevo,eng,Inglés,9789974736030,Montevideo,Sudamericana,2016,"Trejo, Joan","Se añadió dato traductor. Fuente: catálogo de la Biblioteca del Poder Legislativo.
"
"Steel, Danielle",No hay datos,http://viaf.org/viaf/100238676,Asuntos del corazón,eng,Inglés,9789974736047,Montevideo,Sudamericana,2016,"Rins Calahorra, Laura","Se añadió dato traductor. Fuente: catálogo de la Biblioteca del Poder Legislativo.
"
"Steel, Danielle",No hay datos,http://viaf.org/viaf/100238676,Ecos,eng,Inglés,9789974736054,Montevideo,Sudamericana,2016,"Quijada Vargas, Encarna","Se añadió dato traductor. Fuente: catálogo de la Biblioteca del Poder Legislativo.
"
"Steel, Danielle",No hay datos,http://viaf.org/viaf/100238676,Dulce y amargo,eng,Inglés,9789974736061,Montevideo,Sudamericana,2016,"Cavandoli Menéndez, Margarita","Se añadió dato traductor. Fuente: catálogo de la Biblioteca del Poder Legislativo.
"
"Steel, Danielle",No hay datos,http://viaf.org/viaf/100238676,Acto de fe,eng,Inglés,9789974736078,Montevideo,Sudamericana,2016,"Merino Sánchez, María Isabel","Se añadió dato traductor. Fuente: catálogo de la Biblioteca del Poder Legislativo.
"
"Steel, Danielle",No hay datos,http://viaf.org/viaf/100238676,Imposible,eng,Inglés,9789974736085,Montevideo,Sudamericana,2016,"Rodríguez Juiz, Cruz","Se añadió dato traductor. Fuente: catálogo de la Biblioteca del Poder Legislativo.
"
"Steel, Danielle",No hay datos,http://viaf.org/viaf/100238676,Fiel a sí misma,eng,Inglés,9789974736092,Montevideo,Sudamericana,2016,"Nueno, Nieves","Se añadió dato traductor. Fuente: catálogo de la Biblioteca del Poder Legislativo.
"
"Steel, Danielle",No hay datos,http://viaf.org/viaf/100238676,Una entrega especial,eng,Inglés,9789974736108,Montevideo,Sudamericana,2016,"Komet, Silvia","Se añadió dato traductor. Fuente: catálogo de la Biblioteca del Poder Legislativo.
"
"Gounelle, Laurent",No hay datos,http://viaf.org/viaf/17551704,Hoy haré del mundo un lugar mejor,fre,Francés,9789974729865,Montevideo,Planeta,2016,No hay datos,No hay datos
"Steel, Danielle",No hay datos,http://viaf.org/viaf/100238676,Milagro,eng,Inglés,9789974736115,Montevideo,Sudamericana,2016,"Monturiol, Berta","Se añadió dato traductor. Fuente: catálogo de la Biblioteca del Poder Legislativo.
"
Elena Ferrante,No hay datos,http://viaf.org/viaf/32103009,La amiga estupenda,ita,Italiano,9789974736603,Montevideo,Lumen,2016,"Filipetto, Celia","Se añadió dato traductor. Fuente: catálogo de la Biblioteca del Poder Legislativo./ Fuente del dato Ciudad no oficial-
"
"Kirby, Jessi",No hay datos,http://viaf.org/viaf/151517159,Un corazón para dos,eng,Inglés,9789974729902,Montevideo,Planeta,2016,"Pineda, Eloy","Se añadió dato traductor. Fuente: catálogo de la Biblioteca del Poder Legislativo. Fuente del dato Ciudad no oficial
"
Elena Ferrante,No hay datos,http://viaf.org/viaf/32103009,Un mal nombre,ita,Italiano,9789974736610,Montevideo,Lumen,2016,"Filipetto, Celia","Se añadió dato traductor. Fuente: catálogo de la Biblioteca del Poder Legislativo.
"
"Saint-Exupéry, Antoine De",No hay datos,http://viaf.org/viaf/93810507,El Principito,fre,Francés,No hay datos,Montevideo,Italcred,2016,No hay datos,Fuente del dato Ciudad no oficial.
"Coelho, Paulo",No hay datos,http://viaf.org/viaf/52700,La espía,por,Portugués,9789974741584,Montevideo,Grijalbo,2016,"Obon, Pilar","Se añadió dato traductor. Fuente: catálogo de la Biblioteca del Poder Legislativo.
"
"Carlan, Audrey",No hay datos,http://viaf.org/viaf/74146937816013832163,Calendar girl,eng,Inglés,9789974737754,Montevideo,Planeta,2016,"Agneilli, Lara","Se añadió dato traductor. Fuente: catálogo de la Biblioteca del Poder Legislativo.
"
"Messadie, Gerald",No hay datos,http://viaf.org/viaf/71394993,Moisés : un príncipe sin corona,fre,Francés,9789974746199,Montevideo,Planeta,2016,"Serrat Crespo, Manuel","Se añadió dato traductor. Fuente: catálogo de la Biblioteca del Poder Legislativo.
"
"Roth, Joseph",No hay datos,http://viaf.org/viaf/56615783,El triunfo de la belleza,ger,Alemán,9789974109865,Montevideo,Ediciones de Banda Oriental,2016,No hay datos,No hay datos
"Orwell, George",No hay datos,http://viaf.org/viaf/95155403,Rebelión en la granja,eng,Inglés,9789974851887,Montevideo,Flor Negra,2016,No hay datos,No hay datos
"Grisham, John",No hay datos,http://viaf.org/viaf/7449742,Un abogado rebelde,eng,Inglés,9789974741850,Montevideo,Plaza & Janés,2016,"Lledo Rando, Sergio","Se añadió dato traductor. Fuente: catálogo de la Biblioteca del Poder Legislativo.
"
"Gemeinhart, Dan",No hay datos,http://viaf.org/viaf/309857236,La pura verdad,eng,Inglés,9789974746213,Montevideo,Planeta,2016,No hay datos,No hay datos
"Wood, Barbara",No hay datos,http://viaf.org/viaf/66478330,La tierra dorada,eng,Inglés,9789877251319,Montevideo,Debolsillo,2016,"Fernández de Villavicencios, Matuca","Se añadió dato traductor. Fuente: catálogo de la Biblioteca del Poder Legislativo./ Fuente del dato Ciudad no oficial
"
"Buyert, Arlin",No hay datos,http://viaf.org/viaf/295397908,Poemas de la guerra / Arlin Buyert ; traducción Laura Chalar,eng,Inglés,9789974722101,Montevideo,Irrupciones,2016,"Chalar, Laura","Se añadió dato traductor. Fuente: BN campo Título y campo Valor y catálogo de la Biblioteca del Poder Legislativo.
"
"Stevenson, Robert Louis",No hay datos,http://viaf.org/viaf/95207986,El diablo de la botella y otros cuentos / Robert Louis Stevenson; traducción de Rosario Peyrou; prólogo de Carlos María Domínguez,eng,Inglés,9789974109834,Montevideo,Ediciones de Banda Oriental,2016,"Peyrou, Rosario",Es antología./ Se añadió dato traductor. Fuente: BN campo Título y campo Valor. 
"Woolf, Virginia",No hay datos,http://viaf.org/viaf/39385478,"La fiesta de la señora Dalloway / Virginia Woolf ; selección, traducción y prólogo de Rosario Peyrou",eng,Inglés,9789974109483,Montevideo,Ediciones de Banda Oriental,2016,"Peyrou, Rosario",Se añadió dato traductor. Fuente: BN campo Título.
"Ford, Jamie",No hay datos,http://viaf.org/viaf/81508183,Hasta que volvamos a vernos / Jamie Ford ; traducción Jesús de la Torre,eng,Inglés,9789974729841,Montevideo,Editorial Planeta,2016,"De la Torre, Jesús",Se añadió dato traductor. Fuente: BN campo Título.
"Lemaitre, Pierre",No hay datos,http://viaf.org/viaf/22429842,Rosy & John / Pierre Lemaitre,fre,Francés,9789974736665,Montevideo,Alfaguara,2016,"De la Torre, Jesús","Se añadió dato traductor. Fuente: catálogo de la Biblioteca del Poder Legislativo.
"
"Doerr, Anthony",No hay datos,http://viaf.org/viaf/79550093,La luz que no puedes ver / Anthony Doerr,eng,Inglés,9789974736436,Montevideo,Suma de Letras,2016,"Durán Romero, Juan Carlos","Se añadió dato traductor. Fuente: catálogo de la Biblioteca del Poder Legislativo.
"
"Barton, Fiona",No hay datos,http://viaf.org/viaf/4319147665873160670003,La viuda / Fiona Barton ; traducción Aleix Montoto,eng,Inglés,9789974737372,Montevideo,Planeta,2016,"Montoto, Aleix","Se añadió dato traductor. Fuente: BN campo Título y catálogo de la Biblioteca del Poder Legislativo.
"
"Glattauer, Daniel",No hay datos,http://viaf.org/viaf/56865197,Un regalo que no esperabas / Daniel Glattauer ; traducción Claudia Toda Castán,ger,Alemán,9789974736559,Montevideo,Sudamericana,2016,"Toda Castán, Claudia",Se recuperó lengua fuente (alemán)./ Se añadió dato traductor. Fuente: BN campo Título y catálogo de la Biblioteca del Poder Legislativo.
"Archer, Jeffrey",No hay datos,http://viaf.org/viaf/110249804,Sólo el tiempo lo dirá / Jeffrey Archer ; traducción Claudia Conde,eng,Inglés,9789974729919,Montevideo,Planeta,2016,"Conde, Claudia",Se añadió dato traductor. Fuente: BN campo Título y catálogo de la Biblioteca del Poder Legislativo.
"Alexiévich, Svetlana",No hay datos,http://viaf.org/viaf/24646187,La guerra no tiene rostro de mujer / Svetlana Alexiévich ; traducción de Yulia Dobrovolskaia y Zahara García González,rus,Ruso,9789974736429,Montevideo,Debate,2016,"Dobrovolskaia, Yulia|García González, Zahara",Se añadió dato traductor. Fuente: BN campo Título y catálogo de la Biblioteca del Poder Legislativo.
"Pushkin, Aleksandr Sergeevich",No hay datos,http://viaf.org/viaf/66477450,Duvrovsky y otros relatos / Alexander Pushkin; prólogo Jorge Albistur,rus,Ruso,9789974109728,Montevideo,Ediciones de Banda Oriental,2016,No hay datos,Es antología. 
"Chandler, Raymond",No hay datos,http://viaf.org/viaf/39374901,El hombre que amaba a los perros y otros cuentos / Raymond Chandler; prólogo de Milton Fornaro,eng,Inglés,9789974109506,Montevideo,Ediciones de Banda Oriental,2016,No hay datos,Es antología. 
"Clark, Mary Higgins",No hay datos,http://viaf.org/viaf/100252785,Fraude al descubierto / Mary Higgins Clark ; traducción Rosa Pérez,eng,Inglés,9789974736474,Montevideo,Sudamericana,2016,"Pérez, Rosa",Se añadió dato traductor. Fuente: BN campo Título y catálogo de la Biblioteca del Poder Legislativo.
No hay datos,No hay datos,No hay datos,Las mil y una noches / Anónimo; prólogo de Jorge Albistur,ara,Árabe,9789974109490,Montevideo,Ediciones de Banda Oriental,2016,No hay datos,Se recuperó lengua fuente (árabe).
"Peixoto, José Luis",No hay datos,http://viaf.org/viaf/87307201,Cementerio de pianos / José Luis Peixoto,por,Portugués,9789974720596,Montevideo,Hum,2016,No hay datos,No hay datos
"Hilton, L. S.",No hay datos,http://viaf.org/viaf/2725752,Maestra / L. S. Hilton ; traducción Santiago Rey,eng,Inglés,9789974736641,Montevideo,Sudamericana,2016,"Rey, Santiago",Se añadió dato traductor. Fuente: BN campo Título y catálogo de la Biblioteca del Poder Legislativo.
"Legardinier, Gilles",No hay datos,http://viaf.org/viaf/264260740,Días de perros / Gilles Legardinier ; traducción de Juan Camargo,fre,Francés,9789974729858,Montevideo,Planeta,2016,"Camargo, Juan",Se añadió dato traductor. Fuente: BN campo Título y catálogo de la Biblioteca del Poder Legislativo.
"Berlin, Lucia",No hay datos,http://viaf.org/viaf/39430413,Manual para mujeres de la limpieza / Lucia Berlin ; edición e introducción de Stephen Emerson ; prólogo de Lydia Davis ; traducción del inglés de Eugenia Vázquez Nacarino,eng,Inglés,9789974741928,Montevideo,Alfaguara,2016,"Vázquez Nacarino, Eugenia",Se añadió dato traductor. Fuente: BN campo Título y catálogo de la Biblioteca del Poder Legislativo.
"Chamberlain, Mary",No hay datos,http://viaf.org/viaf/24759619,La modista de Dover street / Mary Chamberlain ; Traducción María José Díez Pérez,eng,Inglés,9789974746077,Montevideo,Planeta,2016,"Díez Pérez, María José",Se añadió dato traductor. Fuente: BN campo Título y catálogo de la Biblioteca del Poder Legislativo.
"Chekhov, Anton Pavlovich","Chejov, Anton Pavlovich",http://viaf.org/viaf/95216565,La dama del perrito y otros relatos / Antón Chéjov,rus,Ruso,9789974109612,Montevideo,Ediciones de Banda Oriental,2016,No hay datos,Es antología. 
"Tolstoi, Lev Nikolaevich","Tolstoi, León",http://viaf.org/viaf/96987389,Felicidad familiar / León Tolstoi,rus,Ruso,9789974109629,Montevideo,Ediciones de Banda Oriental,2016,No hay datos,No hay datos
"Todd, Anna",No hay datos,http://viaf.org/viaf/309828820,Landon. Todo por ti / Anna Todd ; traducción de Vicky Charques y Marisa Rodríguez,eng,Inglés,9789974737884,Montevideo,Planeta,2016,"Charques, Vicky|Rodríguez, Marisa",Se añadió dato traductor. Fuente: BN campo Título.
"Boito, Camillo",No hay datos,http://viaf.org/viaf/27061204,Senso y otros cuentos / Camilo Boito,ita,Italiano,9789974109643,Montevideo,Ediciones de Banda Oriental,2016,No hay datos,No hay datos
"Agualusa, José Eduardo",No hay datos,http://viaf.org/viaf/4978257,El vendedor de pasados / José Eduardo Agualusa ; traducción y prólogo Rosario Peyrou,por,Portugués,9789974109551,Montevideo,Ediciones de Banda Oriental,2016,"Peyrou, Rosario",Se añadió dato traductor. Fuente: BN campo Título. 
"Thilliez, Franck",No hay datos,http://viaf.org/viaf/79185120,Paranoia / Franck Thilliez ; traducción de Joan Riambau,fre,Francés,9789974880207.,Montevideo,Ediciones Destino,2017,"Riambau, Joan",Se añadió dato traductor. Fuente: BN campo Título.
"Hawkins, Paula",No hay datos,http://viaf.org/viaf/14277202,Escrito en el agua / Paula Hawkins ; traducción Aleix Montoto,eng,Inglés,9789974880269,Montevideo,Planeta,2017,"Montoto, Aleix",Se añadió dato traductor. Fuente: BN campo Título.
"Hudson, William Henry",No hay datos,http://viaf.org/viaf/7391698,Diario de viaje de Buenos Aires a Southampton a bordo del Ebro : del 1º de abril al 3 de mayo de 1874 / William Henry Hudson ; Traducción de Virginia Brown y Ana Inés Larre Borges ; Estudio Preliminar Ana Inés Larre Borges,eng,Inglés,9789974763999,Montevideo,Cal y Canto,2017,"Brown, Virginia|Larre Borges, Ana Inés",Se añadió dato traductor. Fuente: BN campo Título.
"Riggs, Ransom",No hay datos,http://viaf.org/viaf/73303041,La ciudad desolada : el hogar de Miss Peregrine para niños peculiares / Ransom Riggs; traducción de Isabel Murillo,eng,Inglés,9789974880016,Montevideo,Planeta,2017,"Murillo, Isabel",Se añadió dato traductor. Fuente: BN campo Título.
"Plonski, Aleksander",No hay datos,http://viaf.org/viaf/42151776825318012751,Por amor / Aleksander Plonski; traducido por Juan Sanches Roibal,rus,Ruso,9789974914940,Montevideo,Edición de autor,2017,"Sanches Roibal, Juan",Se recuperó lengua fuente (ruso)./ Se añadió dato traductor. Fuente: BN campo Título./ Fuente del dato Ciudad no oficial
"Safier, David",No hay datos,http://viaf.org/viaf/101607215,Y colorín colorado... Tú / David Safier; traducción del alemán por María José Díez,ger,Alemán,9789974880368,Montevideo,Seix Barral,2017,"Díez, María José",Se añadió dato traductor. Fuente: BN campo Título.
"King, Stephen",No hay datos,http://viaf.org/viaf/97113511,Fin de guardia / Stephen King ; traducción de Carlos Milla Soler,eng,Inglés,9789974736856,Montevideo,Plaza & Janés,2017,"Milla Soler, Carlos",Se añadió dato traductor. Fuente: BN campo Título.
"Hudson, William Henry",No hay datos,http://viaf.org/viaf/7391698,La tierra purpúrea / W. H. Hudson; prólogo Ruben Cotelo,eng,Inglés,9789974108837,Montevideo,Ediciones de Banda Oriental,2017,"Vilariño, Idea",Se añadió traductor. Fuente: relevamiento realizado por Grupo Historia de la traducción en Uruguay en Idea Vilariño y la traducción (2023).
"Orwell, George",No hay datos,http://viaf.org/viaf/95155403,1984 / George Orwell,eng,Inglés,9789974864825,Montevideo,Flor Negra,2017,No hay datos,No hay datos
"Barton, Fiona",No hay datos,http://viaf.org/viaf/4319147665873160670003,La viuda,eng,Inglés,9789974880139,Montevideo,Planeta,2017,"Montoto, Aleix","Se añadió dato traductor. Fuente: catálogo de la Biblioteca del Poder Legislativo.
"
"Hjorth, Michael",No hay datos,http://viaf.org/viaf/250684618,Secretos imperfectos,Sueco,Sueco,9789974880085,Montevideo,Planeta,2017,"Conde, Claudia",Se rectificó lengua fuente de alemán a sueco./ Se añadió dato traductor. Fuente: catálogo de la Biblioteca del Poder Legislativo.
"Maccullers, Carson",No hay datos,http://viaf.org/viaf/95151447,La balada del café triste y otros relatos,eng,Inglés,9789974110090,Montevideo,Ediciones de Banda Oriental,2017,"Peyrou, Rosario","Se añadió dato traductor. Fuente: catálogo de la Biblioteca del Poder Legislativo.
"
"Bradbury, Ray",No hay datos,http://viaf.org/viaf/12305881,Crónicas marcianas,eng,Inglés,9789974880160,Montevideo,Minotauro,2017,"Abelenda, Francisco","Se añadió dato traductor. Fuente: catálogo de la Biblioteca del Poder Legislativo.
"
"Lopes Neto, Simões",No hay datos,http://viaf.org/viaf/64031614,Casos de Romualdo,por,Portugués,9789974110083,Montevideo,Ediciones de Banda Oriental,2017,"García Arrospide, Román","Se añadió dato traductor. Fuente: catálogo de la Biblioteca del Poder Legislativo.
"
"London, Jack","Chaney, John Griffith",http://viaf.org/viaf/46764200,La llamada de la selva,eng,Inglés,9789974110113,Montevideo,Ediciones de Banda Oriental,2017,No hay datos,No hay datos
"Green, John",No hay datos,http://viaf.org/viaf/41229323,Mil veces hasta siempre,eng,Inglés,9789974881693,Montevideo,Nube de Tinta,2017,"Sobregués, Noemí","Se añadió dato traductor. Fuente: catálogo de la Biblioteca del Poder Legislativo./ Fuente del dato Ciudad no oficial.
"
"James, E. L. ","James, Erika Leonard",http://viaf.org/viaf/255680406,Más oscuro,eng,Inglés,9789974881846,Montevideo,Grijalbo,2017,Anuvela,"Se añadió dato traductor. Fuente: catálogo de la Biblioteca del Poder Legislativo./ Traducido por el colectivo de mujeres Anuvela.
"
"Hjorth, Michael",No hay datos,http://viaf.org/viaf/250684618,Silencios inconfesables : (serie Bergman 4),Sueco,Sueco,9789974880320,Montevideo,Planeta,2017,"De la Peña Minguelli, Pilar","Se rectificó lengua fuente de alemán a sueco./ Se añadió dato traductor. Fuente: catálogo de la Biblioteca del Poder Legislativo.
"
"Mejia, Mindy",No hay datos,http://viaf.org/viaf/28149233558476511851,Todos mienten,eng,Inglés,9789974880375,Montevideo,Planeta,2017,"Vito I Godina, Albert","Se añadió dato traductor. Fuente: catálogo de la Biblioteca del Poder Legislativo.
"
"Grisham, John",No hay datos,http://viaf.org/viaf/7449742,El soborno,eng,Inglés,9789974881587,Montevideo,Penguin Random House,2017,"Iriarte, Eduardo","Se añadió dato traductor. Fuente: catálogo de la Biblioteca del Poder Legislativo.
"
"Darnton, Nina",No hay datos,http://viaf.org/viaf/163374840,Llamada a medianoche / Nina Darnton ; traducción Claudia Conde,eng,Inglés,9789974746329,Montevideo,Planeta,2017,"Conde, Claudia","Se añadió dato traductor. Fuente: BN campo Título y catálogo de la Biblioteca del Poder Legislativo.
"
"London, Jack","Chaney, John Griffith",http://viaf.org/viaf/46764200,El llamado de lo salvaje / Jack London ; traducción Federico Ivanier,eng,Inglés,9789974862913,Montevideo,Saltamontes,2017,"Ivanier, Federico",Se añadió dato traductor. Fuente: BN campo Título y Valor.
"Monteiro, Maria Conceição",No hay datos,http://viaf.org/viaf/243565780,Viagem ao fim do dia : poemas e contos / Maria Conceição Monteiro,por,Portugués,9789974858947,Montevideo,Zona Editorial,2017,"Giucci, Guillermo",Es edición bilingüe./ Fuente del dato Ciudad no oficial./ Se añadió dato traductor. Fuente: catálogo de la Biblioteca del Poder Legislativo. 
"Bradamante, Paola",No hay datos,http://viaf.org/viaf/265411579,Transformación y otros cuentos / Paola Bradamante,ita,Italiano,9789974730526,No hay datos,I Libri,2017,No hay datos,No hay datos
"Niven, Jennifer",No hay datos,http://viaf.org/viaf/61728323,Aquí empieza todo / Jenifer Niven; traducción de Liwayway Alonso Mendoza,eng,Inglés,9789974764299,Montevideo,Cross Books,2017,"Alonso Mendoza, Liwayway","Se añadió dato traductor. Fuente: BN campo Título. 
"
"Hjorth, Michael",No hay datos,http://viaf.org/viaf/250684618,"Crímenes duplicados / Michael Hjorth, Hans Rosenfeldt ; traducción Claudia Conde",Sueco,Sueco,9789974880412,Montevideo,Planeta,2017,"Conde, Claudia","Se rectificó lengua fuente de alemán a sueco./ Se añadió dato traductor. Fuente: BN campo Título y catálogo de la Biblioteca del Poder Legislativo.

"
"Nemirovsky, Irene",No hay datos,http://viaf.org/viaf/66484425,Jezabel / Irène Némirovsky ; traducción y prólogo de Rosario Peyrou,fre,Francés,978997411034,Montevideo,Ediciones de Banda Oriental,2017,"Peyrou, Rosario","Se rectificó lengua fuente de ruso a francés./ Se añadió dato traductor. Fuente: BN campo Título. 
"
"Chekhov, Anton Pavlovich","Chejov, Anton Pavlovich",http://viaf.org/viaf/95216565,Una apuesta : y otros cuentos / Antón Chejov ; prólogo de Jorge Albistur,rus,Ruso,9789974109971,Montevideo,Ediciones de Banda Oriental,2017,No hay datos,Es antología. 
"Brecht, Bertolt",No hay datos,http://viaf.org/viaf/2467372,Poesías : 1973 / Bertolt Brecht ; selección y traducción José María Valverde,ger,Alemán,9789974110038,Montevideo,Casa Bertolt Brecht|El Galpón,2017,"Valverde, José María",Es antología./ Se añadió dato traductor. Fuente: BN campo Título y catálogo de la Biblioteca del Poder Legislativo.
"Daldorph, Brian",No hay datos,http://viaf.org/viaf/58699573,Edad de Hielo - Ice Age / Brian Daldorph,eng,Inglés,9789974722200,Montevideo,Irrupciones,2017,"Chalar, Laura",Se añadió dato traductor. Fuente: catálogo de la Biblioteca del Poder Legislativo.
"Agualusa, José Eduardo",No hay datos,http://viaf.org/viaf/4978257,"Teoría del olvido / José Eduardo Agualusa; traducción, Claudia Solans",por,Portugués,9789974110427,Montevideo,Ediciones de Banda Oriental,2017,"Solans, Claudia",Se añadió dato traductor. Fuente: BN campo Título y catálogo de la Biblioteca del Poder Legislativo.
"Albertalli, Becky",No hay datos,http://viaf.org/viaf/309821961,Yo soy Simón / Becky Albertalli,eng,Inglés,9789974866904,Montevideo,Urano,2018,No hay datos,No hay datos
"Hammett, Dashiell",No hay datos,http://viaf.org/viaf/73854531,El halcón maltés / Dashiell Hammett ; prólogo Milton Fornaro,eng,Inglés,No hay datos,Montevideo,Ediciones de Banda Oriental,2018,No hay datos,No hay datos
"Dicker, Joël",No hay datos,http://viaf.org/viaf/221099622,La desaparición de Stephanie Mailer / Jöel Dicker,fre,Francés,9789974888876,Montevideo,Alfaguara,2018,No hay datos,Se rectificó lengua fuente de alemán a francés.
"Gilbert, Elizabeth",No hay datos,http://viaf.org/viaf/7713013,"Come, reza, ama / Gilbert, Elizabeth ; traducción Gabriela Bustelo",eng,Inglés,9789974723704,Montevideo,Debolsillo,2018,"Bustelo, Gabriela",Se recuperó lengua fuente (inglés). / Se añadió dato traductor. Fuente: BN campo Título.
"Wilde, Oscar",No hay datos,http://viaf.org/viaf/34464414,El fantasma de Canterville / Oscar Wilde,eng,Inglés,9789974110625,Montevideo,Ediciones de Banda Oriental,2018,No hay datos,No hay datos
"Parker, Dorothy",No hay datos,http://viaf.org/viaf/7395211,Una imagen perfecta / Dorothy Parker; prólogo de Rosario Peyrou; traducción de Pilar Puig,eng,Inglés,9789974110571,Montevideo,Ediciones de Banda Oriental,2018,"Puig, Pilar",Se añadió dato traductor. Fuente: BN campo Título.
"King, Stephen",No hay datos,http://viaf.org/viaf/97113511,El visitante / Stephen King; traducción de Carlos Milla Soler,eng,Inglés,9789974892794,Montevideo,Plaza & Janés,2018,"Milla Soler, Carlos",Se añadió dato traductor. Fuente: BN campo Título.
"Christie, Agatha",No hay datos,http://viaf.org/viaf/71388952,Asesinato en el Orient Express,eng,Inglés,9789974880511,Montevideo,Planeta,2018,"De Boladeres, Guillermo","Se añadió dato traductor. Fuente: catálogo de la Biblioteca del Poder Legislativo.
"
"Christie, Agatha",No hay datos,http://viaf.org/viaf/71388952,Diez negritos,eng,Inglés,9789974880528,Montevideo,Planeta,2018,"Llorens, Orestes","Se añadió dato traductor. Fuente: catálogo de la Biblioteca del Poder Legislativo.
"
"Christie, Agatha",No hay datos,http://viaf.org/viaf/71388952,Cianuro espumoso,eng,Inglés,97899780535,Montevideo,Planeta,2018,"López Hipkiss, Guillermo","Se añadió dato traductor. Fuente: catálogo de la Biblioteca del Poder Legislativo.
"
"Christie, Agatha",No hay datos,http://viaf.org/viaf/71388952,Muerte en el Nilo,eng,Inglés,9789974880542,Montevideo,Planeta,2018,"Grancho, Horacio","Se añadió dato traductor. Fuente: catálogo de la Biblioteca del Poder Legislativo.
"
"Christie, Agatha",No hay datos,http://viaf.org/viaf/71388952,El asesinato de Roger Ackroyd,eng,Inglés,9789974880559,Montevideo,Planeta,2018,"Bermard de Ferrer, G.","Se añadió dato traductor. Fuente: catálogo de la Biblioteca del Poder Legislativo.
"
"Christie, Agatha",No hay datos,http://viaf.org/viaf/71388952,Un cadáver en la biblioteca,eng,Inglés,9789974880566,Montevideo,Planeta,2018,"López Hipkiss, Guillermo","Se añadió dato traductor. Fuente: catálogo de la Biblioteca del Poder Legislativo.
"
"Christie, Agatha",No hay datos,http://viaf.org/viaf/71388952,El tren de las 4:50,eng,Inglés,9789974880573,Montevideo,Planeta,2018,"De Boladeres, Guillermo","Se añadió dato traductor. Fuente: catálogo de la Biblioteca del Poder Legislativo.
"
"Christie, Agatha",No hay datos,http://viaf.org/viaf/71388952,Muerte bajo el sol,eng,Inglés,9789974880580,Montevideo,Planeta,2018,E. M. A.,"Se añadió dato traductor. Fuente: catálogo de la Biblioteca del Poder Legislativo.
"
"Christie, Agatha",No hay datos,http://viaf.org/viaf/71388952,Los elefantes pueden recordar,eng,Inglés,9789974880597,Montevideo,Planeta,2018,"Margalef Llambrich, Ramón","Se añadió dato traductor. Fuente: catálogo de la Biblioteca del Poder Legislativo.
"
"Christie, Agatha",No hay datos,http://viaf.org/viaf/71388952,Muerte en la vicaría,eng,Inglés,9789974880603,Montevideo,Planeta,2018,"Paytuví de Sierra, Carlos","Se añadió dato traductor. Fuente: catálogo de la Biblioteca del Poder Legislativo.
"
"Christie, Agatha",No hay datos,http://viaf.org/viaf/71388952,Asesinato en Mesopotamia,eng,Inglés,9789974880610,Montevideo,Planeta,2018,"Soler Crespo, A.","Se añadió dato traductor. Fuente: catálogo de la Biblioteca del Poder Legislativo.
"
"Christie, Agatha",No hay datos,http://viaf.org/viaf/71388952,Cinco cerditos,eng,Inglés,9789974880627,Montevideo,Planeta,2018,"López Hipkiss, Guillermo","Se añadió dato traductor. Fuente: catálogo de la Biblioteca del Poder Legislativo.
"
"Christie, Agatha",No hay datos,http://viaf.org/viaf/71388952,Cita con la muerte,eng,Inglés,9789974880634,Montevideo,Planeta,2018,J. M. F.,"Se añadió dato traductor. Fuente: catálogo de la Biblioteca del Poder Legislativo.
"
"Christie, Agatha",No hay datos,http://viaf.org/viaf/71388952,El espejo roto,eng,Inglés,9789974880641,Montevideo,Planeta,2018,"Raich de Ullán, María Dolores","Se añadió dato traductor. Fuente: catálogo de la Biblioteca del Poder Legislativo.
"
"Christie, Agatha",No hay datos,http://viaf.org/viaf/71388952,Trayectoria de boomerang,eng,Inglés,9789974880658,Montevideo,Planeta,2018,"Vallvé, Manuel","Se añadió dato traductor. Fuente: catálogo de la Biblioteca del Poder Legislativo.
"
"Cavallo, Francesca",No hay datos,http://viaf.org/viaf/316562830,Cuentos de buenas noches para niñas rebeldes 2,ita,Italiano,9789974880801,Montevideo,Planeta,2018,"Romero Saldaña, Graciela","Se añadió dato traductor. Fuente: catálogo de la Biblioteca del Poder Legislativo.
"
"Dostoievski, Fedor Mijailovich","Dostoyevsky, Fyodor",http://viaf.org/viaf/104023256,La dulce : y otros relatos,rus,Ruso,9789974110663,Montevideo,Ediciones de Banda Oriental,2018,No hay datos,Se recuperó lengua fuente (ruso).
"Ramos, Graciliano",No hay datos,http://viaf.org/viaf/66485924,Vidas secas,por,Portugués,9789974110526,Montevideo,Ediciones de Banda Oriental,2018,"Rocca, Pablo","Solamente el prólogo es traducido por Pablo Rocca. Fuente: catálogo de la Biblioteca del Poder Legislativo.
"
"Lavender, Bill",No hay datos,http://viaf.org/viaf/9205299,Surrealism = Surrealismo,eng,Inglés,9789974890060,Montevideo,Yaugurú,2018,"Thompson, Peter","Se añadió dato traductor. Fuente: catálogo de la Biblioteca del Poder Legislativo.
"
"Coelho, Paulo",No hay datos,http://viaf.org/viaf/52700,Hippie,por,Portugués,9789974892156,Montevideo,Grijalbo,2018,"Obon, Pilar","Se añadió dato traductor. Fuente: catálogo de la Biblioteca del Poder Legislativo.
"
"King, Stephen",No hay datos,http://viaf.org/viaf/97113511,Todo es eventual,eng,Inglés,9789974892613,Montevideo,Sudamericana,2018,"Blanch Tyroller, Bettina","Se añadió dato traductor. Fuente: catálogo de la Biblioteca del Poder Legislativo.
"
"Pessoa, Fernando",No hay datos,http://viaf.org/viaf/126144814444407525004,Aforismos de Bernardo Soares,por,Portugués,9789974867246,Montevideo,Solazul,2018,"Techeira, Diego","Se añadió dato traductor. Fuente: catálogo de la Biblioteca del Poder Legislativo./ Fuente del dato Ciudad no oficial
"
"Pessoa, Fernando",No hay datos,http://viaf.org/viaf/126144814444407525004,Aforismos,por,Portugués,9789974867239,Montevideo,Solazul,2018,"Techeira, Diego","Se añadió dato traductor. Fuente: catálogo de la Biblioteca del Poder Legislativo./ Fuente del dato Ciudad no oficial
"
"King, Stephen",No hay datos,http://viaf.org/viaf/97113511,Doctor sueño,eng,Inglés,9789974892606,Montevideo,Sudamericana,2018,"Hernández Sendín, José Óscar","Se añadió dato traductor. Fuente: catálogo de la Biblioteca del Poder Legislativo.
"
"Babel, Isaak",No hay datos,http://viaf.org/viaf/9842443,Caballería roja : selección de relatos,rus,Ruso,9789974110878,Montevideo,Ediciones de Banda Oriental,2018,No hay datos,Es antología./ Se recuperó lengua fuente (ruso).
"King, Stephen",No hay datos,http://viaf.org/viaf/97113511,Carretera maldita,eng,Inglés,9789974892675,Montevideo,Sudamericana,2018,No hay datos,No hay datos
"Grisham, John",No hay datos,http://viaf.org/viaf/7449742,La gran estafa,eng,Inglés,9789974892545,Montevideo,Plaza & Janés,2018,"Barruetabeña Diez, Ma. del Puerto","Se añadió dato traductor. Fuente: catálogo de la Biblioteca del Poder Legislativo.
"
"Maupassant, Guy de",No hay datos,http://viaf.org/viaf/29537765,La madre salvaje : y otros relatos,fre,Francés,9789974110953,Montevideo,Ediciones de Banda Oriental,2018,"Percovich, Alfredo","Se añadió dato traductor. Fuente: catálogo de la Biblioteca del Poder Legislativo.
"
"Katzenbach, John",No hay datos,http://viaf.org/viaf/86864908,El Psicoanalista,eng,Inglés,9789974718890,Montevideo,B de bolsillo,2018,No hay datos,No hay datos
"Alves, Antonio De Castro",No hay datos,http://viaf.org/viaf/32032359,El Navío Negrero,por,Portugués,9789974860759,No hay datos,Solazul,2018,"Techeira, Diego","Se añadió dato traductor. Fuente: catálogo de la Biblioteca del Poder Legislativo.
"
"Estes, Clarissa Pinkola",No hay datos,http://viaf.org/viaf/84024617,Mujeres que corren con los lobos,eng,Inglés,9789974718876,Montevideo,Ediciones B,2018,No hay datos,No hay datos
"Sigurbjörnsson, Börkur",No hay datos,http://viaf.org/viaf/217152138625010981316,52 Momentos : microrrelatos,ice,Islandés,9789935933775,Montevideo,Urban Volcano,2018,No hay datos,Se recuperó lengua fuente (islandés)./ Se trataría de autotraducción./ Fuente del dato Ciudad no oficial
Colette,No hay datos,http://viaf.org/viaf/68937443,Dúo,fre,Francés,9789974879614,Montevideo,Faro,2018,"Cabrera, Leonardo","Se añadió dato traductor. Fuente: catálogo de la Biblioteca del Poder Legislativo.
"
"Prates, Lubi",No hay datos,http://viaf.org/viaf/18155409624408740660,Sin país = Sem país,por,Portugués,9789974628472,Montevideo,AG ediciones,2018,"Miranda, Sheyla","Se añadió dato traductor. Fuente: catálogo de la Biblioteca del Poder Legislativo.
"
"Muntane, Miquel-Lluís",No hay datos,http://viaf.org/viaf/38168325,Aves de otoño,cat,Catalán,9789974628533,Montevideo,AG ediciones,2018,"García-Lorente, Antonio","Se rectificó lengua fuente de francés a catalán./ Se añadió dato traductor. Fuente: catálogo de la Biblioteca del Poder Legislativo.
"
"Burghardt, Tobías",No hay datos,http://viaf.org/viaf/2776059,Testamento del taxista = Testament des taxifahrers,ger,Alemán,9789974628465,Montevideo,AG ediciones,2018,No hay datos,Fuente del dato Ciudad no oficial.
"King, Stephen",No hay datos,http://viaf.org/viaf/97113511,La chica que amaba a Tom Gordon / Stephen King; traducción de Eduardo G. Murillo,eng,Inglés,9789974892644,Montevideo,Sudamericana,2018,"Murillo, Eduardo G.","Se añadió dato traductor. Fuente: BN campo Título y catálogo de la Biblioteca del Poder Legislativo.
"
"Camus, Albert",No hay datos,http://viaf.org/viaf/97000332,El extranjero / Albert Camus,fre,Francés,9789974863033,Montevideo,Faro,2018,No hay datos,No hay datos
"Thilliez, Franck",No hay datos,http://viaf.org/viaf/79185120,Sharko / Franck Thilliez ; traducción de Josep M. Pinto,fre,Francés,9789974891593,Montevideo,Planeta,2018,"Pinto, Josep M.",Se añadió dato traductor. Fuente: BN campo Título y catálogo de la Biblioteca del Poder Legislativo.
"d'Eramo, Luce",No hay datos,http://viaf.org/viaf/66465714,Desviación / Luce d'Eramo ; prólogo de Nadia Fusini ; traducción del italiano por Isabel González-Gallarza,ita,Italiano,9789974880467,Montevideo,Seix Barral,2018,"González-Gallarza, Isabel",Se añadió dato traductor. Fuente: BN campo Título.
"King, Stephen",No hay datos,http://viaf.org/viaf/97113511,Revival / Stephen King; traducción Carlos Milla Soler,eng,Inglés,9789974892620,Montevideo,Sudamericana,2018,"Milla Soler, Carlos",Se añadió dato traductor. Fuente: BN campo Título y catálogo de la Biblioteca del Poder Legislativo.
"McCoy, Horace",No hay datos,http://viaf.org/viaf/76319269,¿Acaso no matan a los Caballos? / Horace McCoy ; prólogo Milton Fornaro,eng,Inglés,9789974111158,Montevideo,Ediciones de Banda Oriental,2018,No hay datos,No hay datos
"Favilli, Elena",No hay datos,http://viaf.org/viaf/201149066412365601099,Cuentos de buenas noches para niñas rebeldes : 100 historias de mujeres extraordinarias / Elena Favilli y Francesca Cavallo,ita,Italiano,9789974880498,Montevideo,Planeta,2018,"Molinario Tato, Adriadna",Se recuperó lengua fuente (italiano)./ Se añadió dato traductor. Fuente: catálogo de la Biblioteca del Poder Legislativo.
"King, Stephen",No hay datos,http://viaf.org/viaf/97113511,El resplandor / Stephen King; traducción de Marta L. Guastavino,eng,Inglés,9789974892590,Montevideo,Sudamericana,2018,"Guastavino, Marta L. ",Se añadió dato traductor. Fuente: BN campo Título y catálogo de la Biblioteca del Poder Legislativo.
"Finn, A.J.","Mallory, Daniel",http://viaf.org/viaf/374149196337074790096,La mujer en la ventana / A.J. Finn ; traducción de Anuvela,eng,Inglés,9789974888067,Montevideo,Grijalbo,2018,ANUVELA,Se añadió dato traductor. Fuente: BN campo Título y catálogo de la Biblioteca del Poder Legislativo./ Traducido por el colectivo de mujeres Anuvela
Hotaru,No hay datos,http://viaf.org/viaf/1884828,Ecos / Hotaru ; traducción Pilar Puig,jpn,Japonés,9789974860742,Montevideo,Solazul,2018,"Puig, Pilar",Se añadió dato traductor. Fuente: BN campo Título.
"García Schlee, Aldyr",No hay datos,http://viaf.org/viaf/205151068,Los límites de los imposible : cuentos Gardelianos / Aldyr García Schlee; traducción Rosario Peyrou; prólogo de Milton Fornaro,por,Portugués,9789974110922,Montevideo,Ediciones de Banda Oriental,2018,"Peyrou, Rosario",Se añadió dato traductor. Fuente: BN campo Título y Valor.
"King, Stephen",No hay datos,http://viaf.org/viaf/97113511,Cell / Stephen King ; traducción de Bettina Blanch Tyroller,eng,Inglés,9789974892651,Montevideo,Sudamericana,2018,"Blanch Tyroller, Bettina",Se añadió dato traductor. Fuente: BN campo Título. 
"Buyert, Arlin",No hay datos,http://viaf.org/viaf/295397908,Alambre de púa / Arlin Buyert ; traducción Laura Chalar,eng,Inglés,978997474722279,Montevideo,Irrupciones,2018,"Chalar, Laura",Se añadió dato traductor. Fuente: BN campo Título y catálogo de la Biblioteca del Poder Legislativo.
"Katzenbach, John",No hay datos,http://viaf.org/viaf/86864908,Jaque al psicoanalista / John Katzenbach,eng,Inglés,9789974895003,Montevideo,Ediciones B,2018,"Paredes, Laura",Se añadió dato traductor. Fuente: catálogo de la Biblioteca del Poder Legislativo.
"Lozano, Héctor",No hay datos,http://viaf.org/viaf/87444826,Cuando fuimos peripatéticos : la novela de Merlí / Héctor Lozano; traducción de Josep Escarré,cat,Catalán,9789974891135,Montevideo,Planeta,2018,"Escarré, Josep",Se añadió dato traductor. Fuente: BN campo Título. 
"Maloney, Miranda M.",No hay datos,http://viaf.org/viaf/9265160667936203560005,Las cartas perdidas de Mileva = The lost letters of Mileva / M. Miranda Maloney; traducción de Laura Cesarco Eglin,eng,Inglés,9789974890510,Montevideo,Yaugurú,2019,"Cesarco Eglin, Laura",Se añadió dato traductor. Fuente: BN campo Título y Valor.
"Roberts, Nora","Aufdem-Brinke, Eleanor",http://viaf.org/viaf/66448023,Un lugar donde esconderse / Nora Roberts ; traducción de Ana Isabel Sánchez,eng,Inglés,9789974899247,Montevideo,Plaza & Janés,2019,"Sánchez, Ana Isabel",Se añadió dato traductor. Fuente: BN campo Título. 
"Goodis, David",No hay datos,http://viaf.org/viaf/49226261,Viernes 13 / David Goodis; prólogo de Milton Fornaro,eng,Inglés,9789974111257,Montevideo,Ediciones de Banda Oriental,2019,No hay datos,No hay datos
"King, Stephen",No hay datos,http://viaf.org/viaf/97113511,Carretera maldita / Stephen King,eng,Inglés,9789974892675,Montevideo,Sudamericana,2019,No hay datos,No hay datos
"Lawrence, David Herbert",No hay datos,http://viaf.org/viaf/95150359,La mujer que se fue a caballo : y El hombre que murió / D. H. Lawrence,eng,Inglés,9789974111103,Montevideo,Ediciones de Banda Oriental,2019,No hay datos,No hay datos
"Murakami, Haruki",No hay datos,http://viaf.org/viaf/108238901,La muerte del comendador / Haruki Murakami; traducción del japonés de Fernando Cordobés y de Yoko Ogihara,jpn,Japonés,9789974891883,Montevideo,Tusquets,2019,"Cordobés, Fernando|Ogihara, Yoko",Se añadió dato traductor. Fuente: BN campo Título. 
"Toole, John Kennedy",No hay datos,http://viaf.org/viaf/71398405,La biblia de neón / John Kennedy Toole,eng,Inglés,9789974111424,Montevideo,Ediciones de Banda Oriental,2019,No hay datos,No hay datos
"Mead, Richelle",No hay datos,http://viaf.org/viaf/96947977,"Vampire Academy / Richelle Mead ; traducción de José Miguel Pallares, María Jesús Sánchez",eng,Inglés,9789974958142,Montevideo,Alfaguara,2019,"Pallares, José Miguel|Sánchez, María Jesús",Se añadió dato traductor. Fuente: BN campo Título. 
"Burgess, Anthony",No hay datos,http://viaf.org/viaf/71388189,La naranja mecánica / Anthony Burgess ; traducción de Aníbal Leal,eng,Inglés,9789974898103,Montevideo,Planeta,2019,"Leal, Aníbal",Se añadió dato traductor. Fuente: BN campo Título.
"Berlin, Lucia",No hay datos,http://viaf.org/viaf/39430413,"Bienvenida a casa : apuntes biográficos, fotografías y cartas escogidas / Lucía Berlin",eng,Inglés,9789974903340,Montevideo,Alfaguara,2019,"Vázquez Nacarino, Eugenia","Se añadió dato traductor. Fuente: catálogo de la Biblioteca del Poder Legislativo.
"
"Cleveland, Karen",No hay datos,http://viaf.org/viaf/9151049932433410051,La gran mentira / Karen Cleveland; traducción de María José Díez Pérez,eng,Inglés,9879974898837,Montevideo,Planeta,2019,"Díez Pérez, María José",Se añadió dato traductor. Fuente: BN campo Título.
No hay datos,No hay datos,No hay datos,Cuentos de la serie negra / James M. Cain; Selección y prólogo de Milton Fornaro,eng,Inglés,9789974111592,Montevideo,Ediciones de Banda Oriental,2019,No hay datos,Es antología. 
"Pinkola Estés, Clarissa",No hay datos,http://viaf.org/viaf/84024617,Mujeres que corren con los lobos / Clarissa Pinkola Estés,eng,Inglés,9789974718876,Montevideo,Ediciones B,2019,No hay datos,No hay datos
"Nadal, Rafel",No hay datos,http://viaf.org/viaf/170985949,El hijo del italiano / Rafel Nadal; traducción de Josep Escarré,cat,Catalán,9789974898844,Montevideo,Planeta,2019,"Escarré, Josep","Se añadió dato traductor. Fuente: BN campo Título y Valor.
"
"Bradbury, Ray",No hay datos,http://viaf.org/viaf/12305881,Crónicas Marcianas / Ray Bradbury; prólogo de Jorge Luis Borges; traducción de Francisco Abelenda,eng,Inglés,9789974880160,Montevideo,Planeta,2019,"Abelenda, Francisco","Se añadió dato traductor. Fuente: BN campo Título.
"
"Pose Díaz, Guillermina",No hay datos,http://viaf.org/viaf/23159610204640540242,Laberintos de carne = Flesh maze / Guillermina Pose Díaz,eng,Inglés,9789974890572,Montevideo,Yaugurú,2019,No hay datos,No hay datos
"King, Stephen",No hay datos,http://viaf.org/viaf/97113511,El juego de Gerald,eng,Inglés,9789974892705,Montevideo,Sudamericana,2019,"Vidal, María","Se añadió dato traductor. Fuente: catálogo de la Biblioteca del Poder Legislativo./ Fuente del dato Ciudad no oficial
"
"Berlin, Lucia",No hay datos,http://viaf.org/viaf/39430413,Una noche el paraíso,eng,Inglés,9789974892897,Montevideo,Alfaguara,2019,"Vázquez Nacarino, Eugenia","Se añadió dato traductor. Fuente: catálogo de la Biblioteca del Poder Legislativo.
"
"Tranströmer, Tomas",No hay datos,http://viaf.org/viaf/84082847,Bálticos : poema : 1974 = Östersjöar : dikt : 1974,Sueco,Sueco,9789974871434,No hay datos,Solazul,2019,"Mascaró, Roberto","Se rectificó lengua fuente de alemán a sueco./ Se añadió dato traductor. Fuente: catálogo de la Biblioteca del Poder Legislativo.
"
"Auster, Paul",No hay datos,http://viaf.org/viaf/110344312,La trilogía de Nueva York,eng,Inglés,9789974907102,Montevideo,Seix Barral,2019,"De Juan, Maribel","Se añadió dato traductor. Fuente: catálogo de la Biblioteca del Poder Legislativo.
"
"Kavafis, Konstantinos",No hay datos,http://viaf.org/viaf/29535936,Tanto como puedas,gre,Griego,No hay datos,No hay datos,Solazul,2019,"Maia, Circe","Se recuperó lengua fuente (griego)./ Se añadió dato traductor. Fuente: catálogo de la Biblioteca del Poder Legislativo.
"
"Hjorth, Michael",No hay datos,http://viaf.org/viaf/250684618,Secretos imperfectos,Sueco,Sueco,9789974907133,Montevideo,Planeta,2019,"Conde, Claudia","Se rectifició lengua fuente de alemán a sueco./ Se añadió dato traductor. Fuente: catálogo de la Biblioteca del Poder Legislativo.
"
"Steel, Danielle",No hay datos,http://viaf.org/viaf/100238676,El fantasma,eng,Inglés,9789563254518,Montevideo,Debolsillo,2019,"Fernández de Villavicencio, Matuca","Se añadió dato traductor. Fuente: catálogo de la Biblioteca del Poder Legislativo.
"
"Brown, Dan",No hay datos,http://viaf.org/viaf/102403515,Origen / Dan Brown; traducción de Aleix Montoto y Claudia Conde,eng,Inglés,9789974907126,Montevideo,Planeta,2019,"Montoto, Aleix|Conde, Claudia",Se añadió dato traductor. Fuente: BN campo Título y Valor y catálogo de la Biblioteca del Poder Legislativo.
"King, Stephen",No hay datos,http://viaf.org/viaf/97113511,Buick 8 / Stephen King ; traducción de Jofre Homedes Beutnagel,eng,Inglés,9789974892668,Montevideo,Sudamericana,2019,"Homedes Beutnagel, Jofre",Se añadió dato traductor. Fuente: BN campo Título y catálogo de la Biblioteca del Poder Legislativo.
"King, Stephen",No hay datos,http://viaf.org/viaf/97113511,Mr. Mercedes / Stephen King ; traducción de Carlos Milla Soler,eng,Inglés,9789974892682,Montevideo,Sudamericana,2019,"Milla Soler, Carlos",Se añadió dato traductor. Fuente: BN campo Título y catálogo de la Biblioteca del Poder Legislativo.
"Voltaire, Francois Marie Arouet de","Arouet, François-Marie",http://viaf.org/viaf/36925746,Cándido / Voltaire,fre,Francés,9789974111080,Montevideo,Ediciones de Banda Oriental,2019,No hay datos,No hay datos
"Hirs, Rozalie",No hay datos,http://viaf.org/viaf/7114149068505165730007,Ahora es una rosa / Rozalie Hirs; traducción Diego Puls,dut,Neerlandés,9789974890374,Montevideo,Yaugurú,2019,"Puls, Diego",Se recuperó lengua fuente (neerlandés)./ Se añadió dato traductor. Fuente: BN campo “Título” 
"Morton, Kate",No hay datos,http://viaf.org/viaf/32308361,La hija del relojero / Kate Morton; Traducción de Máximo Sáez,eng,Inglés,9789974892552,Montevideo,Suma de Letras,2019,"Sáez, Máximo",Se añadió dato traductor. Fuente: BN campo Título y catálogo de la Biblioteca del Poder Legislativo.
"King, Stephen",No hay datos,http://viaf.org/viaf/97113511,Cujo / Stephen King; traducción María Antonia Menini,eng,Inglés,9789974892712,Montevideo,Sudamericana,2019,"Menini, María Antonia",Se añadió dato traductor. Fuente: BN campo Título y catálogo de la Biblioteca del Poder Legislativo.
"King, Stephen",No hay datos,http://viaf.org/viaf/97113511,El fugitivo / Stephen King; traducción de Hernán Sabaté,eng,Inglés,9789974892699,Montevideo,Sudamericana,2019,"Sabaté, Hernán",Se añadió dato traductor. Fuente: BN campo Título y catálogo de la Biblioteca del Poder Legislativo.
"King, Stephen",No hay datos,http://viaf.org/viaf/97113511,El ciclo del hombre lobo / Stephen King; traducción de Joaquín María Adsuar Ortega,eng,Inglés,9789974892729,Montevideo,Sudamericana,2019,"Adsuar Ortega, Joaquín María",Se añadió dato traductor. Fuente: BN campo Título y catálogo de la Biblioteca del Poder Legislativo.
"King, Stephen",No hay datos,http://viaf.org/viaf/97113511,Cementerio de animales / Stephen King; traducción de Ana María de la Fuente,eng,Inglés,9789974892736,Montevideo,Sudamericana,2019,"De la Fuente, Ana María",Se añadió dato traductor. Fuente: BN campo Título y catálogo de la Biblioteca del Poder Legislativo.
"Purnell, Sonia",No hay datos,http://viaf.org/viaf/231045835,Una mujer sin importancia / Sonia Purnell,eng,Inglés,9789915654959,Montevideo,Planeta,2020,No hay datos,No hay datos
"Bradbury, Ray",No hay datos,http://viaf.org/viaf/12305881,El hombre ilustrado / Ray Bradbury ; traducción de Francisco Abelenda,eng,Inglés,9789974746992,Montevideo,Planeta,2020,"Abelenda, Francisco",Se añadió dato traductor. Fuente: BN campo Título.
"Nemirovsky, Irene",No hay datos,http://viaf.org/viaf/66484425,Los bienes de este mundo / Irène Némirovsky ; traducción y prólogo de Rosario Peyrou,fre,Francés,9789974112148,Montevideo,Ediciones de Banda Oriental,2020,"Peyrou, Rosario",Se rectificó lengua fuente de ruso a francés./ Se añadió dato traductor. Fuente: BN campo Título.
"Tevis, Walter",No hay datos,http://viaf.org/viaf/100269675,Gambito de dama / Walter Tevis ; traducción del inglés de Rafael Marín,eng,Inglés,9789915652764,Montevideo,Alfaguara,2020,"Marín, Rafael",Se añadió dato traductor. Fuente: BN campo Título.
"Bierce, Ambrose",No hay datos,http://viaf.org/viaf/232144783035948358100,El club de los parricidas : y otros cuentos / Ambrose Bierce ; prólogo de Milton Fornaro,eng,Inglés,9789974412162,Montevideo,Ediciones de Banda Oriental,2020,No hay datos,Fuente del dato Año no oficial.
"Dumas, Alexandre",No hay datos,http://viaf.org/viaf/51688902,"Una nueva troya : (ediciones facsimilares en francés y en español de 1850 - refutación a la obra de El Defensor de la Independencia Americana, 1850-51) / Alejandro Dumas; edición y prólogo Pablo Rocca; estudios de Ana Inés Rodríguez, Jimena Torres; epílogo de Alma Bolón",fre,Francés,9789974905078,Montevideo,Linardi y Risso,2020,No hay datos,No hay datos
"Saint-Exupéry, Antoine de",No hay datos,http://viaf.org/viaf/93810507,El Principito / Antoine de Saint-Exupéry,fre,Francés,9789974729629,Montevideo,Emecé,2020,No hay datos,No hay datos
"D'Andrea, Luca",No hay datos,http://viaf.org/viaf/16147869534774980981,La muerte de Erika Knapp / Luca D'Andrea ; traducción del italiano de Xavier González Rovira,ita,Italiano,9789915652436,Montevideo,Alfaguara,2020,"González Rovira, Xavier",Se añadió dato traductor. Fuente: BN campo Título.
"Ferrante, Elena",No hay datos,http://viaf.org/viaf/32103009,La vida mentirosa de los adultos / Elena Ferrante ; traducción Celia Filipetto,ita,Italiano,9789915652283,Montevideo,Lumen,2020,"Filipetto, Celia",Se añadió dato traductor. Fuente: BN campo Título.
"Springora, Vanessa",No hay datos,http://viaf.org/viaf/5662158127391215150000,El consentimiento / Vanessa Springora; traducción de Noemí Sobregués,fre,Francés,9789915652290,Montevideo,Penguin Random House,2020,"Sobregués, Noemí",Se añadió dato traductor. Fuente: BN campo Título.
"Camilleri, Andrea",No hay datos,http://viaf.org/viaf/68987008,El rey campesino / Andrea Camilleri,ita,Italiano,978915654621,Montevideo,Destino,2020,No hay datos,No hay datos
"Manfredi, Valerio Massimo",No hay datos,http://viaf.org/viaf/49228551,Antica Madre / Valerio Massimo Manfredi ; traducción de José Ramón Monreal,ita,Italiano,9789915652412,Montevideo,Grijalbo,2020,"Monreal, José Ramón",Se añadió dato traductor. Fuente: BN campo Título.
"Wilde, Oscar",No hay datos,http://viaf.org/viaf/34464414,El fantasma de Canterville / Oscar Wilde,eng,Inglés,9789974110625,Montevideo,Ediciones de Banda Oriental,2020,No hay datos,No hay datos
"Steel, Danielle",No hay datos,http://viaf.org/viaf/100238676,El fantasma / Danielle Steel ; traducción de Matuca Fernández de Villavicencio,eng,Inglés,9789563254518,Montevideo,Debolsillo,2020,"Fernández de Villavicencio, Matuca",Se añadió dato traductor. Fuente: BN campo Título. 
"Bradbury, Ray",No hay datos,http://viaf.org/viaf/12305881,Fahrenheit 451 / Ray Bradbury,eng,Inglés,9789915654454,Montevideo,Planeta,2020,"Abelenda, Francisco",Se añadió dato traductor. Fuente: BN campo Valor.
"Dicker, Joël",No hay datos,http://viaf.org/viaf/221099622,"El enigma de la habitación 622 / Jöel Dicker; traducción María Teresa Gallego Urrutia, Amaya García Gallego",fre,Francés,9789974903913,Montevideo,Penguin Random House,2020,"Gallego Urrutia, María Teresa|García Gallego, Amaya",Se rectificó lengua fuente de alemán a francés./ Se añadió dato traductor. Fuente: BN campo Título y Valor.
"Steel, Danielle",No hay datos,http://viaf.org/viaf/100238676,Volver a vivir / Danielle Steel ; María del Puerto Barruetabeña Diez,eng,Inglés,9789974903937,Montevideo,Penguin Random House,2020,"Barruetabeña Diez, María del Puerto",Se añadió dato traductor. Fuente: BN campo Título y Valor.
"Steel, Danielle",No hay datos,http://viaf.org/viaf/100238676,El apartamento / Danielle Steel ; traducción de Laura Rins Calahorra,eng,Inglés,9789563254402,Montevideo,Debolsillo,2020,"Rins Calahorra, Laura",Se añadió dato traductor. Fuente: BN campo Título. 
"Steel, Danielle",No hay datos,http://viaf.org/viaf/100238676,Hotel Vendôme / Danielle Steel ; traducción de Laura Rins Calahorra,eng,Inglés,9789563254426,Montevideo,Debolsillo,2020,"Rins Calahorra, Laura",Se añadió dato traductor. Fuente: BN campo Título. 
"See, Lisa",No hay datos,http://viaf.org/viaf/85633607,La isla de las mujeres del mar / Lisa See ; traducción del inglés de Gemma Rovira Ortega,eng,Inglés,9789974903722,Montevideo,Penguin Random House|Salamandra,2020,"Rovira Ortega, Gemma",Se añadió dato traductor. Fuente: BN campo Título. 
"Steel, Danielle",No hay datos,http://viaf.org/viaf/100238676,Fuerzas irresistibles,eng,Inglés,9789563254464,Montevideo,Debolsillo,2020,"Murillo Fort, Luis","Se añadió dato traductor. Fuente: catálogo de la Biblioteca del Poder Legislativo.
"
"Saint-Exupéry, Antoine de",No hay datos,http://viaf.org/viaf/93810507,El Principito,fre,Francés,9789974877009,Montevideo,SA ediciones,2020,No hay datos,No hay datos
"Steel, Danielle",No hay datos,http://viaf.org/viaf/100238676,Una herencia misteriosa,eng,Inglés,9789563254372,Montevideo,Debolsillo,2020,"Trejo, Joan",Se añadió dato traductor. Fuente: catálogo de la Biblioteca del Poder Legislativo.
"Rajchman, Chil",No hay datos,http://viaf.org/viaf/85948781,Fragmentos de Un grito por la vida,yid,Yiddish,No hay datos,Montevideo,Proyecto Shoá,2020,No hay datos,Se recuperó lengua fuente (yiddish)./ Fuente del dato Ciudad no oficial
"Camilleri, Andrea",No hay datos,http://viaf.org/viaf/68987008,Ejercicios de memoria,ita,Italiano,9789915652528,Montevideo,Salamandra,2020,"Mayor, Carlos",Se añadió dato traductor. Fuente: catálogo de la Biblioteca del Poder Legislativo.
"Akyürek, Engin",No hay datos,http://viaf.org/viaf/13398879,Silencio,tur,Turco,9789974871557,Montevideo,MC,2020,"Etxeberría, Gaizka",Se recuperó lengua fuente (turco)./ Se añadió dato traductor. Fuente: catálogo de la Biblioteca del Poder Legislativo./ Fuente del dato Ciudad no oficial
"Mello, Thiago de",No hay datos,http://viaf.org/viaf/88141109,Horóscopo,por,Portugués,9789974876194,Montevideo,Solazul,2020,"Techeira, Diego",Se añadió dato traductor. Fuente: catálogo de la Biblioteca del Poder Legislativo./ Fuente del dato Ciudad no oficial
"Hlad, Alan",No hay datos,http://viaf.org/viaf/9156218386404740516,El largo camino a casa / Alan Hlad; traducción de Montse Triviño,eng,Inglés,9789974907249,Montevideo,Espasa,2020,"Triviño, Montserrat","Se añadió dato traductor. Fuente: BN campo Título y Valor y catálogo de la Biblioteca del Poder Legislativo.
"
"Steel, Danielle",No hay datos,http://viaf.org/viaf/100238676,Una noche mágica / Danielle Steel ; traducción de Nieves Calvino,eng,Inglés,9789563254389,Montevideo,Debolsillo,2020,"Calvino, Nieves",Se añadió dato traductor. Fuente: BN campo Título y Valor. 
"Steel, Danielle",No hay datos,http://viaf.org/viaf/100238676,Traicionada / Danielle Steel ; traducción de Nieves Nueno,eng,Inglés,9789563254396,Montevideo,Debolsillo,2020,"Nueno, Nieves","Se añadió dato traductor. Fuente: BN campo Título y Valor y catálogo de la Biblioteca del Poder Legislativo.
"
"Steel, Danielle",No hay datos,http://viaf.org/viaf/100238676,Siempre amigos / Danielle Steel ; traducción de Nieves Nuero,eng,Inglés,9789563254433,Montevideo,Debolsillo,2020,"Nueno, Nieves","Se añadió dato traductor. Fuente: BN campo Título y Valor. 
"
"Steel, Danielle",No hay datos,http://viaf.org/viaf/100238676,La rueda del deseo / Danielle Steel ; traducción de María Antonia Menini,eng,Inglés,9789563254471,Montevideo,Debolsillo,2020,"Menini, María Antonia","Se añadió dato traductor. Fuente: BN campo Título y Valor y catálogo de la Biblioteca del Poder Legislativo.
"
"Steel, Danielle",No hay datos,http://viaf.org/viaf/100238676,Hermanas / Danielle Steel ; traducción de Julieta Yelin,eng,Inglés,9789563254457,Montevideo,Debolsillo,2020,"Yelin, Julieta","Se añadió dato traductor. Fuente: BN campo Título y Valor y catálogo de la Biblioteca del Poder Legislativo.
"
"Steel, Danielle",No hay datos,http://viaf.org/viaf/100238676,Una cruel bendición / Danielle Steel ; José Manuel Pomares,eng,Inglés,9789563254440,Montevideo,Debolsillo,2020,"Pomares, José Manuel","Se añadió dato traductor. Fuente: BN campo Título y Valor y catálogo de la Biblioteca del Poder Legislativo.
"
"Steel, Danielle",No hay datos,http://viaf.org/viaf/100238676,Blue / Danielle Steel ; traducción de Inés Belaustegui Trías,eng,Inglés,9789563254419,Montevideo,Debolsillo,2020,"Belaustegui Trías, Inés",Se añadió dato traductor. Fuente: BN campo Título y Valor. 
"Mc Cullers, Carson","Smith, Lula Carson",http://viaf.org/viaf/95151447,Frankie y la boda / Carson Mccullers; Traducción y prólogo de Rosario Peyrou,eng,Inglés,978997411691,Montevideo,Ediciones de Banda Oriental,2020,"Peyrou, Rosario",Se añadió dato traductor. Fuente: BN campo Título y Valor. 
No hay datos,No hay datos,http://viaf.org/viaf/7717760,En tiempos de contagio / Paolo Giordano; traducción Nicolás Pastor Durán,ita,Italiano,9789974903890,Montevideo,Penguin Random House,2020,"Pastor Durán, Nicolás","Se añadió dato traductor. Fuente: BN campo Título y Valor y catálogo de la Biblioteca del Poder Legislativo.
"
"Camus, Albert",No hay datos,http://viaf.org/viaf/97000332,La Peste / Albert Camus; traducción Rosa Chacel,fre,Francés,9789974903906,Montevideo,Penguin Random House,2020,"Chacel, Rosa","Se añadió dato traductor. Fuente: BN campo Título y Valor y catálogo de la Biblioteca del Poder Legislativo.
"
"Farrokhzad, Athena",No hay datos,http://viaf.org/viaf/144808000,Blanco de blanco / Athena Farrokhzad; traducción Lalo Barrubia,Sueco,Sueco,9789974890640,Montevideo,Yaugurú,2020,"Barrubia, Lalo pseudónimo de María del Rosario González",Se rectificó lengua fuente de alemán a sueco./ Se añadió dato traductor. Fuente: BN campo Título y Valor. 
"Nemirovsky, Irene",No hay datos,http://viaf.org/viaf/66484425,El baile [y] las moscas del otoño / Irène Némirovsky,fre,Francés,9789974111707,Montevideo,Ediciones de Banda Oriental,2020,No hay datos,Se rectificó lengua fuente de ruso a francés. 
"Frank, Anne",No hay datos,http://viaf.org/viaf/27064673,El diario de Ana Frank / Ana Frank ; estudio preliminar Claudio Zeiger,dut,Neerlandés,9789974840560,Montevideo,Flor Negra,2020,No hay datos,Se rectificó lengua fuente de alemán a neerlandés.
"Camilleri, Andrea",No hay datos,http://viaf.org/viaf/68987008,Tirar del hilo / Andrea Camilleri ; traductor Carlos Mayor,ita,Italiano,9789974903920,Montevideo,Penguin Random House,2020,"Mayor, Carlos","Se añadió dato traductor. Fuente: BN campo Título y catálogo de la Biblioteca del Poder Legislativo.
"
"Beauvoir, Simone de",No hay datos,http://viaf.org/viaf/2466221,Las inseparables / Simone de Beauvoir ; epílogo de Sylvie Le Bon de Beauvoir ; traducción del francés de María Teresa Gallego Urrutia y Amaya García Gallego,fre,Francés,9789915652429,Montevideo,Lumen,2020,"Gallego Urrutia, María Teresa|García Gallego, Amaya",Se añadió dato traductor. Fuente: BN campo Título. 
"Coelho, Paulo",No hay datos,http://viaf.org/viaf/52700,Manual del guerrero de la luz / Paulo Coelho; traducción de Montserrat Mira,por,Portugués,9789915654492,Montevideo,Planeta,2020,"Mira, Montserrat",Se añadió dato traductor. Fuente: BN campo Título  y catálogo de la Biblioteca del Poder Legislativo.
"Mansfield, Katherine",No hay datos,http://viaf.org/viaf/41843502,Felicidad : y otros cuentos / Katherine Mansfield,eng,Inglés,9789974111714,Montevideo,Ediciones de Banda Oriental,2020,No hay datos,No hay datos
"Albornoz Neves, Thomaz",No hay datos,http://viaf.org/viaf/66368822,"A la espera de uno igual / Thomaz Albornoz Neves; traducción Blanca Varela, Rodolfo Alonso; prólogo y traducción Rafael Courtoisie",por,Portugués,9789974890626,Montevideo,Yaugurú,2020,"Varela, Blanca|Alonso, Rodolfo|Courtoisie, Rafael",Se añadió dato traductor. Fuente: BN campo Título  y catálogo de la Biblioteca del Poder Legislativo.
"Schwab, V. E.","Schwab, Victoria",http://viaf.org/viaf/2148874444349621260,La vida invisible de Addie Larue / V.E. Schwab,eng,Inglés,9789974866928,Montevideo,Urano,2021,No hay datos,No hay datos
"Camilleri, Andrea",No hay datos,http://viaf.org/viaf/68987008,El rey campesino / Andrea Camilleri,ita,Italiano,978915654621,Montevideo,Destino,2021,No hay datos,No hay datos
"Abimorad, Hebert",No hay datos,http://viaf.org/viaf/96744556,[Un encuentro con poetas suecas] / Edith Södergran ; Karin Boye ; Agnes von Krusenstjerna ; traducción y selección Hebert Abimorad ; epílogo Gerardo Ciancio,Sueco,Sueco,9789915656205,Montevideo,Yaugurú,2021,"Abimorad, Hebert",Es antología. Figura el traductor y antologador como autor./ Se rectificó lengua fuente de alemán a sueco./ Se añadió dato traductor. Fuente: BN campo Título. 
"Camilleri, Andrea",No hay datos,http://viaf.org/viaf/68987008,La red de protección / Andrea Camilleri,ita,Italiano,9789915652962,Montevideo,Penguin Random House,2021,No hay datos,No hay datos
"Katzenbach, John",No hay datos,http://viaf.org/viaf/86864908,El profesor / John Katzenbach,eng,Inglés,9789876279260,Montevideo,Penguin Random House,2021,No hay datos,No hay datos
"Zweig, Stefan",No hay datos,http://viaf.org/viaf/19685936,Novela de ajedrez y dos cuentos más / Stefan Zweig; prólogo Milton Fornaro,ger,Alemán,9789974112230,Montevideo,Ediciones de Banda Oriental,2021,No hay datos,No hay datos
"Silvera, Adam",No hay datos,http://viaf.org/viaf/22148120868994792709,Al final mueren los dos / Adam Silvera; traducción Antonio Padilla Esteban,eng,Inglés,9789974866911,Montevideo,Urano,2021,"Padilla Esteban, Antonio",Se añadió dato traductor. Fuente: BN campo Título y Valor y catálogo de la Biblioteca del Poder Legislativo.
"Hjorth, Michael",No hay datos,http://viaf.org/viaf/250684618,"Crímenes duplicados / Michael Hjorth, Hans Rosenfeldt ; traducción Claudia Conde",Sueco,Sueco,9789915657936,Montevideo,Planeta,2021,"Conde, Claudia",Se rectificó lengua fuente de alemán a sueco./ Se añadió dato traductor. Fuente: BN campo Título y Valor.
"Foenkinos, David",No hay datos,http://viaf.org/viaf/87834470,La familia Martin / David Foenkinos ; traducción del francés María Teresa Gallego Urrutia y Amaya García Gallego,fre,Francés,9789915659978,Montevideo,Alfaguara,2021,"Gallego Urrutia, María Teresa|García Gallego, Amaya",Se añadió dato traductor. Fuente: BN campo Título y Valor.
"Rosenfeldt, Hans",No hay datos,http://viaf.org/viaf/147162083,Verano de lobos / Hans Rosenfeldt ; traducción Pontus Sánchez,Sueco,Sueco,9789915657776,Montevideo,Planeta,2021,"Sánchez, Pontus",Se rectifició lengua fuente de alemán a sueco./ Se añadió dato traductor. Fuente: BN campo Título y Valor. 
"Garber, Stephanie",No hay datos,http://viaf.org/viaf/159148207864400342444,Caraval / Stephanie Garber,eng,Inglés,9789974866973,Montevideo,Urano,2021,No hay datos,No hay datos
"Jorge, Lídia",No hay datos,http://viaf.org/viaf/84492779,La instrumentalina / Lídia Jorge; prólogo Milton Fornaro,por,Portugués,9789974112476,Montevideo,Ediciones de Banda Oriental,2021,No hay datos,No hay datos
"Hawkins, Paula",No hay datos,http://viaf.org/viaf/14277202,A fuego lento / Paula Hawkins ; traducción Aleix Montoto,eng,Inglés,9789974657561,Montevideo,Planeta,2021,"Montoto, Aleix",Se añadió dato traductor. Fuente: BN campo Título.
"Reid, Taylor Jenkins",No hay datos,http://viaf.org/viaf/316755695,Los siete maridos de Evelyn Hugo / Taylor Jenkins Reid,eng,Inglés,9789974866942,Montevideo,Urano,2021,No hay datos,No hay datos
"Katzenbach, John",No hay datos,http://viaf.org/viaf/86864908,El club de los psicópatas / John Katzenbach,eng,Inglés,9789974895522,Montevideo,Penguin Random House,2021,No hay datos,No hay datos
"Feldman, Deborah",No hay datos,http://viaf.org/viaf/166533975,Exodus : mi viaje poco ortodoxo a Berlín / Deborah Feldman,eng,Inglés,9789915664101,Montevideo,Penguin Random House,2021,No hay datos,No hay datos
"Natt och Dag, Niklas",No hay datos,http://viaf.org/viaf/184150747077016301627,1794 / Niklas Natt och Dag; traductor Pontus Sánchez,Sueco,Sueco,9789915652955,Montevideo,Penguin Random House,2021,"Sánchez, Pontus",Se rectificó lengua fuente de alemán a sueco./ Se añadió dato traductor. Fuente: BN campo Título.
"Mahurin, Shelby",No hay datos,http://viaf.org/viaf/37156809528945121836,Dioses y monstruos : Asesino de Brujas / Shelby Mahurin; traducción Guiomar Manso,eng,Inglés,9789974866966,Montevideo,Urano,2021,"Manso, Guiomar",Se añadió dato traductor. Fuente: BN campo Título.
"Follett, Ken",No hay datos,http://viaf.org/viaf/64005683,"Nunca / Ken Follett ; traducción de Ana Isabel Sánchez Díez, Raúl Sastre Letona, José Serra Marín",eng,Inglés,9789915664279,Montevideo,Plaza & Janés,2021,"Sánchez Díez, Ana Isabel|Sastre Letona, Raúl|Serra Marín, José",Se añadió dato traductor. Fuente: BN campo Título.
"Saint-Exupéry, Antoine de",No hay datos,http://viaf.org/viaf/93810507,El Principito / Antoine de Saint-Exupéry,fre,Francés,9789974729629,Montevideo,Planeta,2021,No hay datos,No hay datos
"Colette, Sidonie Gabrielle",No hay datos,http://viaf.org/viaf/68937443,Dúo / Colette,fre,Francés,9789974879614,Montevideo,Faro,2021,No hay datos,No hay datos
"Akyürek, Engin",No hay datos,http://viaf.org/viaf/13398879,Silencio / Engin Akyürek,tur,Turco,9789974871557,Montevideo,MC,2021,No hay datos,No hay datos
"Korn, Carmen",No hay datos,http://viaf.org/viaf/64841433,Tiempo de mujeres : hijas de una nueva era II / Carmen Korn ; traducción de María José Pérez,ger,Alemán,9789915654966,Montevideo,Planeta,2021,"Pérez, María José",Se añadió dato traductor. Fuente: BN campo Título.
"King, Stephen",No hay datos,http://viaf.org/viaf/97113511,Billy Summers / Stephen King,eng,Inglés,9789915659985,Montevideo,Penguin Random House,2021,No hay datos,No hay datos
"Finn, A.J.","Mallory, Daniel",http://viaf.org/viaf/374149196337074790096,La mujer en la ventana / A.J. Finn,eng,Inglés,9789915659282,Montevideo,Penguin Random House,2021,No hay datos,No hay datos
"Smith, Keri",No hay datos,http://viaf.org/viaf/120402045,Destroza este diario / Keri Smith,eng,Inglés,9789974898769,Montevideo,Planeta,2021,No hay datos,No hay datos
"Tevis, Walter",No hay datos,http://viaf.org/viaf/100269675,Gambito de dama,eng,Inglés,9789915632764,Montevideo,Alfaguara,2021,"Marin, Rafael","Se añadió dato traductor. Fuente: catálogo de la Biblioteca del Poder Legislativo.

"
"Hannah, Kristin",No hay datos,http://viaf.org/viaf/85341375,El baile de las luciérnagas,eng,Inglés,9789915652979,Montevideo,Debolsillo,2021,"Vidal, Laura","Se añadió dato traductor. Fuente: catálogo de la Biblioteca del Poder Legislativo. Fuente del dato Ciudad no oficial.


"
"Eger, Edith",No hay datos,http://viaf.org/viaf/305626477,La bailarina de Auschwitz : un inspirador testimonio de valentía y supervivencia en una Europa en guerra,eng,Inglés,9789915663203,Montevideo,Planeta,2021,"Paredes, Jorge","Se recuperó lengua fuente (inglés). / Se añadió dato traductor. Fuente: catálogo de la Biblioteca del Poder Legislativo.


"
"Benedict, Sophie","Wolff, Steffi von",http://viaf.org/viaf/2915159156319712180001,La decisión de Grace Kelly : una novela para vivir la mayor historia de amor de todos los tiempos,ger,Alemán,9789569973185,Montevideo,Espasa,2021,"Vito y Godina, Albert","Se recuperó lengua fuente (inglés). / Se añadió dato traductor. Fuente: catálogo de la Biblioteca del Poder Legislativo.


"
"Osman, Richard",No hay datos,http://viaf.org/viaf/310665412,El jueves siguiente : una novela del Club del Crimen de los Jueves,eng,Inglés,9789569973215,Montevideo,Espasa,2021,"Conde, Claudia","Se añadió dato traductor. Fuente: catálogo de la Biblioteca del Poder Legislativo.


"
"Reid, Taylor Jenkins",No hay datos,http://viaf.org/viaf/316755695,Los siete maridos de Evelyn Hugo,eng,Inglés,9789974866942,Montevideo,Umbriel,2021,"Escom, Nora","Se añadió dato traductor. Fuente: catálogo de la Biblioteca del Poder Legislativo./ Fuente del dato Ciudad no oficial


"
"Morris, Heather",No hay datos,http://viaf.org/viaf/45153530958548701963,Las tres hermanas : una novela de supervivencia y esperanza basada en una historia real,eng,Inglés,9789569978685,Montevideo,Emecé,2021,"Trujillo, Miguel","Se añadió dato traductor. Fuente: catálogo de la Biblioteca del Poder Legislativo.


"
"Eliot, T. S.",No hay datos,http://viaf.org/viaf/56609282,La tierra baldía : seguido de los hombres huecos,eng,Inglés,No hay datos,Montevideo,Solazul,2021,"Mascaró, Roberto","Se añadió dato traductor. Fuente: catálogo de la Biblioteca del Poder Legislativo./ Fuente del dato Ciudad no oficial.


"
"Despentes, Virginie",No hay datos,http://viaf.org/viaf/85525946,Teoría King Kong,fre,Francés,9789915664750,Montevideo,Penguin Random House,2021,"Preciado, Paul B. antes Preciado, Beatriz","Se añadió dato traductor. Fuente: catálogo de la Biblioteca del Poder Legislativo.


"
"Mahurin, Shelby",No hay datos,http://viaf.org/viaf/37156809528945121836,Los hijos del Rey : Asesino de brujas / Shelby Mahurin; traducción Estíbaliz Montero,eng,Inglés,9789974866997,Montevideo,Urano,2021,"Montero, Estíbaliz","Se añadió dato traductor. Fuente: BN campo Título y catálogo de la Biblioteca del Poder Legislativo.
"
"Silvera, Adam",No hay datos,http://viaf.org/viaf/22148120868994792709,Al final mueren los dos / Adam Silvera; traducción Antonio Padilla Esteban,eng,Inglés,9789974866911,Montevideo,Urano,2021,"Padilla Esteban, Antonio",Se añadió dato traductor. Fuente: BN campo Título y Valor.
"Beauvoir, Simone de",No hay datos,http://viaf.org/viaf/2466221,El segundo sexo : tomo 1 / Simone de Beauvoir; traducción Juan García Puente,fre,Francés,9789915659398,Montevideo,Lumen,2021,"García Puente, Juan","Se añadió dato traductor. Fuente: BN campo Título y Valor y catálogo de la Biblioteca del Poder Legislativo.
"
"Mahurin, Shelby",No hay datos,http://viaf.org/viaf/37156809528945121836,La Bruja blanca : Asesino de brujas / Shelby Mahurin; traducción Daniela Rocío Taboada,eng,Inglés,9789974866935,Montevideo,Urano,2021,"Taboada, Daniela Rocío",Se añadió dato traductor. Fuente: BN campo Título y Valor 
"Leblanc, Maurice",No hay datos,http://viaf.org/viaf/22144617,Arsène Lupin : caballero ladrón / Maurice Leblanc,fre,Francés,9788417821807,Montevideo,Penguin Random House,2021,"Garza, Lorenzo",Se añadió dato traductor. Fuente: catálogo de la Biblioteca del Poder Legislativo.
"Leblanc, Maurice",No hay datos,http://viaf.org/viaf/22144617,la doble vida de Arsène Lupin / Maurice Leblanc,fre,Francés,No hay datos,Montevideo,Penguin Random House,2021,"Garza, Lorenzo",Se añadió dato traductor. Fuente: catálogo de la Biblioteca del Poder Legislativo.
"Lark, Sarah","Gohl, Christiane",http://viaf.org/viaf/121254467,Allí donde nace el día / Sarah Lark,ger,Alemán,9789974895416,Montevideo,Planeta,2021,"Andrés, Susana",Se añadió dato traductor. Fuente: catálogo de la Biblioteca del Poder Legislativo.
"Leblanc, Maurice",No hay datos,http://viaf.org/viaf/22144617,Arsène Lupin : contra Herlock Sholmès / Maurice Leblanc,fre,Francés,9788417821814,Montevideo,Penguin Random House,2021,"Sordo, Enrique",Se añadió dato traductor. Fuente: catálogo de la Biblioteca del Poder Legislativo.
"Bottiglieri, Nicola",No hay datos,http://viaf.org/viaf/24835913,La tumba del nadador / Nicola Bottiglieri,ita,Italiano,9789915655253,Montevideo,Rumbo,2021,"Rossiello Ramírez, Leonardo",Se añadió dato traductor. Fuente: catálogo de la Biblioteca del Poder Legislativo.
"Hjorth, Michael",No hay datos,http://viaf.org/viaf/250684618,"Muertos prescindibles / Michael Hjorth, Hans Rosenfeldt ; traductora Claudia Conde",Sueco,Sueco,9789915657943,Montevideo,Planeta,2021,"Conde, Claudia",Se añadió dato traductor. Fuente: BN campo Título y Valor y catálogo de la Biblioteca del Poder Legislativo.
"King, Stephen",No hay datos,http://viaf.org/viaf/97113511,Después / Stephen King,eng,Inglés,9789915659312,Montevideo,Penguin Random House,2021,"Sanchez Diez, Ana Isabel",Se añadió dato traductor. Fuente: catálogo de la Biblioteca del Poder Legislativo.
"Poe, Edgar Allan",No hay datos,http://viaf.org/viaf/60351476,Tres cuentos policiales / Edgar Allan Poe ; prólogo de Milton Fornaro,eng,Inglés,9789974112292,Montevideo,Ediciones de Banda Oriental,2021,No hay datos,Fuente del dato Año no oficial.
